2025-10-11 14:27:21,284 [INFO] backtest.engine: run_complete symbol=AAPL trades=10 entries=10 exits=10 buffer_blocks=0 persistence_blocks=0 delay_bars=0 costs_enabled=True
2025-10-11 14:27:21,305 [INFO] backtest.engine: run_complete symbol=MSFT trades=11 entries=11 exits=11 buffer_blocks=0 persistence_blocks=0 delay_bars=0 costs_enabled=True
2025-10-11 14:27:21,327 [INFO] backtest.engine: run_complete symbol=AMZN trades=12 entries=12 exits=12 buffer_blocks=0 persistence_blocks=0 delay_bars=0 costs_enabled=True
2025-10-11 14:27:21,347 [INFO] backtest.engine: run_complete symbol=GOOG trades=13 entries=13 exits=13 buffer_blocks=0 persistence_blocks=0 delay_bars=0 costs_enabled=True
2025-10-11 14:27:21,369 [INFO] backtest.engine: run_complete symbol=META trades=15 entries=15 exits=15 buffer_blocks=0 persistence_blocks=0 delay_bars=0 costs_enabled=True
2025-10-11 14:27:22,185 [INFO] backtest.engine: run_complete symbol=AAPL trades=18 entries=18 exits=18 buffer_blocks=0 persistence_blocks=0 delay_bars=0 costs_enabled=True
2025-10-11 14:27:22,186 [INFO] backtest.engine: run_complete symbol=AAPL trades=17 entries=17 exits=17 buffer_blocks=0 persistence_blocks=0 delay_bars=0 costs_enabled=True
2025-10-11 14:27:22,188 [INFO] backtest.engine: run_complete symbol=AAPL trades=21 entries=21 exits=21 buffer_blocks=0 persistence_blocks=0 delay_bars=0 costs_enabled=True
2025-10-11 14:27:22,189 [INFO] backtest.engine: run_complete symbol=AAPL trades=16 entries=16 exits=16 buffer_blocks=0 persistence_blocks=0 delay_bars=0 costs_enabled=True
2025-10-11 14:27:22,198 [INFO] backtest.engine: run_complete symbol=AAPL trades=20 entries=20 exits=20 buffer_blocks=0 persistence_blocks=0 delay_bars=0 costs_enabled=True
2025-10-11 14:27:22,199 [INFO] backtest.engine: run_complete symbol=AAPL trades=18 entries=18 exits=18 buffer_blocks=0 persistence_blocks=0 delay_bars=0 costs_enabled=True
2025-10-11 14:27:22,201 [INFO] backtest.engine: run_complete symbol=AAPL trades=19 entries=19 exits=19 buffer_blocks=0 persistence_blocks=0 delay_bars=0 costs_enabled=True
2025-10-11 14:27:22,202 [INFO] backtest.engine: run_complete symbol=AAPL trades=18 entries=18 exits=18 buffer_blocks=0 persistence_blocks=0 delay_bars=0 costs_enabled=True
2025-10-11 14:27:22,224 [INFO] backtest.engine: run_complete symbol=MSFT trades=28 entries=28 exits=28 buffer_blocks=0 persistence_blocks=0 delay_bars=0 costs_enabled=True
2025-10-11 14:27:22,225 [INFO] backtest.engine: run_complete symbol=MSFT trades=32 entries=32 exits=32 buffer_blocks=0 persistence_blocks=0 delay_bars=0 costs_enabled=True
2025-10-11 14:27:22,227 [INFO] backtest.engine: run_complete symbol=MSFT trades=28 entries=28 exits=28 buffer_blocks=0 persistence_blocks=0 delay_bars=0 costs_enabled=True
2025-10-11 14:27:22,228 [INFO] backtest.engine: run_complete symbol=MSFT trades=32 entries=32 exits=32 buffer_blocks=0 persistence_blocks=0 delay_bars=0 costs_enabled=True
2025-10-11 14:27:22,237 [INFO] backtest.engine: run_complete symbol=MSFT trades=30 entries=30 exits=30 buffer_blocks=0 persistence_blocks=0 delay_bars=0 costs_enabled=True
2025-10-11 14:27:22,239 [INFO] backtest.engine: run_complete symbol=MSFT trades=29 entries=29 exits=29 buffer_blocks=0 persistence_blocks=0 delay_bars=0 costs_enabled=True
2025-10-11 14:27:22,240 [INFO] backtest.engine: run_complete symbol=MSFT trades=30 entries=30 exits=30 buffer_blocks=0 persistence_blocks=0 delay_bars=0 costs_enabled=True
2025-10-11 14:27:22,240 [INFO] backtest.engine: run_complete symbol=MSFT trades=31 entries=31 exits=31 buffer_blocks=0 persistence_blocks=0 delay_bars=0 costs_enabled=True
2025-10-11 14:27:22,260 [INFO] backtest.engine: run_complete symbol=AMZN trades=15 entries=15 exits=15 buffer_blocks=0 persistence_blocks=0 delay_bars=0 costs_enabled=True
2025-10-11 14:27:22,261 [INFO] backtest.engine: run_complete symbol=AMZN trades=16 entries=16 exits=16 buffer_blocks=0 persistence_blocks=0 delay_bars=0 costs_enabled=True
2025-10-11 14:27:22,263 [INFO] backtest.engine: run_complete symbol=AMZN trades=16 entries=16 exits=16 buffer_blocks=0 persistence_blocks=0 delay_bars=0 costs_enabled=True
2025-10-11 14:27:22,265 [INFO] backtest.engine: run_complete symbol=AMZN trades=22 entries=22 exits=22 buffer_blocks=0 persistence_blocks=0 delay_bars=0 costs_enabled=True
2025-10-11 14:27:22,273 [INFO] backtest.engine: run_complete symbol=AMZN trades=16 entries=16 exits=16 buffer_blocks=0 persistence_blocks=0 delay_bars=0 costs_enabled=True
2025-10-11 14:27:22,275 [INFO] backtest.engine: run_complete symbol=AMZN trades=15 entries=15 exits=15 buffer_blocks=0 persistence_blocks=0 delay_bars=0 costs_enabled=True
2025-10-11 14:27:22,276 [INFO] backtest.engine: run_complete symbol=AMZN trades=15 entries=15 exits=15 buffer_blocks=0 persistence_blocks=0 delay_bars=0 costs_enabled=True
2025-10-11 14:27:22,276 [INFO] backtest.engine: run_complete symbol=AMZN trades=14 entries=14 exits=14 buffer_blocks=0 persistence_blocks=0 delay_bars=0 costs_enabled=True
2025-10-11 14:27:22,298 [INFO] backtest.engine: run_complete symbol=GOOG trades=22 entries=22 exits=22 buffer_blocks=0 persistence_blocks=0 delay_bars=0 costs_enabled=True
2025-10-11 14:27:22,299 [INFO] backtest.engine: run_complete symbol=GOOG trades=22 entries=23 exits=22 buffer_blocks=0 persistence_blocks=0 delay_bars=0 costs_enabled=True
2025-10-11 14:27:22,301 [INFO] backtest.engine: run_complete symbol=GOOG trades=22 entries=23 exits=22 buffer_blocks=0 persistence_blocks=0 delay_bars=0 costs_enabled=True
2025-10-11 14:27:22,302 [INFO] backtest.engine: run_complete symbol=GOOG trades=27 entries=27 exits=27 buffer_blocks=0 persistence_blocks=0 delay_bars=0 costs_enabled=True
2025-10-11 14:27:22,310 [INFO] backtest.engine: run_complete symbol=GOOG trades=20 entries=21 exits=20 buffer_blocks=0 persistence_blocks=0 delay_bars=0 costs_enabled=True
2025-10-11 14:27:22,313 [INFO] backtest.engine: run_complete symbol=GOOG trades=23 entries=24 exits=23 buffer_blocks=0 persistence_blocks=0 delay_bars=0 costs_enabled=True
2025-10-11 14:27:22,313 [INFO] backtest.engine: run_complete symbol=GOOG trades=24 entries=24 exits=24 buffer_blocks=0 persistence_blocks=0 delay_bars=0 costs_enabled=True
2025-10-11 14:27:22,314 [INFO] backtest.engine: run_complete symbol=GOOG trades=23 entries=23 exits=23 buffer_blocks=0 persistence_blocks=0 delay_bars=0 costs_enabled=True
2025-10-11 14:27:22,335 [INFO] backtest.engine: run_complete symbol=META trades=22 entries=22 exits=22 buffer_blocks=0 persistence_blocks=0 delay_bars=0 costs_enabled=True
2025-10-11 14:27:22,336 [INFO] backtest.engine: run_complete symbol=META trades=24 entries=24 exits=24 buffer_blocks=0 persistence_blocks=0 delay_bars=0 costs_enabled=True
2025-10-11 14:27:22,339 [INFO] backtest.engine: run_complete symbol=META trades=22 entries=22 exits=22 buffer_blocks=0 persistence_blocks=0 delay_bars=0 costs_enabled=True
2025-10-11 14:27:22,340 [INFO] backtest.engine: run_complete symbol=META trades=27 entries=27 exits=27 buffer_blocks=0 persistence_blocks=0 delay_bars=0 costs_enabled=True
2025-10-11 14:27:22,348 [INFO] backtest.engine: run_complete symbol=META trades=23 entries=23 exits=23 buffer_blocks=0 persistence_blocks=0 delay_bars=0 costs_enabled=True
2025-10-11 14:27:22,350 [INFO] backtest.engine: run_complete symbol=META trades=22 entries=22 exits=22 buffer_blocks=0 persistence_blocks=0 delay_bars=0 costs_enabled=True
2025-10-11 14:27:22,350 [INFO] backtest.engine: run_complete symbol=META trades=24 entries=24 exits=24 buffer_blocks=0 persistence_blocks=0 delay_bars=0 costs_enabled=True
2025-10-11 14:27:22,351 [INFO] backtest.engine: run_complete symbol=META trades=25 entries=25 exits=25 buffer_blocks=0 persistence_blocks=0 delay_bars=0 costs_enabled=True
2025-10-11 14:27:22,361 [INFO] backtest.engine: run_complete symbol=AAPL trades=12 entries=12 exits=12 buffer_blocks=0 persistence_blocks=0 delay_bars=0 costs_enabled=True
2025-10-11 14:27:22,361 [INFO] backtest.engine: run_complete symbol=AAPL trades=10 entries=10 exits=10 buffer_blocks=0 persistence_blocks=0 delay_bars=0 costs_enabled=True
2025-10-11 14:27:22,363 [INFO] backtest.engine: run_complete symbol=AAPL trades=11 entries=11 exits=11 buffer_blocks=0 persistence_blocks=0 delay_bars=0 costs_enabled=True
2025-10-11 14:27:22,366 [INFO] backtest.engine: run_complete symbol=AAPL trades=15 entries=15 exits=15 buffer_blocks=0 persistence_blocks=0 delay_bars=0 costs_enabled=True
2025-10-11 14:27:22,373 [INFO] backtest.engine: run_complete symbol=AAPL trades=11 entries=11 exits=11 buffer_blocks=0 persistence_blocks=0 delay_bars=0 costs_enabled=True
2025-10-11 14:27:22,375 [INFO] backtest.engine: run_complete symbol=AAPL trades=10 entries=10 exits=10 buffer_blocks=0 persistence_blocks=0 delay_bars=0 costs_enabled=True
2025-10-11 14:27:22,375 [INFO] backtest.engine: run_complete symbol=AAPL trades=10 entries=10 exits=10 buffer_blocks=0 persistence_blocks=0 delay_bars=0 costs_enabled=True
2025-10-11 14:27:22,376 [INFO] backtest.engine: run_complete symbol=AAPL trades=11 entries=11 exits=11 buffer_blocks=0 persistence_blocks=0 delay_bars=0 costs_enabled=True
2025-10-11 14:27:22,382 [INFO] backtest.engine: run_complete symbol=MSFT trades=11 entries=11 exits=11 buffer_blocks=0 persistence_blocks=0 delay_bars=0 costs_enabled=True
2025-10-11 14:27:22,382 [INFO] backtest.engine: run_complete symbol=MSFT trades=10 entries=10 exits=10 buffer_blocks=0 persistence_blocks=0 delay_bars=0 costs_enabled=True
2025-10-11 14:27:22,385 [INFO] backtest.engine: run_complete symbol=MSFT trades=10 entries=10 exits=10 buffer_blocks=0 persistence_blocks=0 delay_bars=0 costs_enabled=True
2025-10-11 14:27:22,388 [INFO] backtest.engine: run_complete symbol=MSFT trades=12 entries=12 exits=12 buffer_blocks=0 persistence_blocks=0 delay_bars=0 costs_enabled=True
2025-10-11 14:27:22,394 [INFO] backtest.engine: run_complete symbol=MSFT trades=11 entries=11 exits=11 buffer_blocks=0 persistence_blocks=0 delay_bars=0 costs_enabled=True
2025-10-11 14:27:22,394 [INFO] backtest.engine: run_complete symbol=MSFT trades=10 entries=10 exits=10 buffer_blocks=0 persistence_blocks=0 delay_bars=0 costs_enabled=True
2025-10-11 14:27:22,396 [INFO] backtest.engine: run_complete symbol=MSFT trades=10 entries=10 exits=10 buffer_blocks=0 persistence_blocks=0 delay_bars=0 costs_enabled=True
2025-10-11 14:27:22,398 [INFO] backtest.engine: run_complete symbol=MSFT trades=13 entries=13 exits=13 buffer_blocks=0 persistence_blocks=0 delay_bars=0 costs_enabled=True
2025-10-11 14:27:22,404 [INFO] backtest.engine: run_complete symbol=AMZN trades=11 entries=11 exits=11 buffer_blocks=0 persistence_blocks=0 delay_bars=0 costs_enabled=True
2025-10-11 14:27:22,404 [INFO] backtest.engine: run_complete symbol=AMZN trades=12 entries=12 exits=12 buffer_blocks=0 persistence_blocks=0 delay_bars=0 costs_enabled=True
2025-10-11 14:27:22,407 [INFO] backtest.engine: run_complete symbol=AMZN trades=12 entries=12 exits=12 buffer_blocks=0 persistence_blocks=0 delay_bars=0 costs_enabled=True
2025-10-11 14:27:22,409 [INFO] backtest.engine: run_complete symbol=AMZN trades=11 entries=11 exits=11 buffer_blocks=0 persistence_blocks=0 delay_bars=0 costs_enabled=True
2025-10-11 14:27:22,414 [INFO] backtest.engine: run_complete symbol=AMZN trades=10 entries=10 exits=10 buffer_blocks=0 persistence_blocks=0 delay_bars=0 costs_enabled=True
2025-10-11 14:27:22,415 [INFO] backtest.engine: run_complete symbol=AMZN trades=11 entries=11 exits=11 buffer_blocks=0 persistence_blocks=0 delay_bars=0 costs_enabled=True
2025-10-11 14:27:22,418 [INFO] backtest.engine: run_complete symbol=AMZN trades=11 entries=11 exits=11 buffer_blocks=0 persistence_blocks=0 delay_bars=0 costs_enabled=True
2025-10-11 14:27:22,419 [INFO] backtest.engine: run_complete symbol=AMZN trades=12 entries=12 exits=12 buffer_blocks=0 persistence_blocks=0 delay_bars=0 costs_enabled=True
2025-10-11 14:27:22,424 [INFO] backtest.engine: run_complete symbol=GOOG trades=13 entries=13 exits=13 buffer_blocks=0 persistence_blocks=0 delay_bars=0 costs_enabled=True
2025-10-11 14:27:22,426 [INFO] backtest.engine: run_complete symbol=GOOG trades=14 entries=14 exits=14 buffer_blocks=0 persistence_blocks=0 delay_bars=0 costs_enabled=True
2025-10-11 14:27:22,428 [INFO] backtest.engine: run_complete symbol=GOOG trades=13 entries=13 exits=13 buffer_blocks=0 persistence_blocks=0 delay_bars=0 costs_enabled=True
2025-10-11 14:27:22,430 [INFO] backtest.engine: run_complete symbol=GOOG trades=11 entries=11 exits=11 buffer_blocks=0 persistence_blocks=0 delay_bars=0 costs_enabled=True
2025-10-11 14:27:22,436 [INFO] backtest.engine: run_complete symbol=GOOG trades=11 entries=11 exits=11 buffer_blocks=0 persistence_blocks=0 delay_bars=0 costs_enabled=True
2025-10-11 14:27:22,436 [INFO] backtest.engine: run_complete symbol=GOOG trades=13 entries=13 exits=13 buffer_blocks=0 persistence_blocks=0 delay_bars=0 costs_enabled=True
2025-10-11 14:27:22,439 [INFO] backtest.engine: run_complete symbol=GOOG trades=11 entries=11 exits=11 buffer_blocks=0 persistence_blocks=0 delay_bars=0 costs_enabled=True
2025-10-11 14:27:22,441 [INFO] backtest.engine: run_complete symbol=GOOG trades=14 entries=14 exits=14 buffer_blocks=0 persistence_blocks=0 delay_bars=0 costs_enabled=True
2025-10-11 14:27:22,446 [INFO] backtest.engine: run_complete symbol=META trades=14 entries=14 exits=14 buffer_blocks=0 persistence_blocks=0 delay_bars=0 costs_enabled=True
2025-10-11 14:27:22,448 [INFO] backtest.engine: run_complete symbol=META trades=14 entries=14 exits=14 buffer_blocks=0 persistence_blocks=0 delay_bars=0 costs_enabled=True
2025-10-11 14:27:22,451 [INFO] backtest.engine: run_complete symbol=META trades=14 entries=14 exits=14 buffer_blocks=0 persistence_blocks=0 delay_bars=0 costs_enabled=True
2025-10-11 14:27:22,453 [INFO] backtest.engine: run_complete symbol=META trades=18 entries=18 exits=18 buffer_blocks=0 persistence_blocks=0 delay_bars=0 costs_enabled=True
2025-10-11 14:27:22,457 [INFO] backtest.engine: run_complete symbol=META trades=15 entries=15 exits=15 buffer_blocks=0 persistence_blocks=0 delay_bars=0 costs_enabled=True
2025-10-11 14:27:22,458 [INFO] backtest.engine: run_complete symbol=META trades=13 entries=13 exits=13 buffer_blocks=0 persistence_blocks=0 delay_bars=0 costs_enabled=True
2025-10-11 14:27:22,461 [INFO] backtest.engine: run_complete symbol=META trades=15 entries=15 exits=15 buffer_blocks=0 persistence_blocks=0 delay_bars=0 costs_enabled=True
2025-10-11 14:27:22,462 [INFO] backtest.engine: run_complete symbol=META trades=14 entries=14 exits=14 buffer_blocks=0 persistence_blocks=0 delay_bars=0 costs_enabled=True
2025-10-11 14:27:22,484 [INFO] backtest.engine: run_complete symbol=AAPL trades=17 entries=17 exits=17 buffer_blocks=0 persistence_blocks=0 delay_bars=0 costs_enabled=True
2025-10-11 14:27:22,486 [INFO] backtest.engine: run_complete symbol=AAPL trades=19 entries=19 exits=19 buffer_blocks=0 persistence_blocks=0 delay_bars=0 costs_enabled=True
2025-10-11 14:27:22,489 [INFO] backtest.engine: run_complete symbol=AAPL trades=22 entries=22 exits=22 buffer_blocks=0 persistence_blocks=0 delay_bars=0 costs_enabled=True
2025-10-11 14:27:22,490 [INFO] backtest.engine: run_complete symbol=AAPL trades=18 entries=18 exits=18 buffer_blocks=0 persistence_blocks=0 delay_bars=0 costs_enabled=True
2025-10-11 14:27:22,497 [INFO] backtest.engine: run_complete symbol=AAPL trades=29 entries=29 exits=29 buffer_blocks=0 persistence_blocks=0 delay_bars=0 costs_enabled=True
2025-10-11 14:27:22,500 [INFO] backtest.engine: run_complete symbol=AAPL trades=48 entries=48 exits=48 buffer_blocks=0 persistence_blocks=0 delay_bars=0 costs_enabled=True
2025-10-11 14:27:22,500 [INFO] backtest.engine: run_complete symbol=AAPL trades=18 entries=18 exits=18 buffer_blocks=0 persistence_blocks=0 delay_bars=0 costs_enabled=True
2025-10-11 14:27:22,502 [INFO] backtest.engine: run_complete symbol=AAPL trades=39 entries=39 exits=39 buffer_blocks=0 persistence_blocks=0 delay_bars=0 costs_enabled=True
2025-10-11 14:27:22,522 [INFO] backtest.engine: run_complete symbol=MSFT trades=32 entries=32 exits=32 buffer_blocks=0 persistence_blocks=0 delay_bars=0 costs_enabled=True
2025-10-11 14:27:22,524 [INFO] backtest.engine: run_complete symbol=MSFT trades=28 entries=28 exits=28 buffer_blocks=0 persistence_blocks=0 delay_bars=0 costs_enabled=True
2025-10-11 14:27:22,529 [INFO] backtest.engine: run_complete symbol=MSFT trades=32 entries=32 exits=32 buffer_blocks=0 persistence_blocks=0 delay_bars=0 costs_enabled=True
2025-10-11 14:27:22,530 [INFO] backtest.engine: run_complete symbol=MSFT trades=33 entries=33 exits=33 buffer_blocks=0 persistence_blocks=0 delay_bars=0 costs_enabled=True
2025-10-11 14:27:22,537 [INFO] backtest.engine: run_complete symbol=MSFT trades=39 entries=39 exits=39 buffer_blocks=0 persistence_blocks=0 delay_bars=0 costs_enabled=True
2025-10-11 14:27:22,539 [INFO] backtest.engine: run_complete symbol=MSFT trades=31 entries=31 exits=31 buffer_blocks=0 persistence_blocks=0 delay_bars=0 costs_enabled=True
2025-10-11 14:27:22,544 [INFO] backtest.engine: run_complete symbol=MSFT trades=49 entries=49 exits=49 buffer_blocks=0 persistence_blocks=0 delay_bars=0 costs_enabled=True
2025-10-11 14:27:22,545 [INFO] backtest.engine: run_complete symbol=MSFT trades=72 entries=72 exits=72 buffer_blocks=0 persistence_blocks=0 delay_bars=0 costs_enabled=True
2025-10-11 14:27:22,558 [INFO] backtest.engine: run_complete symbol=AMZN trades=14 entries=14 exits=14 buffer_blocks=0 persistence_blocks=0 delay_bars=0 costs_enabled=True
2025-10-11 14:27:22,559 [INFO] backtest.engine: run_complete symbol=AMZN trades=16 entries=16 exits=16 buffer_blocks=0 persistence_blocks=0 delay_bars=0 costs_enabled=True
2025-10-11 14:27:22,565 [INFO] backtest.engine: run_complete symbol=AMZN trades=17 entries=17 exits=17 buffer_blocks=0 persistence_blocks=0 delay_bars=0 costs_enabled=True
2025-10-11 14:27:22,566 [INFO] backtest.engine: run_complete symbol=AMZN trades=16 entries=16 exits=16 buffer_blocks=0 persistence_blocks=0 delay_bars=0 costs_enabled=True
2025-10-11 14:27:22,574 [INFO] backtest.engine: run_complete symbol=AMZN trades=22 entries=22 exits=22 buffer_blocks=0 persistence_blocks=0 delay_bars=0 costs_enabled=True
2025-10-11 14:27:22,575 [INFO] backtest.engine: run_complete symbol=AMZN trades=15 entries=15 exits=15 buffer_blocks=0 persistence_blocks=0 delay_bars=0 costs_enabled=True
2025-10-11 14:27:22,582 [INFO] backtest.engine: run_complete symbol=AMZN trades=32 entries=32 exits=32 buffer_blocks=0 persistence_blocks=0 delay_bars=0 costs_enabled=True
2025-10-11 14:27:22,586 [INFO] backtest.engine: run_complete symbol=AMZN trades=43 entries=44 exits=43 buffer_blocks=0 persistence_blocks=0 delay_bars=0 costs_enabled=True
2025-10-11 14:27:22,595 [INFO] backtest.engine: run_complete symbol=GOOG trades=22 entries=23 exits=22 buffer_blocks=0 persistence_blocks=0 delay_bars=0 costs_enabled=True
2025-10-11 14:27:22,595 [INFO] backtest.engine: run_complete symbol=GOOG trades=21 entries=21 exits=21 buffer_blocks=0 persistence_blocks=0 delay_bars=0 costs_enabled=True
2025-10-11 14:27:22,603 [INFO] backtest.engine: run_complete symbol=GOOG trades=25 entries=25 exits=25 buffer_blocks=0 persistence_blocks=0 delay_bars=0 costs_enabled=True
2025-10-11 14:27:22,604 [INFO] backtest.engine: run_complete symbol=GOOG trades=24 entries=24 exits=24 buffer_blocks=0 persistence_blocks=0 delay_bars=0 costs_enabled=True
2025-10-11 14:27:22,612 [INFO] backtest.engine: run_complete symbol=GOOG trades=32 entries=32 exits=32 buffer_blocks=0 persistence_blocks=0 delay_bars=0 costs_enabled=True
2025-10-11 14:27:22,613 [INFO] backtest.engine: run_complete symbol=GOOG trades=23 entries=23 exits=23 buffer_blocks=0 persistence_blocks=0 delay_bars=0 costs_enabled=True
2025-10-11 14:27:22,624 [INFO] backtest.engine: run_complete symbol=GOOG trades=51 entries=51 exits=51 buffer_blocks=0 persistence_blocks=0 delay_bars=0 costs_enabled=True
2025-10-11 14:27:22,629 [INFO] backtest.engine: run_complete symbol=GOOG trades=68 entries=69 exits=68 buffer_blocks=0 persistence_blocks=0 delay_bars=0 costs_enabled=True
2025-10-11 14:27:22,647 [INFO] backtest.engine: run_complete symbol=META trades=23 entries=23 exits=23 buffer_blocks=0 persistence_blocks=0 delay_bars=0 costs_enabled=True
2025-10-11 14:27:22,652 [INFO] backtest.engine: run_complete symbol=META trades=26 entries=26 exits=26 buffer_blocks=0 persistence_blocks=0 delay_bars=0 costs_enabled=True
2025-10-11 14:27:22,662 [INFO] backtest.engine: run_complete symbol=META trades=26 entries=26 exits=26 buffer_blocks=0 persistence_blocks=0 delay_bars=0 costs_enabled=True
2025-10-11 14:27:22,664 [INFO] backtest.engine: run_complete symbol=META trades=24 entries=24 exits=24 buffer_blocks=0 persistence_blocks=0 delay_bars=0 costs_enabled=True
2025-10-11 14:27:22,671 [INFO] backtest.engine: run_complete symbol=META trades=25 entries=25 exits=25 buffer_blocks=0 persistence_blocks=0 delay_bars=0 costs_enabled=True
2025-10-11 14:27:22,672 [INFO] backtest.engine: run_complete symbol=AAPL trades=10 entries=10 exits=10 buffer_blocks=0 persistence_blocks=0 delay_bars=0 costs_enabled=True
2025-10-11 14:27:22,673 [INFO] backtest.engine: run_complete symbol=META trades=33 entries=33 exits=33 buffer_blocks=0 persistence_blocks=0 delay_bars=0 costs_enabled=True
2025-10-11 14:27:22,677 [INFO] backtest.engine: run_complete symbol=AAPL trades=10 entries=10 exits=10 buffer_blocks=0 persistence_blocks=0 delay_bars=0 costs_enabled=True
2025-10-11 14:27:22,687 [INFO] backtest.engine: run_complete symbol=AAPL trades=12 entries=12 exits=12 buffer_blocks=0 persistence_blocks=0 delay_bars=0 costs_enabled=True
2025-10-11 14:27:22,688 [INFO] backtest.engine: run_complete symbol=META trades=48 entries=48 exits=48 buffer_blocks=0 persistence_blocks=0 delay_bars=0 costs_enabled=True
2025-10-11 14:27:22,690 [INFO] backtest.engine: run_complete symbol=AAPL trades=12 entries=12 exits=12 buffer_blocks=0 persistence_blocks=0 delay_bars=0 costs_enabled=True
2025-10-11 14:27:22,694 [INFO] backtest.engine: run_complete symbol=MSFT trades=10 entries=10 exits=10 buffer_blocks=0 persistence_blocks=0 delay_bars=0 costs_enabled=True
2025-10-11 14:27:22,694 [INFO] backtest.engine: run_complete symbol=META trades=64 entries=64 exits=64 buffer_blocks=0 persistence_blocks=0 delay_bars=0 costs_enabled=True
2025-10-11 14:27:22,696 [INFO] backtest.engine: run_complete symbol=AAPL trades=11 entries=11 exits=11 buffer_blocks=0 persistence_blocks=0 delay_bars=0 costs_enabled=True
2025-10-11 14:27:22,698 [INFO] backtest.engine: run_complete symbol=AAPL trades=18 entries=18 exits=18 buffer_blocks=0 persistence_blocks=0 delay_bars=0 costs_enabled=True
2025-10-11 14:27:22,698 [INFO] backtest.engine: run_complete symbol=MSFT trades=9 entries=9 exits=9 buffer_blocks=0 persistence_blocks=0 delay_bars=0 costs_enabled=True
2025-10-11 14:27:22,709 [INFO] backtest.engine: run_complete symbol=MSFT trades=11 entries=11 exits=11 buffer_blocks=0 persistence_blocks=0 delay_bars=0 costs_enabled=True
2025-10-11 14:27:22,711 [INFO] backtest.engine: run_complete symbol=MSFT trades=13 entries=13 exits=13 buffer_blocks=0 persistence_blocks=0 delay_bars=0 costs_enabled=True
2025-10-11 14:27:22,715 [INFO] backtest.engine: run_complete symbol=AAPL trades=20 entries=20 exits=20 buffer_blocks=0 persistence_blocks=0 delay_bars=0 costs_enabled=True
2025-10-11 14:27:22,715 [INFO] backtest.engine: run_complete symbol=AMZN trades=11 entries=11 exits=11 buffer_blocks=0 persistence_blocks=0 delay_bars=0 costs_enabled=True
2025-10-11 14:27:22,718 [INFO] backtest.engine: run_complete symbol=MSFT trades=13 entries=13 exits=13 buffer_blocks=0 persistence_blocks=0 delay_bars=0 costs_enabled=True
2025-10-11 14:27:22,719 [INFO] backtest.engine: run_complete symbol=MSFT trades=15 entries=15 exits=15 buffer_blocks=0 persistence_blocks=0 delay_bars=0 costs_enabled=True
2025-10-11 14:27:22,720 [INFO] backtest.engine: run_complete symbol=AMZN trades=11 entries=11 exits=11 buffer_blocks=0 persistence_blocks=0 delay_bars=0 costs_enabled=True
2025-10-11 14:27:22,722 [INFO] backtest.engine: run_complete symbol=AAPL trades=26 entries=26 exits=26 buffer_blocks=0 persistence_blocks=0 delay_bars=0 costs_enabled=True
2025-10-11 14:27:22,729 [INFO] backtest.engine: run_complete symbol=AMZN trades=12 entries=12 exits=12 buffer_blocks=0 persistence_blocks=0 delay_bars=0 costs_enabled=True
2025-10-11 14:27:22,733 [INFO] backtest.engine: run_complete symbol=AMZN trades=12 entries=12 exits=12 buffer_blocks=0 persistence_blocks=0 delay_bars=0 costs_enabled=True
2025-10-11 14:27:22,737 [INFO] backtest.engine: run_complete symbol=GOOG trades=14 entries=14 exits=14 buffer_blocks=0 persistence_blocks=0 delay_bars=0 costs_enabled=True
2025-10-11 14:27:22,737 [INFO] backtest.engine: run_complete symbol=MSFT trades=18 entries=18 exits=18 buffer_blocks=0 persistence_blocks=0 delay_bars=0 costs_enabled=True
2025-10-11 14:27:22,740 [INFO] backtest.engine: run_complete symbol=AMZN trades=12 entries=12 exits=12 buffer_blocks=0 persistence_blocks=0 delay_bars=0 costs_enabled=True
2025-10-11 14:27:22,741 [INFO] backtest.engine: run_complete symbol=GOOG trades=10 entries=10 exits=10 buffer_blocks=0 persistence_blocks=0 delay_bars=0 costs_enabled=True
2025-10-11 14:27:22,742 [INFO] backtest.engine: run_complete symbol=AMZN trades=16 entries=16 exits=16 buffer_blocks=0 persistence_blocks=0 delay_bars=0 costs_enabled=True
2025-10-11 14:27:22,745 [INFO] backtest.engine: run_complete symbol=MSFT trades=26 entries=26 exits=26 buffer_blocks=0 persistence_blocks=0 delay_bars=0 costs_enabled=True
2025-10-11 14:27:22,751 [INFO] backtest.engine: run_complete symbol=GOOG trades=13 entries=13 exits=13 buffer_blocks=0 persistence_blocks=0 delay_bars=0 costs_enabled=True
2025-10-11 14:27:22,754 [INFO] backtest.engine: run_complete symbol=GOOG trades=14 entries=14 exits=14 buffer_blocks=0 persistence_blocks=0 delay_bars=0 costs_enabled=True
2025-10-11 14:27:22,759 [INFO] backtest.engine: run_complete symbol=META trades=14 entries=14 exits=14 buffer_blocks=0 persistence_blocks=0 delay_bars=0 costs_enabled=True
2025-10-11 14:27:22,760 [INFO] backtest.engine: run_complete symbol=AMZN trades=20 entries=20 exits=20 buffer_blocks=0 persistence_blocks=0 delay_bars=0 costs_enabled=True
2025-10-11 14:27:22,762 [INFO] backtest.engine: run_complete symbol=GOOG trades=14 entries=14 exits=14 buffer_blocks=0 persistence_blocks=0 delay_bars=0 costs_enabled=True
2025-10-11 14:27:22,764 [INFO] backtest.engine: run_complete symbol=META trades=17 entries=17 exits=17 buffer_blocks=0 persistence_blocks=0 delay_bars=0 costs_enabled=True
2025-10-11 14:27:22,764 [INFO] backtest.engine: run_complete symbol=GOOG trades=20 entries=20 exits=20 buffer_blocks=0 persistence_blocks=0 delay_bars=0 costs_enabled=True
2025-10-11 14:27:22,769 [INFO] backtest.engine: run_complete symbol=AMZN trades=30 entries=30 exits=30 buffer_blocks=0 persistence_blocks=0 delay_bars=0 costs_enabled=True
2025-10-11 14:27:22,773 [INFO] backtest.engine: run_complete symbol=META trades=16 entries=16 exits=16 buffer_blocks=0 persistence_blocks=0 delay_bars=0 costs_enabled=True
2025-10-11 14:27:22,776 [INFO] backtest.engine: run_complete symbol=META trades=14 entries=14 exits=14 buffer_blocks=0 persistence_blocks=0 delay_bars=0 costs_enabled=True
2025-10-11 14:27:22,783 [INFO] backtest.engine: run_complete symbol=GOOG trades=20 entries=20 exits=20 buffer_blocks=0 persistence_blocks=0 delay_bars=0 costs_enabled=True
2025-10-11 14:27:22,784 [INFO] backtest.engine: run_complete symbol=META trades=14 entries=14 exits=14 buffer_blocks=0 persistence_blocks=0 delay_bars=0 costs_enabled=True
2025-10-11 14:27:22,786 [INFO] backtest.engine: run_complete symbol=META trades=19 entries=19 exits=19 buffer_blocks=0 persistence_blocks=0 delay_bars=0 costs_enabled=True
2025-10-11 14:27:22,793 [INFO] backtest.engine: run_complete symbol=GOOG trades=30 entries=30 exits=30 buffer_blocks=0 persistence_blocks=0 delay_bars=0 costs_enabled=True
2025-10-11 14:27:22,797 [INFO] backtest.engine: run_complete symbol=AAPL trades=20 entries=20 exits=20 buffer_blocks=0 persistence_blocks=0 delay_bars=0 costs_enabled=True
2025-10-11 14:27:22,803 [INFO] backtest.engine: run_complete symbol=AAPL trades=19 entries=19 exits=19 buffer_blocks=0 persistence_blocks=0 delay_bars=0 costs_enabled=True
2025-10-11 14:27:22,806 [INFO] backtest.engine: run_complete symbol=META trades=30 entries=30 exits=30 buffer_blocks=0 persistence_blocks=0 delay_bars=0 costs_enabled=True
2025-10-11 14:27:22,813 [INFO] backtest.engine: run_complete symbol=AAPL trades=27 entries=27 exits=27 buffer_blocks=0 persistence_blocks=0 delay_bars=0 costs_enabled=True
2025-10-11 14:27:22,814 [INFO] backtest.engine: run_complete symbol=AAPL trades=26 entries=26 exits=26 buffer_blocks=0 persistence_blocks=0 delay_bars=0 costs_enabled=True
2025-10-11 14:27:22,819 [INFO] backtest.engine: run_complete symbol=META trades=35 entries=35 exits=35 buffer_blocks=0 persistence_blocks=0 delay_bars=0 costs_enabled=True
2025-10-11 14:27:22,824 [INFO] backtest.engine: run_complete symbol=AAPL trades=30 entries=30 exits=30 buffer_blocks=0 persistence_blocks=0 delay_bars=0 costs_enabled=True
2025-10-11 14:27:22,825 [INFO] backtest.engine: run_complete symbol=AAPL trades=21 entries=21 exits=21 buffer_blocks=0 persistence_blocks=0 delay_bars=0 costs_enabled=True
2025-10-11 14:27:22,835 [INFO] backtest.engine: run_complete symbol=MSFT trades=31 entries=31 exits=31 buffer_blocks=0 persistence_blocks=0 delay_bars=0 costs_enabled=True
2025-10-11 14:27:22,840 [INFO] backtest.engine: run_complete symbol=MSFT trades=28 entries=28 exits=28 buffer_blocks=0 persistence_blocks=0 delay_bars=0 costs_enabled=True
2025-10-11 14:27:22,842 [INFO] backtest.engine: run_complete symbol=AAPL trades=17 entries=17 exits=17 buffer_blocks=0 persistence_blocks=0 delay_bars=0 costs_enabled=True
2025-10-11 14:27:22,852 [INFO] backtest.engine: run_complete symbol=MSFT trades=32 entries=32 exits=32 buffer_blocks=0 persistence_blocks=0 delay_bars=0 costs_enabled=True
2025-10-11 14:27:22,854 [INFO] backtest.engine: run_complete symbol=MSFT trades=40 entries=40 exits=40 buffer_blocks=0 persistence_blocks=0 delay_bars=0 costs_enabled=True
2025-10-11 14:27:22,856 [INFO] backtest.engine: run_complete symbol=AAPL trades=19 entries=19 exits=19 buffer_blocks=0 persistence_blocks=0 delay_bars=0 costs_enabled=True
2025-10-11 14:27:22,864 [INFO] backtest.engine: run_complete symbol=MSFT trades=30 entries=30 exits=30 buffer_blocks=0 persistence_blocks=0 delay_bars=0 costs_enabled=True
2025-10-11 14:27:22,865 [INFO] backtest.engine: run_complete symbol=MSFT trades=46 entries=46 exits=46 buffer_blocks=0 persistence_blocks=0 delay_bars=0 costs_enabled=True
2025-10-11 14:27:22,871 [INFO] backtest.engine: run_complete symbol=AMZN trades=16 entries=16 exits=16 buffer_blocks=0 persistence_blocks=0 delay_bars=0 costs_enabled=True
2025-10-11 14:27:22,875 [INFO] backtest.engine: run_complete symbol=AMZN trades=18 entries=18 exits=18 buffer_blocks=0 persistence_blocks=0 delay_bars=0 costs_enabled=True
2025-10-11 14:27:22,881 [INFO] backtest.engine: run_complete symbol=MSFT trades=31 entries=31 exits=31 buffer_blocks=0 persistence_blocks=0 delay_bars=0 costs_enabled=True
2025-10-11 14:27:22,889 [INFO] backtest.engine: run_complete symbol=AMZN trades=21 entries=21 exits=21 buffer_blocks=0 persistence_blocks=0 delay_bars=0 costs_enabled=True
2025-10-11 14:27:22,891 [INFO] backtest.engine: run_complete symbol=AMZN trades=25 entries=25 exits=25 buffer_blocks=0 persistence_blocks=0 delay_bars=0 costs_enabled=True
2025-10-11 14:27:22,894 [INFO] backtest.engine: run_complete symbol=MSFT trades=29 entries=29 exits=29 buffer_blocks=0 persistence_blocks=0 delay_bars=0 costs_enabled=True
2025-10-11 14:27:22,898 [INFO] backtest.engine: run_complete symbol=AMZN trades=15 entries=15 exits=15 buffer_blocks=0 persistence_blocks=0 delay_bars=0 costs_enabled=True
2025-10-11 14:27:22,903 [INFO] backtest.engine: run_complete symbol=AMZN trades=28 entries=28 exits=28 buffer_blocks=0 persistence_blocks=0 delay_bars=0 costs_enabled=True
2025-10-11 14:27:22,908 [INFO] backtest.engine: run_complete symbol=GOOG trades=24 entries=24 exits=24 buffer_blocks=0 persistence_blocks=0 delay_bars=0 costs_enabled=True
2025-10-11 14:27:22,913 [INFO] backtest.engine: run_complete symbol=GOOG trades=24 entries=24 exits=24 buffer_blocks=0 persistence_blocks=0 delay_bars=0 costs_enabled=True
2025-10-11 14:27:22,917 [INFO] backtest.engine: run_complete symbol=AMZN trades=17 entries=17 exits=17 buffer_blocks=0 persistence_blocks=0 delay_bars=0 costs_enabled=True
2025-10-11 14:27:22,927 [INFO] backtest.engine: run_complete symbol=GOOG trades=27 entries=27 exits=27 buffer_blocks=0 persistence_blocks=0 delay_bars=0 costs_enabled=True
2025-10-11 14:27:22,929 [INFO] backtest.engine: run_complete symbol=AMZN trades=14 entries=14 exits=14 buffer_blocks=0 persistence_blocks=0 delay_bars=0 costs_enabled=True
2025-10-11 14:27:22,931 [INFO] backtest.engine: run_complete symbol=GOOG trades=38 entries=38 exits=38 buffer_blocks=0 persistence_blocks=0 delay_bars=0 costs_enabled=True
2025-10-11 14:27:22,936 [INFO] backtest.engine: run_complete symbol=GOOG trades=25 entries=25 exits=25 buffer_blocks=0 persistence_blocks=0 delay_bars=0 costs_enabled=True
2025-10-11 14:27:22,943 [INFO] backtest.engine: run_complete symbol=GOOG trades=39 entries=39 exits=39 buffer_blocks=0 persistence_blocks=0 delay_bars=0 costs_enabled=True
2025-10-11 14:27:22,946 [INFO] backtest.engine: run_complete symbol=META trades=24 entries=24 exits=24 buffer_blocks=0 persistence_blocks=0 delay_bars=0 costs_enabled=True
2025-10-11 14:27:22,950 [INFO] backtest.engine: run_complete symbol=META trades=26 entries=26 exits=26 buffer_blocks=0 persistence_blocks=0 delay_bars=0 costs_enabled=True
2025-10-11 14:27:22,953 [INFO] backtest.engine: run_complete symbol=GOOG trades=22 entries=23 exits=22 buffer_blocks=0 persistence_blocks=0 delay_bars=0 costs_enabled=True
2025-10-11 14:27:22,965 [INFO] backtest.engine: run_complete symbol=META trades=25 entries=25 exits=25 buffer_blocks=0 persistence_blocks=0 delay_bars=0 costs_enabled=True
2025-10-11 14:27:22,966 [INFO] backtest.engine: run_complete symbol=GOOG trades=24 entries=24 exits=24 buffer_blocks=0 persistence_blocks=0 delay_bars=0 costs_enabled=True
2025-10-11 14:27:22,970 [INFO] backtest.engine: run_complete symbol=META trades=35 entries=35 exits=35 buffer_blocks=0 persistence_blocks=0 delay_bars=0 costs_enabled=True
2025-10-11 14:27:22,971 [INFO] backtest.engine: run_complete symbol=AAPL trades=12 entries=12 exits=12 buffer_blocks=0 persistence_blocks=0 delay_bars=0 costs_enabled=True
2025-10-11 14:27:22,974 [INFO] backtest.engine: run_complete symbol=AAPL trades=12 entries=12 exits=12 buffer_blocks=0 persistence_blocks=0 delay_bars=0 costs_enabled=True
2025-10-11 14:27:22,974 [INFO] backtest.engine: run_complete symbol=META trades=24 entries=24 exits=24 buffer_blocks=0 persistence_blocks=0 delay_bars=0 costs_enabled=True
2025-10-11 14:27:22,983 [INFO] backtest.engine: run_complete symbol=META trades=40 entries=40 exits=40 buffer_blocks=0 persistence_blocks=0 delay_bars=0 costs_enabled=True
2025-10-11 14:27:22,990 [INFO] backtest.engine: run_complete symbol=AAPL trades=11 entries=11 exits=11 buffer_blocks=0 persistence_blocks=0 delay_bars=0 costs_enabled=True
2025-10-11 14:27:22,991 [INFO] backtest.engine: run_complete symbol=META trades=24 entries=24 exits=24 buffer_blocks=0 persistence_blocks=0 delay_bars=0 costs_enabled=True
2025-10-11 14:27:22,992 [INFO] backtest.engine: run_complete symbol=MSFT trades=12 entries=12 exits=12 buffer_blocks=0 persistence_blocks=0 delay_bars=0 costs_enabled=True
2025-10-11 14:27:22,994 [INFO] backtest.engine: run_complete symbol=MSFT trades=9 entries=9 exits=9 buffer_blocks=0 persistence_blocks=0 delay_bars=0 costs_enabled=True
2025-10-11 14:27:22,995 [INFO] backtest.engine: run_complete symbol=AAPL trades=18 entries=18 exits=18 buffer_blocks=0 persistence_blocks=0 delay_bars=0 costs_enabled=True
2025-10-11 14:27:22,998 [INFO] backtest.engine: run_complete symbol=AAPL trades=11 entries=11 exits=11 buffer_blocks=0 persistence_blocks=0 delay_bars=0 costs_enabled=True
2025-10-11 14:27:23,004 [INFO] backtest.engine: run_complete symbol=META trades=27 entries=27 exits=27 buffer_blocks=0 persistence_blocks=0 delay_bars=0 costs_enabled=True
2025-10-11 14:27:23,009 [INFO] backtest.engine: run_complete symbol=AAPL trades=18 entries=18 exits=18 buffer_blocks=0 persistence_blocks=0 delay_bars=0 costs_enabled=True
2025-10-11 14:27:23,011 [INFO] backtest.engine: run_complete symbol=MSFT trades=13 entries=13 exits=13 buffer_blocks=0 persistence_blocks=0 delay_bars=0 costs_enabled=True
2025-10-11 14:27:23,013 [INFO] backtest.engine: run_complete symbol=AMZN trades=12 entries=12 exits=12 buffer_blocks=0 persistence_blocks=0 delay_bars=0 costs_enabled=True
2025-10-11 14:27:23,015 [INFO] backtest.engine: run_complete symbol=AMZN trades=13 entries=13 exits=13 buffer_blocks=0 persistence_blocks=0 delay_bars=0 costs_enabled=True
2025-10-11 14:27:23,015 [INFO] backtest.engine: run_complete symbol=MSFT trades=9 entries=9 exits=9 buffer_blocks=0 persistence_blocks=0 delay_bars=0 costs_enabled=True
2025-10-11 14:27:23,016 [INFO] backtest.engine: run_complete symbol=AAPL trades=11 entries=11 exits=11 buffer_blocks=0 persistence_blocks=0 delay_bars=0 costs_enabled=True
2025-10-11 14:27:23,018 [INFO] backtest.engine: run_complete symbol=MSFT trades=10 entries=10 exits=10 buffer_blocks=0 persistence_blocks=0 delay_bars=0 costs_enabled=True
2025-10-11 14:27:23,028 [INFO] backtest.engine: run_complete symbol=AAPL trades=9 entries=9 exits=9 buffer_blocks=0 persistence_blocks=0 delay_bars=0 costs_enabled=True
2025-10-11 14:27:23,030 [INFO] backtest.engine: run_complete symbol=MSFT trades=10 entries=10 exits=10 buffer_blocks=0 persistence_blocks=0 delay_bars=0 costs_enabled=True
2025-10-11 14:27:23,033 [INFO] backtest.engine: run_complete symbol=AMZN trades=12 entries=12 exits=12 buffer_blocks=0 persistence_blocks=0 delay_bars=0 costs_enabled=True
2025-10-11 14:27:23,034 [INFO] backtest.engine: run_complete symbol=GOOG trades=14 entries=14 exits=14 buffer_blocks=0 persistence_blocks=0 delay_bars=0 costs_enabled=True
2025-10-11 14:27:23,037 [INFO] backtest.engine: run_complete symbol=MSFT trades=11 entries=11 exits=11 buffer_blocks=0 persistence_blocks=0 delay_bars=0 costs_enabled=True
2025-10-11 14:27:23,037 [INFO] backtest.engine: run_complete symbol=GOOG trades=13 entries=13 exits=13 buffer_blocks=0 persistence_blocks=0 delay_bars=0 costs_enabled=True
2025-10-11 14:27:23,038 [INFO] backtest.engine: run_complete symbol=AMZN trades=18 entries=18 exits=18 buffer_blocks=0 persistence_blocks=0 delay_bars=0 costs_enabled=True
2025-10-11 14:27:23,038 [INFO] backtest.engine: run_complete symbol=AMZN trades=11 entries=11 exits=11 buffer_blocks=0 persistence_blocks=0 delay_bars=0 costs_enabled=True
2025-10-11 14:27:23,049 [INFO] backtest.engine: run_complete symbol=MSFT trades=10 entries=10 exits=10 buffer_blocks=0 persistence_blocks=0 delay_bars=0 costs_enabled=True
2025-10-11 14:27:23,053 [INFO] backtest.engine: run_complete symbol=AMZN trades=19 entries=19 exits=19 buffer_blocks=0 persistence_blocks=0 delay_bars=0 costs_enabled=True
2025-10-11 14:27:23,054 [INFO] backtest.engine: run_complete symbol=GOOG trades=9 entries=9 exits=9 buffer_blocks=0 persistence_blocks=0 delay_bars=0 costs_enabled=True
2025-10-11 14:27:23,056 [INFO] backtest.engine: run_complete symbol=META trades=15 entries=15 exits=15 buffer_blocks=0 persistence_blocks=0 delay_bars=0 costs_enabled=True
2025-10-11 14:27:23,058 [INFO] backtest.engine: run_complete symbol=AMZN trades=13 entries=13 exits=13 buffer_blocks=0 persistence_blocks=0 delay_bars=0 costs_enabled=True
2025-10-11 14:27:23,058 [INFO] backtest.engine: run_complete symbol=META trades=16 entries=16 exits=16 buffer_blocks=0 persistence_blocks=0 delay_bars=0 costs_enabled=True
2025-10-11 14:27:23,059 [INFO] backtest.engine: run_complete symbol=GOOG trades=12 entries=12 exits=12 buffer_blocks=0 persistence_blocks=0 delay_bars=0 costs_enabled=True
2025-10-11 14:27:23,061 [INFO] backtest.engine: run_complete symbol=GOOG trades=20 entries=20 exits=20 buffer_blocks=0 persistence_blocks=0 delay_bars=0 costs_enabled=True
2025-10-11 14:27:23,071 [INFO] backtest.engine: run_complete symbol=AMZN trades=12 entries=12 exits=12 buffer_blocks=0 persistence_blocks=0 delay_bars=0 costs_enabled=True
2025-10-11 14:27:23,076 [INFO] backtest.engine: run_complete symbol=GOOG trades=19 entries=19 exits=19 buffer_blocks=0 persistence_blocks=0 delay_bars=0 costs_enabled=True
2025-10-11 14:27:23,077 [INFO] backtest.engine: run_complete symbol=META trades=18 entries=18 exits=18 buffer_blocks=0 persistence_blocks=0 delay_bars=0 costs_enabled=True
2025-10-11 14:27:23,079 [INFO] backtest.engine: run_complete symbol=META trades=15 entries=15 exits=15 buffer_blocks=0 persistence_blocks=0 delay_bars=0 costs_enabled=True
2025-10-11 14:27:23,080 [INFO] backtest.engine: run_complete symbol=GOOG trades=13 entries=13 exits=13 buffer_blocks=0 persistence_blocks=0 delay_bars=0 costs_enabled=True
2025-10-11 14:27:23,084 [INFO] backtest.engine: run_complete symbol=META trades=21 entries=21 exits=21 buffer_blocks=0 persistence_blocks=0 delay_bars=0 costs_enabled=True
2025-10-11 14:27:23,092 [INFO] backtest.engine: run_complete symbol=GOOG trades=11 entries=11 exits=11 buffer_blocks=0 persistence_blocks=0 delay_bars=0 costs_enabled=True
2025-10-11 14:27:23,094 [INFO] backtest.engine: run_complete symbol=AAPL trades=21 entries=21 exits=21 buffer_blocks=0 persistence_blocks=0 delay_bars=0 costs_enabled=True
2025-10-11 14:27:23,097 [INFO] backtest.engine: run_complete symbol=AAPL trades=21 entries=21 exits=21 buffer_blocks=0 persistence_blocks=0 delay_bars=0 costs_enabled=True
2025-10-11 14:27:23,099 [INFO] backtest.engine: run_complete symbol=META trades=21 entries=21 exits=21 buffer_blocks=0 persistence_blocks=0 delay_bars=0 costs_enabled=True
2025-10-11 14:27:23,100 [INFO] backtest.engine: run_complete symbol=META trades=14 entries=14 exits=14 buffer_blocks=0 persistence_blocks=0 delay_bars=0 costs_enabled=True
2025-10-11 14:27:23,113 [INFO] backtest.engine: run_complete symbol=META trades=15 entries=15 exits=15 buffer_blocks=0 persistence_blocks=0 delay_bars=0 costs_enabled=True
2025-10-11 14:27:23,116 [INFO] backtest.engine: run_complete symbol=AAPL trades=21 entries=21 exits=21 buffer_blocks=0 persistence_blocks=0 delay_bars=0 costs_enabled=True
2025-10-11 14:27:23,120 [INFO] backtest.engine: run_complete symbol=AAPL trades=36 entries=36 exits=36 buffer_blocks=0 persistence_blocks=0 delay_bars=0 costs_enabled=True
2025-10-11 14:27:23,122 [INFO] backtest.engine: run_complete symbol=AAPL trades=20 entries=20 exits=20 buffer_blocks=0 persistence_blocks=0 delay_bars=0 costs_enabled=True
2025-10-11 14:27:23,132 [INFO] backtest.engine: run_complete symbol=MSFT trades=29 entries=29 exits=29 buffer_blocks=0 persistence_blocks=0 delay_bars=0 costs_enabled=True
2025-10-11 14:27:23,135 [INFO] backtest.engine: run_complete symbol=MSFT trades=29 entries=29 exits=29 buffer_blocks=0 persistence_blocks=0 delay_bars=0 costs_enabled=True
2025-10-11 14:27:23,138 [INFO] backtest.engine: run_complete symbol=AAPL trades=22 entries=22 exits=22 buffer_blocks=0 persistence_blocks=0 delay_bars=0 costs_enabled=True
2025-10-11 14:27:23,139 [INFO] backtest.engine: run_complete symbol=AAPL trades=20 entries=20 exits=20 buffer_blocks=0 persistence_blocks=0 delay_bars=0 costs_enabled=True
2025-10-11 14:27:23,152 [INFO] backtest.engine: run_complete symbol=AAPL trades=18 entries=18 exits=18 buffer_blocks=0 persistence_blocks=0 delay_bars=0 costs_enabled=True
2025-10-11 14:27:23,155 [INFO] backtest.engine: run_complete symbol=MSFT trades=29 entries=29 exits=29 buffer_blocks=0 persistence_blocks=0 delay_bars=0 costs_enabled=True
2025-10-11 14:27:23,160 [INFO] backtest.engine: run_complete symbol=MSFT trades=44 entries=44 exits=44 buffer_blocks=0 persistence_blocks=0 delay_bars=0 costs_enabled=True
2025-10-11 14:27:23,162 [INFO] backtest.engine: run_complete symbol=MSFT trades=31 entries=31 exits=31 buffer_blocks=0 persistence_blocks=0 delay_bars=0 costs_enabled=True
2025-10-11 14:27:23,169 [INFO] backtest.engine: run_complete symbol=AMZN trades=15 entries=15 exits=15 buffer_blocks=0 persistence_blocks=0 delay_bars=0 costs_enabled=True
2025-10-11 14:27:23,171 [INFO] backtest.engine: run_complete symbol=AMZN trades=15 entries=15 exits=15 buffer_blocks=0 persistence_blocks=0 delay_bars=0 costs_enabled=True
2025-10-11 14:27:23,177 [INFO] backtest.engine: run_complete symbol=MSFT trades=31 entries=31 exits=31 buffer_blocks=0 persistence_blocks=0 delay_bars=0 costs_enabled=True
2025-10-11 14:27:23,180 [INFO] backtest.engine: run_complete symbol=MSFT trades=30 entries=30 exits=30 buffer_blocks=0 persistence_blocks=0 delay_bars=0 costs_enabled=True
2025-10-11 14:27:23,191 [INFO] backtest.engine: run_complete symbol=MSFT trades=31 entries=31 exits=31 buffer_blocks=0 persistence_blocks=0 delay_bars=0 costs_enabled=True
2025-10-11 14:27:23,192 [INFO] backtest.engine: run_complete symbol=AMZN trades=15 entries=15 exits=15 buffer_blocks=0 persistence_blocks=0 delay_bars=0 costs_enabled=True
2025-10-11 14:27:23,197 [INFO] backtest.engine: run_complete symbol=AMZN trades=16 entries=16 exits=16 buffer_blocks=0 persistence_blocks=0 delay_bars=0 costs_enabled=True
2025-10-11 14:27:23,200 [INFO] backtest.engine: run_complete symbol=AMZN trades=29 entries=29 exits=29 buffer_blocks=0 persistence_blocks=0 delay_bars=0 costs_enabled=True
2025-10-11 14:27:23,208 [INFO] backtest.engine: run_complete symbol=GOOG trades=24 entries=24 exits=24 buffer_blocks=0 persistence_blocks=0 delay_bars=0 costs_enabled=True
2025-10-11 14:27:23,209 [INFO] backtest.engine: run_complete symbol=GOOG trades=24 entries=24 exits=24 buffer_blocks=0 persistence_blocks=0 delay_bars=0 costs_enabled=True
2025-10-11 14:27:23,214 [INFO] backtest.engine: run_complete symbol=AMZN trades=16 entries=16 exits=16 buffer_blocks=0 persistence_blocks=0 delay_bars=0 costs_enabled=True
2025-10-11 14:27:23,216 [INFO] backtest.engine: run_complete symbol=AMZN trades=14 entries=14 exits=14 buffer_blocks=0 persistence_blocks=0 delay_bars=0 costs_enabled=True
2025-10-11 14:27:23,227 [INFO] backtest.engine: run_complete symbol=AMZN trades=17 entries=17 exits=17 buffer_blocks=0 persistence_blocks=0 delay_bars=0 costs_enabled=True
2025-10-11 14:27:23,230 [INFO] backtest.engine: run_complete symbol=GOOG trades=24 entries=24 exits=24 buffer_blocks=0 persistence_blocks=0 delay_bars=0 costs_enabled=True
2025-10-11 14:27:23,235 [INFO] backtest.engine: run_complete symbol=GOOG trades=23 entries=23 exits=23 buffer_blocks=0 persistence_blocks=0 delay_bars=0 costs_enabled=True
2025-10-11 14:27:23,242 [INFO] backtest.engine: run_complete symbol=GOOG trades=45 entries=45 exits=45 buffer_blocks=0 persistence_blocks=0 delay_bars=0 costs_enabled=True
2025-10-11 14:27:23,245 [INFO] backtest.engine: run_complete symbol=META trades=23 entries=23 exits=23 buffer_blocks=0 persistence_blocks=0 delay_bars=0 costs_enabled=True
2025-10-11 14:27:23,247 [INFO] backtest.engine: run_complete symbol=META trades=23 entries=23 exits=23 buffer_blocks=0 persistence_blocks=0 delay_bars=0 costs_enabled=True
2025-10-11 14:27:23,252 [INFO] backtest.engine: run_complete symbol=GOOG trades=27 entries=27 exits=27 buffer_blocks=0 persistence_blocks=0 delay_bars=0 costs_enabled=True
2025-10-11 14:27:23,255 [INFO] backtest.engine: run_complete symbol=GOOG trades=28 entries=28 exits=28 buffer_blocks=0 persistence_blocks=0 delay_bars=0 costs_enabled=True
2025-10-11 14:27:23,266 [INFO] backtest.engine: run_complete symbol=GOOG trades=24 entries=24 exits=24 buffer_blocks=0 persistence_blocks=0 delay_bars=0 costs_enabled=True
2025-10-11 14:27:23,266 [INFO] backtest.engine: run_complete symbol=META trades=23 entries=23 exits=23 buffer_blocks=0 persistence_blocks=0 delay_bars=0 costs_enabled=True
2025-10-11 14:27:23,270 [INFO] backtest.engine: run_complete symbol=AAPL trades=10 entries=10 exits=10 buffer_blocks=0 persistence_blocks=0 delay_bars=0 costs_enabled=True
2025-10-11 14:27:23,271 [INFO] backtest.engine: run_complete symbol=AAPL trades=10 entries=10 exits=10 buffer_blocks=0 persistence_blocks=0 delay_bars=0 costs_enabled=True
2025-10-11 14:27:23,273 [INFO] backtest.engine: run_complete symbol=META trades=25 entries=25 exits=25 buffer_blocks=0 persistence_blocks=0 delay_bars=0 costs_enabled=True
2025-10-11 14:27:23,283 [INFO] backtest.engine: run_complete symbol=META trades=43 entries=43 exits=43 buffer_blocks=0 persistence_blocks=0 delay_bars=0 costs_enabled=True
2025-10-11 14:27:23,289 [INFO] backtest.engine: run_complete symbol=AAPL trades=10 entries=10 exits=10 buffer_blocks=0 persistence_blocks=0 delay_bars=0 costs_enabled=True
2025-10-11 14:27:23,290 [INFO] backtest.engine: run_complete symbol=META trades=25 entries=25 exits=25 buffer_blocks=0 persistence_blocks=0 delay_bars=0 costs_enabled=True
2025-10-11 14:27:23,291 [INFO] backtest.engine: run_complete symbol=MSFT trades=10 entries=10 exits=10 buffer_blocks=0 persistence_blocks=0 delay_bars=0 costs_enabled=True
2025-10-11 14:27:23,291 [INFO] backtest.engine: run_complete symbol=MSFT trades=11 entries=11 exits=11 buffer_blocks=0 persistence_blocks=0 delay_bars=0 costs_enabled=True
2025-10-11 14:27:23,293 [INFO] backtest.engine: run_complete symbol=META trades=25 entries=25 exits=25 buffer_blocks=0 persistence_blocks=0 delay_bars=0 costs_enabled=True
2025-10-11 14:27:23,297 [INFO] backtest.engine: run_complete symbol=AAPL trades=11 entries=11 exits=11 buffer_blocks=0 persistence_blocks=0 delay_bars=0 costs_enabled=True
2025-10-11 14:27:23,304 [INFO] backtest.engine: run_complete symbol=META trades=24 entries=24 exits=24 buffer_blocks=0 persistence_blocks=0 delay_bars=0 costs_enabled=True
2025-10-11 14:27:23,308 [INFO] backtest.engine: run_complete symbol=AAPL trades=18 entries=18 exits=18 buffer_blocks=0 persistence_blocks=0 delay_bars=0 costs_enabled=True
2025-10-11 14:27:23,310 [INFO] backtest.engine: run_complete symbol=MSFT trades=10 entries=10 exits=10 buffer_blocks=0 persistence_blocks=0 delay_bars=0 costs_enabled=True
2025-10-11 14:27:23,311 [INFO] backtest.engine: run_complete symbol=AMZN trades=12 entries=12 exits=12 buffer_blocks=0 persistence_blocks=0 delay_bars=0 costs_enabled=True
2025-10-11 14:27:23,312 [INFO] backtest.engine: run_complete symbol=AMZN trades=12 entries=12 exits=12 buffer_blocks=0 persistence_blocks=0 delay_bars=0 costs_enabled=True
2025-10-11 14:27:23,313 [INFO] backtest.engine: run_complete symbol=AAPL trades=15 entries=15 exits=15 buffer_blocks=0 persistence_blocks=0 delay_bars=0 costs_enabled=True
2025-10-11 14:27:23,318 [INFO] backtest.engine: run_complete symbol=AAPL trades=10 entries=10 exits=10 buffer_blocks=0 persistence_blocks=0 delay_bars=0 costs_enabled=True
2025-10-11 14:27:23,318 [INFO] backtest.engine: run_complete symbol=MSFT trades=11 entries=11 exits=11 buffer_blocks=0 persistence_blocks=0 delay_bars=0 costs_enabled=True
2025-10-11 14:27:23,328 [INFO] backtest.engine: run_complete symbol=AAPL trades=11 entries=11 exits=11 buffer_blocks=0 persistence_blocks=0 delay_bars=0 costs_enabled=True
2025-10-11 14:27:23,330 [INFO] backtest.engine: run_complete symbol=MSFT trades=16 entries=16 exits=16 buffer_blocks=0 persistence_blocks=0 delay_bars=0 costs_enabled=True
2025-10-11 14:27:23,332 [INFO] backtest.engine: run_complete symbol=AMZN trades=12 entries=12 exits=12 buffer_blocks=0 persistence_blocks=0 delay_bars=0 costs_enabled=True
2025-10-11 14:27:23,332 [INFO] backtest.engine: run_complete symbol=GOOG trades=12 entries=12 exits=12 buffer_blocks=0 persistence_blocks=0 delay_bars=0 costs_enabled=True
2025-10-11 14:27:23,332 [INFO] backtest.engine: run_complete symbol=GOOG trades=13 entries=13 exits=13 buffer_blocks=0 persistence_blocks=0 delay_bars=0 costs_enabled=True
2025-10-11 14:27:23,335 [INFO] backtest.engine: run_complete symbol=MSFT trades=11 entries=11 exits=11 buffer_blocks=0 persistence_blocks=0 delay_bars=0 costs_enabled=True
2025-10-11 14:27:23,338 [INFO] backtest.engine: run_complete symbol=MSFT trades=10 entries=10 exits=10 buffer_blocks=0 persistence_blocks=0 delay_bars=0 costs_enabled=True
2025-10-11 14:27:23,338 [INFO] backtest.engine: run_complete symbol=AMZN trades=12 entries=12 exits=12 buffer_blocks=0 persistence_blocks=0 delay_bars=0 costs_enabled=True
2025-10-11 14:27:23,350 [INFO] backtest.engine: run_complete symbol=MSFT trades=12 entries=12 exits=12 buffer_blocks=0 persistence_blocks=0 delay_bars=0 costs_enabled=True
2025-10-11 14:27:23,352 [INFO] backtest.engine: run_complete symbol=AMZN trades=17 entries=17 exits=17 buffer_blocks=0 persistence_blocks=0 delay_bars=0 costs_enabled=True
2025-10-11 14:27:23,354 [INFO] backtest.engine: run_complete symbol=META trades=15 entries=15 exits=15 buffer_blocks=0 persistence_blocks=0 delay_bars=0 costs_enabled=True
2025-10-11 14:27:23,354 [INFO] backtest.engine: run_complete symbol=GOOG trades=13 entries=13 exits=13 buffer_blocks=0 persistence_blocks=0 delay_bars=0 costs_enabled=True
2025-10-11 14:27:23,354 [INFO] backtest.engine: run_complete symbol=META trades=15 entries=15 exits=15 buffer_blocks=0 persistence_blocks=0 delay_bars=0 costs_enabled=True
2025-10-11 14:27:23,359 [INFO] backtest.engine: run_complete symbol=AMZN trades=11 entries=11 exits=11 buffer_blocks=0 persistence_blocks=0 delay_bars=0 costs_enabled=True
2025-10-11 14:27:23,360 [INFO] backtest.engine: run_complete symbol=GOOG trades=14 entries=14 exits=14 buffer_blocks=0 persistence_blocks=0 delay_bars=0 costs_enabled=True
2025-10-11 14:27:23,360 [INFO] backtest.engine: run_complete symbol=AMZN trades=13 entries=13 exits=13 buffer_blocks=0 persistence_blocks=0 delay_bars=0 costs_enabled=True
2025-10-11 14:27:23,372 [INFO] backtest.engine: run_complete symbol=AMZN trades=12 entries=12 exits=12 buffer_blocks=0 persistence_blocks=0 delay_bars=0 costs_enabled=True
2025-10-11 14:27:23,374 [INFO] backtest.engine: run_complete symbol=GOOG trades=18 entries=18 exits=18 buffer_blocks=0 persistence_blocks=0 delay_bars=0 costs_enabled=True
2025-10-11 14:27:23,376 [INFO] backtest.engine: run_complete symbol=META trades=15 entries=15 exits=15 buffer_blocks=0 persistence_blocks=0 delay_bars=0 costs_enabled=True
2025-10-11 14:27:23,379 [INFO] backtest.engine: run_complete symbol=GOOG trades=11 entries=11 exits=11 buffer_blocks=0 persistence_blocks=0 delay_bars=0 costs_enabled=True
2025-10-11 14:27:23,381 [INFO] backtest.engine: run_complete symbol=GOOG trades=14 entries=14 exits=14 buffer_blocks=0 persistence_blocks=0 delay_bars=0 costs_enabled=True
2025-10-11 14:27:23,381 [INFO] backtest.engine: run_complete symbol=META trades=14 entries=14 exits=14 buffer_blocks=0 persistence_blocks=0 delay_bars=0 costs_enabled=True
2025-10-11 14:27:23,392 [INFO] backtest.engine: run_complete symbol=AAPL trades=17 entries=17 exits=17 buffer_blocks=0 persistence_blocks=0 delay_bars=0 costs_enabled=True
2025-10-11 14:27:23,392 [INFO] backtest.engine: run_complete symbol=GOOG trades=13 entries=13 exits=13 buffer_blocks=0 persistence_blocks=0 delay_bars=0 costs_enabled=True
2025-10-11 14:27:23,392 [INFO] backtest.engine: run_complete symbol=AAPL trades=19 entries=19 exits=19 buffer_blocks=0 persistence_blocks=0 delay_bars=0 costs_enabled=True
2025-10-11 14:27:23,397 [INFO] backtest.engine: run_complete symbol=META trades=26 entries=26 exits=26 buffer_blocks=0 persistence_blocks=0 delay_bars=0 costs_enabled=True
2025-10-11 14:27:23,401 [INFO] backtest.engine: run_complete symbol=META trades=16 entries=16 exits=16 buffer_blocks=0 persistence_blocks=0 delay_bars=0 costs_enabled=True
2025-10-11 14:27:23,402 [INFO] backtest.engine: run_complete symbol=META trades=16 entries=16 exits=16 buffer_blocks=0 persistence_blocks=0 delay_bars=0 costs_enabled=True
2025-10-11 14:27:23,413 [INFO] backtest.engine: run_complete symbol=META trades=14 entries=14 exits=14 buffer_blocks=0 persistence_blocks=0 delay_bars=0 costs_enabled=True
2025-10-11 14:27:23,413 [INFO] backtest.engine: run_complete symbol=AAPL trades=14 entries=14 exits=14 buffer_blocks=0 persistence_blocks=0 delay_bars=0 costs_enabled=True
2025-10-11 14:27:23,419 [INFO] backtest.engine: run_complete symbol=AAPL trades=17 entries=17 exits=17 buffer_blocks=0 persistence_blocks=0 delay_bars=0 costs_enabled=True
2025-10-11 14:27:23,430 [INFO] backtest.engine: run_complete symbol=MSFT trades=31 entries=31 exits=31 buffer_blocks=0 persistence_blocks=0 delay_bars=0 costs_enabled=True
2025-10-11 14:27:23,432 [INFO] backtest.engine: run_complete symbol=MSFT trades=32 entries=32 exits=32 buffer_blocks=0 persistence_blocks=0 delay_bars=0 costs_enabled=True
2025-10-11 14:27:23,434 [INFO] backtest.engine: run_complete symbol=AAPL trades=18 entries=18 exits=18 buffer_blocks=0 persistence_blocks=0 delay_bars=0 costs_enabled=True
2025-10-11 14:27:23,438 [INFO] backtest.engine: run_complete symbol=AAPL trades=17 entries=17 exits=17 buffer_blocks=0 persistence_blocks=0 delay_bars=0 costs_enabled=True
2025-10-11 14:27:23,440 [INFO] backtest.engine: run_complete symbol=AAPL trades=17 entries=17 exits=17 buffer_blocks=0 persistence_blocks=0 delay_bars=0 costs_enabled=True
2025-10-11 14:27:23,450 [INFO] backtest.engine: run_complete symbol=AAPL trades=17 entries=17 exits=17 buffer_blocks=0 persistence_blocks=0 delay_bars=0 costs_enabled=True
2025-10-11 14:27:23,452 [INFO] backtest.engine: run_complete symbol=MSFT trades=29 entries=29 exits=29 buffer_blocks=0 persistence_blocks=0 delay_bars=0 costs_enabled=True
2025-10-11 14:27:23,457 [INFO] backtest.engine: run_complete symbol=MSFT trades=28 entries=28 exits=28 buffer_blocks=0 persistence_blocks=0 delay_bars=0 costs_enabled=True
2025-10-11 14:27:23,466 [INFO] backtest.engine: run_complete symbol=AMZN trades=17 entries=17 exits=17 buffer_blocks=0 persistence_blocks=0 delay_bars=0 costs_enabled=True
2025-10-11 14:27:23,468 [INFO] backtest.engine: run_complete symbol=AMZN trades=17 entries=17 exits=17 buffer_blocks=0 persistence_blocks=0 delay_bars=0 costs_enabled=True
2025-10-11 14:27:23,473 [INFO] backtest.engine: run_complete symbol=MSFT trades=31 entries=31 exits=31 buffer_blocks=0 persistence_blocks=0 delay_bars=0 costs_enabled=True
2025-10-11 14:27:23,478 [INFO] backtest.engine: run_complete symbol=MSFT trades=31 entries=31 exits=31 buffer_blocks=0 persistence_blocks=0 delay_bars=0 costs_enabled=True
2025-10-11 14:27:23,479 [INFO] backtest.engine: run_complete symbol=MSFT trades=31 entries=31 exits=31 buffer_blocks=0 persistence_blocks=0 delay_bars=0 costs_enabled=True
2025-10-11 14:27:23,488 [INFO] backtest.engine: run_complete symbol=AMZN trades=14 entries=14 exits=14 buffer_blocks=0 persistence_blocks=0 delay_bars=0 costs_enabled=True
2025-10-11 14:27:23,489 [INFO] backtest.engine: run_complete symbol=MSFT trades=32 entries=32 exits=32 buffer_blocks=0 persistence_blocks=0 delay_bars=0 costs_enabled=True
2025-10-11 14:27:23,492 [INFO] backtest.engine: run_complete symbol=AMZN trades=14 entries=14 exits=14 buffer_blocks=0 persistence_blocks=0 delay_bars=0 costs_enabled=True
2025-10-11 14:27:23,503 [INFO] backtest.engine: run_complete symbol=GOOG trades=22 entries=23 exits=22 buffer_blocks=0 persistence_blocks=0 delay_bars=0 costs_enabled=True
2025-10-11 14:27:23,506 [INFO] backtest.engine: run_complete symbol=GOOG trades=24 entries=24 exits=24 buffer_blocks=0 persistence_blocks=0 delay_bars=0 costs_enabled=True
2025-10-11 14:27:23,509 [INFO] backtest.engine: run_complete symbol=AMZN trades=15 entries=15 exits=15 buffer_blocks=0 persistence_blocks=0 delay_bars=0 costs_enabled=True
2025-10-11 14:27:23,514 [INFO] backtest.engine: run_complete symbol=AMZN trades=16 entries=16 exits=16 buffer_blocks=0 persistence_blocks=0 delay_bars=0 costs_enabled=True
2025-10-11 14:27:23,516 [INFO] backtest.engine: run_complete symbol=AMZN trades=17 entries=17 exits=17 buffer_blocks=0 persistence_blocks=0 delay_bars=0 costs_enabled=True
2025-10-11 14:27:23,524 [INFO] backtest.engine: run_complete symbol=AMZN trades=15 entries=15 exits=15 buffer_blocks=0 persistence_blocks=0 delay_bars=0 costs_enabled=True
2025-10-11 14:27:23,524 [INFO] backtest.engine: run_complete symbol=GOOG trades=20 entries=20 exits=20 buffer_blocks=0 persistence_blocks=0 delay_bars=0 costs_enabled=True
2025-10-11 14:27:23,529 [INFO] backtest.engine: run_complete symbol=GOOG trades=22 entries=23 exits=22 buffer_blocks=0 persistence_blocks=0 delay_bars=0 costs_enabled=True
2025-10-11 14:27:23,540 [INFO] backtest.engine: run_complete symbol=META trades=24 entries=24 exits=24 buffer_blocks=0 persistence_blocks=0 delay_bars=0 costs_enabled=True
2025-10-11 14:27:23,544 [INFO] backtest.engine: run_complete symbol=META trades=24 entries=24 exits=24 buffer_blocks=0 persistence_blocks=0 delay_bars=0 costs_enabled=True
2025-10-11 14:27:23,546 [INFO] backtest.engine: run_complete symbol=GOOG trades=23 entries=23 exits=23 buffer_blocks=0 persistence_blocks=0 delay_bars=0 costs_enabled=True
2025-10-11 14:27:23,552 [INFO] backtest.engine: run_complete symbol=GOOG trades=23 entries=23 exits=23 buffer_blocks=0 persistence_blocks=0 delay_bars=0 costs_enabled=True
2025-10-11 14:27:23,553 [INFO] backtest.engine: run_complete symbol=GOOG trades=22 entries=23 exits=22 buffer_blocks=0 persistence_blocks=0 delay_bars=0 costs_enabled=True
2025-10-11 14:27:23,561 [INFO] backtest.engine: run_complete symbol=GOOG trades=22 entries=22 exits=22 buffer_blocks=0 persistence_blocks=0 delay_bars=0 costs_enabled=True
2025-10-11 14:27:23,562 [INFO] backtest.engine: run_complete symbol=META trades=25 entries=25 exits=25 buffer_blocks=0 persistence_blocks=0 delay_bars=0 costs_enabled=True
2025-10-11 14:27:23,563 [INFO] backtest.engine: run_complete symbol=AAPL trades=11 entries=11 exits=11 buffer_blocks=0 persistence_blocks=0 delay_bars=0 costs_enabled=True
2025-10-11 14:27:23,567 [INFO] backtest.engine: run_complete symbol=META trades=21 entries=21 exits=21 buffer_blocks=0 persistence_blocks=0 delay_bars=0 costs_enabled=True
2025-10-11 14:27:23,568 [INFO] backtest.engine: run_complete symbol=AAPL trades=11 entries=11 exits=11 buffer_blocks=0 persistence_blocks=0 delay_bars=0 costs_enabled=True
2025-10-11 14:27:23,583 [INFO] backtest.engine: run_complete symbol=MSFT trades=11 entries=11 exits=11 buffer_blocks=0 persistence_blocks=0 delay_bars=0 costs_enabled=True
2025-10-11 14:27:23,584 [INFO] backtest.engine: run_complete symbol=META trades=24 entries=24 exits=24 buffer_blocks=0 persistence_blocks=0 delay_bars=0 costs_enabled=True
2025-10-11 14:27:23,586 [INFO] backtest.engine: run_complete symbol=AAPL trades=9 entries=9 exits=9 buffer_blocks=0 persistence_blocks=0 delay_bars=0 costs_enabled=True
2025-10-11 14:27:23,589 [INFO] backtest.engine: run_complete symbol=MSFT trades=11 entries=11 exits=11 buffer_blocks=0 persistence_blocks=0 delay_bars=0 costs_enabled=True
2025-10-11 14:27:23,589 [INFO] backtest.engine: run_complete symbol=META trades=25 entries=25 exits=25 buffer_blocks=0 persistence_blocks=0 delay_bars=0 costs_enabled=True
2025-10-11 14:27:23,591 [INFO] backtest.engine: run_complete symbol=AAPL trades=10 entries=10 exits=10 buffer_blocks=0 persistence_blocks=0 delay_bars=0 costs_enabled=True
2025-10-11 14:27:23,591 [INFO] backtest.engine: run_complete symbol=META trades=24 entries=24 exits=24 buffer_blocks=0 persistence_blocks=0 delay_bars=0 costs_enabled=True
2025-10-11 14:27:23,598 [INFO] backtest.engine: run_complete symbol=META trades=25 entries=25 exits=25 buffer_blocks=0 persistence_blocks=0 delay_bars=0 costs_enabled=True
2025-10-11 14:27:23,605 [INFO] backtest.engine: run_complete symbol=AMZN trades=13 entries=13 exits=13 buffer_blocks=0 persistence_blocks=0 delay_bars=0 costs_enabled=True
2025-10-11 14:27:23,606 [INFO] backtest.engine: run_complete symbol=MSFT trades=10 entries=10 exits=10 buffer_blocks=0 persistence_blocks=0 delay_bars=0 costs_enabled=True
2025-10-11 14:27:23,607 [INFO] backtest.engine: run_complete symbol=AAPL trades=10 entries=10 exits=10 buffer_blocks=0 persistence_blocks=0 delay_bars=0 costs_enabled=True
2025-10-11 14:27:23,610 [INFO] backtest.engine: run_complete symbol=AMZN trades=12 entries=12 exits=12 buffer_blocks=0 persistence_blocks=0 delay_bars=0 costs_enabled=True
2025-10-11 14:27:23,611 [INFO] backtest.engine: run_complete symbol=MSFT trades=10 entries=10 exits=10 buffer_blocks=0 persistence_blocks=0 delay_bars=0 costs_enabled=True
2025-10-11 14:27:23,614 [INFO] backtest.engine: run_complete symbol=AAPL trades=11 entries=11 exits=11 buffer_blocks=0 persistence_blocks=0 delay_bars=0 costs_enabled=True
2025-10-11 14:27:23,615 [INFO] backtest.engine: run_complete symbol=AAPL trades=11 entries=11 exits=11 buffer_blocks=0 persistence_blocks=0 delay_bars=0 costs_enabled=True
2025-10-11 14:27:23,622 [INFO] backtest.engine: run_complete symbol=AAPL trades=11 entries=11 exits=11 buffer_blocks=0 persistence_blocks=0 delay_bars=0 costs_enabled=True
2025-10-11 14:27:23,626 [INFO] backtest.engine: run_complete symbol=GOOG trades=13 entries=13 exits=13 buffer_blocks=0 persistence_blocks=0 delay_bars=0 costs_enabled=True
2025-10-11 14:27:23,627 [INFO] backtest.engine: run_complete symbol=AMZN trades=11 entries=11 exits=11 buffer_blocks=0 persistence_blocks=0 delay_bars=0 costs_enabled=True
2025-10-11 14:27:23,627 [INFO] backtest.engine: run_complete symbol=MSFT trades=10 entries=10 exits=10 buffer_blocks=0 persistence_blocks=0 delay_bars=0 costs_enabled=True
2025-10-11 14:27:23,630 [INFO] backtest.engine: run_complete symbol=GOOG trades=12 entries=12 exits=12 buffer_blocks=0 persistence_blocks=0 delay_bars=0 costs_enabled=True
2025-10-11 14:27:23,632 [INFO] backtest.engine: run_complete symbol=AMZN trades=10 entries=10 exits=10 buffer_blocks=0 persistence_blocks=0 delay_bars=0 costs_enabled=True
2025-10-11 14:27:23,635 [INFO] backtest.engine: run_complete symbol=MSFT trades=11 entries=11 exits=11 buffer_blocks=0 persistence_blocks=0 delay_bars=0 costs_enabled=True
2025-10-11 14:27:23,636 [INFO] backtest.engine: run_complete symbol=MSFT trades=11 entries=11 exits=11 buffer_blocks=0 persistence_blocks=0 delay_bars=0 costs_enabled=True
2025-10-11 14:27:23,642 [INFO] backtest.engine: run_complete symbol=MSFT trades=10 entries=10 exits=10 buffer_blocks=0 persistence_blocks=0 delay_bars=0 costs_enabled=True
2025-10-11 14:27:23,648 [INFO] backtest.engine: run_complete symbol=META trades=14 entries=14 exits=14 buffer_blocks=0 persistence_blocks=0 delay_bars=0 costs_enabled=True
2025-10-11 14:27:23,648 [INFO] backtest.engine: run_complete symbol=AMZN trades=11 entries=11 exits=11 buffer_blocks=0 persistence_blocks=0 delay_bars=0 costs_enabled=True
2025-10-11 14:27:23,648 [INFO] backtest.engine: run_complete symbol=GOOG trades=13 entries=13 exits=13 buffer_blocks=0 persistence_blocks=0 delay_bars=0 costs_enabled=True
2025-10-11 14:27:23,652 [INFO] backtest.engine: run_complete symbol=META trades=14 entries=14 exits=14 buffer_blocks=0 persistence_blocks=0 delay_bars=0 costs_enabled=True
2025-10-11 14:27:23,653 [INFO] backtest.engine: run_complete symbol=GOOG trades=12 entries=12 exits=12 buffer_blocks=0 persistence_blocks=0 delay_bars=0 costs_enabled=True
2025-10-11 14:27:23,656 [INFO] backtest.engine: run_complete symbol=AMZN trades=13 entries=13 exits=13 buffer_blocks=0 persistence_blocks=0 delay_bars=0 costs_enabled=True
2025-10-11 14:27:23,657 [INFO] backtest.engine: run_complete symbol=AMZN trades=13 entries=13 exits=13 buffer_blocks=0 persistence_blocks=0 delay_bars=0 costs_enabled=True
2025-10-11 14:27:23,664 [INFO] backtest.engine: run_complete symbol=AMZN trades=12 entries=12 exits=12 buffer_blocks=0 persistence_blocks=0 delay_bars=0 costs_enabled=True
2025-10-11 14:27:23,670 [INFO] backtest.engine: run_complete symbol=GOOG trades=14 entries=14 exits=14 buffer_blocks=0 persistence_blocks=0 delay_bars=0 costs_enabled=True
2025-10-11 14:27:23,671 [INFO] backtest.engine: run_complete symbol=META trades=14 entries=14 exits=14 buffer_blocks=0 persistence_blocks=0 delay_bars=0 costs_enabled=True
2025-10-11 14:27:23,674 [INFO] backtest.engine: run_complete symbol=META trades=14 entries=14 exits=14 buffer_blocks=0 persistence_blocks=0 delay_bars=0 costs_enabled=True
2025-10-11 14:27:23,678 [INFO] backtest.engine: run_complete symbol=GOOG trades=13 entries=13 exits=13 buffer_blocks=0 persistence_blocks=0 delay_bars=0 costs_enabled=True
2025-10-11 14:27:23,678 [INFO] backtest.engine: run_complete symbol=GOOG trades=12 entries=12 exits=12 buffer_blocks=0 persistence_blocks=0 delay_bars=0 costs_enabled=True
2025-10-11 14:27:23,684 [INFO] backtest.engine: run_complete symbol=GOOG trades=12 entries=12 exits=12 buffer_blocks=0 persistence_blocks=0 delay_bars=0 costs_enabled=True
2025-10-11 14:27:23,688 [INFO] backtest.engine: run_complete symbol=AAPL trades=30 entries=30 exits=30 buffer_blocks=0 persistence_blocks=0 delay_bars=0 costs_enabled=True
2025-10-11 14:27:23,691 [INFO] backtest.engine: run_complete symbol=AAPL trades=19 entries=19 exits=19 buffer_blocks=0 persistence_blocks=0 delay_bars=0 costs_enabled=True
2025-10-11 14:27:23,692 [INFO] backtest.engine: run_complete symbol=META trades=14 entries=14 exits=14 buffer_blocks=0 persistence_blocks=0 delay_bars=0 costs_enabled=True
2025-10-11 14:27:23,699 [INFO] backtest.engine: run_complete symbol=META trades=14 entries=14 exits=14 buffer_blocks=0 persistence_blocks=0 delay_bars=0 costs_enabled=True
2025-10-11 14:27:23,700 [INFO] backtest.engine: run_complete symbol=META trades=15 entries=15 exits=15 buffer_blocks=0 persistence_blocks=0 delay_bars=0 costs_enabled=True
2025-10-11 14:27:23,707 [INFO] backtest.engine: run_complete symbol=META trades=14 entries=14 exits=14 buffer_blocks=0 persistence_blocks=0 delay_bars=0 costs_enabled=True
2025-10-11 14:27:23,712 [INFO] backtest.engine: run_complete symbol=AAPL trades=30 entries=30 exits=30 buffer_blocks=0 persistence_blocks=0 delay_bars=0 costs_enabled=True
2025-10-11 14:27:23,713 [INFO] backtest.engine: run_complete symbol=AAPL trades=18 entries=18 exits=18 buffer_blocks=0 persistence_blocks=0 delay_bars=0 costs_enabled=True
2025-10-11 14:27:23,730 [INFO] backtest.engine: run_complete symbol=MSFT trades=45 entries=45 exits=45 buffer_blocks=0 persistence_blocks=0 delay_bars=0 costs_enabled=True
2025-10-11 14:27:23,730 [INFO] backtest.engine: run_complete symbol=AAPL trades=19 entries=19 exits=19 buffer_blocks=0 persistence_blocks=0 delay_bars=0 costs_enabled=True
2025-10-11 14:27:23,731 [INFO] backtest.engine: run_complete symbol=MSFT trades=25 entries=25 exits=25 buffer_blocks=0 persistence_blocks=0 delay_bars=0 costs_enabled=True
2025-10-11 14:27:23,739 [INFO] backtest.engine: run_complete symbol=AAPL trades=17 entries=17 exits=17 buffer_blocks=0 persistence_blocks=0 delay_bars=0 costs_enabled=True
2025-10-11 14:27:23,742 [INFO] backtest.engine: run_complete symbol=AAPL trades=39 entries=39 exits=39 buffer_blocks=0 persistence_blocks=0 delay_bars=0 costs_enabled=True
2025-10-11 14:27:23,745 [INFO] backtest.engine: run_complete symbol=AAPL trades=18 entries=18 exits=18 buffer_blocks=0 persistence_blocks=0 delay_bars=0 costs_enabled=True
2025-10-11 14:27:23,751 [INFO] backtest.engine: run_complete symbol=MSFT trades=31 entries=31 exits=31 buffer_blocks=0 persistence_blocks=0 delay_bars=0 costs_enabled=True
2025-10-11 14:27:23,754 [INFO] backtest.engine: run_complete symbol=MSFT trades=46 entries=46 exits=46 buffer_blocks=0 persistence_blocks=0 delay_bars=0 costs_enabled=True
2025-10-11 14:27:23,767 [INFO] backtest.engine: run_complete symbol=AMZN trades=15 entries=15 exits=15 buffer_blocks=0 persistence_blocks=0 delay_bars=0 costs_enabled=True
2025-10-11 14:27:23,767 [INFO] backtest.engine: run_complete symbol=MSFT trades=27 entries=27 exits=27 buffer_blocks=0 persistence_blocks=0 delay_bars=0 costs_enabled=True
2025-10-11 14:27:23,768 [INFO] backtest.engine: run_complete symbol=AMZN trades=24 entries=24 exits=24 buffer_blocks=0 persistence_blocks=0 delay_bars=0 costs_enabled=True
2025-10-11 14:27:23,778 [INFO] backtest.engine: run_complete symbol=MSFT trades=29 entries=29 exits=29 buffer_blocks=0 persistence_blocks=0 delay_bars=0 costs_enabled=True
2025-10-11 14:27:23,784 [INFO] backtest.engine: run_complete symbol=MSFT trades=30 entries=30 exits=30 buffer_blocks=0 persistence_blocks=0 delay_bars=0 costs_enabled=True
2025-10-11 14:27:23,785 [INFO] backtest.engine: run_complete symbol=MSFT trades=57 entries=57 exits=57 buffer_blocks=0 persistence_blocks=0 delay_bars=0 costs_enabled=True
2025-10-11 14:27:23,787 [INFO] backtest.engine: run_complete symbol=AMZN trades=14 entries=14 exits=14 buffer_blocks=0 persistence_blocks=0 delay_bars=0 costs_enabled=True
2025-10-11 14:27:23,792 [INFO] backtest.engine: run_complete symbol=AMZN trades=25 entries=26 exits=25 buffer_blocks=0 persistence_blocks=0 delay_bars=0 costs_enabled=True
2025-10-11 14:27:23,804 [INFO] backtest.engine: run_complete symbol=AMZN trades=20 entries=20 exits=20 buffer_blocks=0 persistence_blocks=0 delay_bars=0 costs_enabled=True
2025-10-11 14:27:23,804 [INFO] backtest.engine: run_complete symbol=GOOG trades=23 entries=23 exits=23 buffer_blocks=0 persistence_blocks=0 delay_bars=0 costs_enabled=True
2025-10-11 14:27:23,807 [INFO] backtest.engine: run_complete symbol=GOOG trades=41 entries=41 exits=41 buffer_blocks=0 persistence_blocks=0 delay_bars=0 costs_enabled=True
2025-10-11 14:27:23,814 [INFO] backtest.engine: run_complete symbol=AMZN trades=17 entries=17 exits=17 buffer_blocks=0 persistence_blocks=0 delay_bars=0 costs_enabled=True
2025-10-11 14:27:23,820 [INFO] backtest.engine: run_complete symbol=AMZN trades=15 entries=15 exits=15 buffer_blocks=0 persistence_blocks=0 delay_bars=0 costs_enabled=True
2025-10-11 14:27:23,823 [INFO] backtest.engine: run_complete symbol=AMZN trades=37 entries=37 exits=37 buffer_blocks=0 persistence_blocks=0 delay_bars=0 costs_enabled=True
2025-10-11 14:27:23,825 [INFO] backtest.engine: run_complete symbol=GOOG trades=23 entries=23 exits=23 buffer_blocks=0 persistence_blocks=0 delay_bars=0 costs_enabled=True
2025-10-11 14:27:23,833 [INFO] backtest.engine: run_complete symbol=GOOG trades=45 entries=45 exits=45 buffer_blocks=0 persistence_blocks=0 delay_bars=0 costs_enabled=True
2025-10-11 14:27:23,841 [INFO] backtest.engine: run_complete symbol=META trades=23 entries=23 exits=23 buffer_blocks=0 persistence_blocks=0 delay_bars=0 costs_enabled=True
2025-10-11 14:27:23,842 [INFO] backtest.engine: run_complete symbol=GOOG trades=28 entries=28 exits=28 buffer_blocks=0 persistence_blocks=0 delay_bars=0 costs_enabled=True
2025-10-11 14:27:23,849 [INFO] backtest.engine: run_complete symbol=META trades=44 entries=44 exits=44 buffer_blocks=0 persistence_blocks=0 delay_bars=0 costs_enabled=True
2025-10-11 14:27:23,851 [INFO] backtest.engine: run_complete symbol=GOOG trades=22 entries=22 exits=22 buffer_blocks=0 persistence_blocks=0 delay_bars=0 costs_enabled=True
2025-10-11 14:27:23,857 [INFO] backtest.engine: run_complete symbol=GOOG trades=23 entries=23 exits=23 buffer_blocks=0 persistence_blocks=0 delay_bars=0 costs_enabled=True
2025-10-11 14:27:23,862 [INFO] backtest.engine: run_complete symbol=META trades=24 entries=24 exits=24 buffer_blocks=0 persistence_blocks=0 delay_bars=0 costs_enabled=True
2025-10-11 14:27:23,865 [INFO] backtest.engine: run_complete symbol=AAPL trades=10 entries=10 exits=10 buffer_blocks=0 persistence_blocks=0 delay_bars=0 costs_enabled=True
2025-10-11 14:27:23,866 [INFO] backtest.engine: run_complete symbol=GOOG trades=54 entries=54 exits=54 buffer_blocks=0 persistence_blocks=0 delay_bars=0 costs_enabled=True
2025-10-11 14:27:23,873 [INFO] backtest.engine: run_complete symbol=AAPL trades=15 entries=15 exits=15 buffer_blocks=0 persistence_blocks=0 delay_bars=0 costs_enabled=True
2025-10-11 14:27:23,873 [INFO] backtest.engine: run_complete symbol=META trades=43 entries=44 exits=43 buffer_blocks=0 persistence_blocks=0 delay_bars=0 costs_enabled=True
2025-10-11 14:27:23,880 [INFO] backtest.engine: run_complete symbol=META trades=27 entries=27 exits=27 buffer_blocks=0 persistence_blocks=0 delay_bars=0 costs_enabled=True
2025-10-11 14:27:23,885 [INFO] backtest.engine: run_complete symbol=MSFT trades=9 entries=9 exits=9 buffer_blocks=0 persistence_blocks=0 delay_bars=0 costs_enabled=True
2025-10-11 14:27:23,886 [INFO] backtest.engine: run_complete symbol=AAPL trades=11 entries=11 exits=11 buffer_blocks=0 persistence_blocks=0 delay_bars=0 costs_enabled=True
2025-10-11 14:27:23,889 [INFO] backtest.engine: run_complete symbol=META trades=27 entries=27 exits=27 buffer_blocks=0 persistence_blocks=0 delay_bars=0 costs_enabled=True
2025-10-11 14:27:23,894 [INFO] backtest.engine: run_complete symbol=MSFT trades=12 entries=12 exits=12 buffer_blocks=0 persistence_blocks=0 delay_bars=0 costs_enabled=True
2025-10-11 14:27:23,895 [INFO] backtest.engine: run_complete symbol=META trades=24 entries=24 exits=24 buffer_blocks=0 persistence_blocks=0 delay_bars=0 costs_enabled=True
2025-10-11 14:27:23,899 [INFO] backtest.engine: run_complete symbol=AAPL trades=13 entries=13 exits=13 buffer_blocks=0 persistence_blocks=0 delay_bars=0 costs_enabled=True
2025-10-11 14:27:23,905 [INFO] backtest.engine: run_complete symbol=AAPL trades=14 entries=14 exits=14 buffer_blocks=0 persistence_blocks=0 delay_bars=0 costs_enabled=True
2025-10-11 14:27:23,905 [INFO] backtest.engine: run_complete symbol=AMZN trades=10 entries=10 exits=10 buffer_blocks=0 persistence_blocks=0 delay_bars=0 costs_enabled=True
2025-10-11 14:27:23,907 [INFO] backtest.engine: run_complete symbol=MSFT trades=12 entries=12 exits=12 buffer_blocks=0 persistence_blocks=0 delay_bars=0 costs_enabled=True
2025-10-11 14:27:23,909 [INFO] backtest.engine: run_complete symbol=META trades=54 entries=54 exits=54 buffer_blocks=0 persistence_blocks=0 delay_bars=0 costs_enabled=True
2025-10-11 14:27:23,913 [INFO] backtest.engine: run_complete symbol=AAPL trades=11 entries=11 exits=11 buffer_blocks=0 persistence_blocks=0 delay_bars=0 costs_enabled=True
2025-10-11 14:27:23,916 [INFO] backtest.engine: run_complete symbol=AMZN trades=21 entries=21 exits=21 buffer_blocks=0 persistence_blocks=0 delay_bars=0 costs_enabled=True
2025-10-11 14:27:23,919 [INFO] backtest.engine: run_complete symbol=AAPL trades=11 entries=11 exits=11 buffer_blocks=0 persistence_blocks=0 delay_bars=0 costs_enabled=True
2025-10-11 14:27:23,920 [INFO] backtest.engine: run_complete symbol=MSFT trades=12 entries=12 exits=12 buffer_blocks=0 persistence_blocks=0 delay_bars=0 costs_enabled=True
2025-10-11 14:27:23,926 [INFO] backtest.engine: run_complete symbol=MSFT trades=12 entries=12 exits=12 buffer_blocks=0 persistence_blocks=0 delay_bars=0 costs_enabled=True
2025-10-11 14:27:23,927 [INFO] backtest.engine: run_complete symbol=GOOG trades=10 entries=10 exits=10 buffer_blocks=0 persistence_blocks=0 delay_bars=0 costs_enabled=True
2025-10-11 14:27:23,927 [INFO] backtest.engine: run_complete symbol=AMZN trades=10 entries=10 exits=10 buffer_blocks=0 persistence_blocks=0 delay_bars=0 costs_enabled=True
2025-10-11 14:27:23,934 [INFO] backtest.engine: run_complete symbol=MSFT trades=11 entries=11 exits=11 buffer_blocks=0 persistence_blocks=0 delay_bars=0 costs_enabled=True
2025-10-11 14:27:23,935 [INFO] backtest.engine: run_complete symbol=AAPL trades=19 entries=19 exits=19 buffer_blocks=0 persistence_blocks=0 delay_bars=0 costs_enabled=True
2025-10-11 14:27:23,939 [INFO] backtest.engine: run_complete symbol=GOOG trades=20 entries=20 exits=20 buffer_blocks=0 persistence_blocks=0 delay_bars=0 costs_enabled=True
2025-10-11 14:27:23,939 [INFO] backtest.engine: run_complete symbol=MSFT trades=10 entries=10 exits=10 buffer_blocks=0 persistence_blocks=0 delay_bars=0 costs_enabled=True
2025-10-11 14:27:23,943 [INFO] backtest.engine: run_complete symbol=AMZN trades=20 entries=20 exits=20 buffer_blocks=0 persistence_blocks=0 delay_bars=0 costs_enabled=True
2025-10-11 14:27:23,948 [INFO] backtest.engine: run_complete symbol=GOOG trades=11 entries=11 exits=11 buffer_blocks=0 persistence_blocks=0 delay_bars=0 costs_enabled=True
2025-10-11 14:27:23,948 [INFO] backtest.engine: run_complete symbol=AMZN trades=13 entries=13 exits=13 buffer_blocks=0 persistence_blocks=0 delay_bars=0 costs_enabled=True
2025-10-11 14:27:23,948 [INFO] backtest.engine: run_complete symbol=META trades=16 entries=16 exits=16 buffer_blocks=0 persistence_blocks=0 delay_bars=0 costs_enabled=True
2025-10-11 14:27:23,956 [INFO] backtest.engine: run_complete symbol=AMZN trades=12 entries=12 exits=12 buffer_blocks=0 persistence_blocks=0 delay_bars=0 costs_enabled=True
2025-10-11 14:27:23,957 [INFO] backtest.engine: run_complete symbol=MSFT trades=18 entries=18 exits=18 buffer_blocks=0 persistence_blocks=0 delay_bars=0 costs_enabled=True
2025-10-11 14:27:23,960 [INFO] backtest.engine: run_complete symbol=AMZN trades=11 entries=11 exits=11 buffer_blocks=0 persistence_blocks=0 delay_bars=0 costs_enabled=True
2025-10-11 14:27:23,962 [INFO] backtest.engine: run_complete symbol=META trades=23 entries=23 exits=23 buffer_blocks=0 persistence_blocks=0 delay_bars=0 costs_enabled=True
2025-10-11 14:27:23,966 [INFO] backtest.engine: run_complete symbol=GOOG trades=22 entries=22 exits=22 buffer_blocks=0 persistence_blocks=0 delay_bars=0 costs_enabled=True
2025-10-11 14:27:23,970 [INFO] backtest.engine: run_complete symbol=META trades=15 entries=15 exits=15 buffer_blocks=0 persistence_blocks=0 delay_bars=0 costs_enabled=True
2025-10-11 14:27:23,970 [INFO] backtest.engine: run_complete symbol=GOOG trades=16 entries=16 exits=16 buffer_blocks=0 persistence_blocks=0 delay_bars=0 costs_enabled=True
2025-10-11 14:27:23,977 [INFO] backtest.engine: run_complete symbol=GOOG trades=13 entries=13 exits=13 buffer_blocks=0 persistence_blocks=0 delay_bars=0 costs_enabled=True
2025-10-11 14:27:23,980 [INFO] backtest.engine: run_complete symbol=AMZN trades=20 entries=20 exits=20 buffer_blocks=0 persistence_blocks=0 delay_bars=0 costs_enabled=True
2025-10-11 14:27:23,981 [INFO] backtest.engine: run_complete symbol=GOOG trades=11 entries=11 exits=11 buffer_blocks=0 persistence_blocks=0 delay_bars=0 costs_enabled=True
2025-10-11 14:27:23,986 [INFO] backtest.engine: run_complete symbol=AAPL trades=18 entries=18 exits=18 buffer_blocks=0 persistence_blocks=0 delay_bars=0 costs_enabled=True
2025-10-11 14:27:23,988 [INFO] backtest.engine: run_complete symbol=META trades=22 entries=22 exits=22 buffer_blocks=0 persistence_blocks=0 delay_bars=0 costs_enabled=True
2025-10-11 14:27:23,992 [INFO] backtest.engine: run_complete symbol=META trades=15 entries=15 exits=15 buffer_blocks=0 persistence_blocks=0 delay_bars=0 costs_enabled=True
2025-10-11 14:27:23,999 [INFO] backtest.engine: run_complete symbol=META trades=15 entries=15 exits=15 buffer_blocks=0 persistence_blocks=0 delay_bars=0 costs_enabled=True
2025-10-11 14:27:24,001 [INFO] backtest.engine: run_complete symbol=AAPL trades=29 entries=29 exits=29 buffer_blocks=0 persistence_blocks=0 delay_bars=0 costs_enabled=True
2025-10-11 14:27:24,002 [INFO] backtest.engine: run_complete symbol=GOOG trades=20 entries=20 exits=20 buffer_blocks=0 persistence_blocks=0 delay_bars=0 costs_enabled=True
2025-10-11 14:27:24,002 [INFO] backtest.engine: run_complete symbol=META trades=14 entries=14 exits=14 buffer_blocks=0 persistence_blocks=0 delay_bars=0 costs_enabled=True
2025-10-11 14:27:24,010 [INFO] backtest.engine: run_complete symbol=AAPL trades=29 entries=29 exits=29 buffer_blocks=0 persistence_blocks=0 delay_bars=0 costs_enabled=True
2025-10-11 14:27:24,025 [INFO] backtest.engine: run_complete symbol=MSFT trades=31 entries=31 exits=31 buffer_blocks=0 persistence_blocks=0 delay_bars=0 costs_enabled=True
2025-10-11 14:27:24,026 [INFO] backtest.engine: run_complete symbol=AAPL trades=22 entries=22 exits=22 buffer_blocks=0 persistence_blocks=0 delay_bars=0 costs_enabled=True
2025-10-11 14:27:24,027 [INFO] backtest.engine: run_complete symbol=META trades=34 entries=34 exits=34 buffer_blocks=0 persistence_blocks=0 delay_bars=0 costs_enabled=True
2025-10-11 14:27:24,031 [INFO] backtest.engine: run_complete symbol=AAPL trades=21 entries=21 exits=21 buffer_blocks=0 persistence_blocks=0 delay_bars=0 costs_enabled=True
2025-10-11 14:27:24,037 [INFO] backtest.engine: run_complete symbol=AAPL trades=20 entries=20 exits=20 buffer_blocks=0 persistence_blocks=0 delay_bars=0 costs_enabled=True
2025-10-11 14:27:24,042 [INFO] backtest.engine: run_complete symbol=MSFT trades=47 entries=47 exits=47 buffer_blocks=0 persistence_blocks=0 delay_bars=0 costs_enabled=True
2025-10-11 14:27:24,043 [INFO] backtest.engine: run_complete symbol=AAPL trades=44 entries=44 exits=44 buffer_blocks=0 persistence_blocks=0 delay_bars=0 costs_enabled=True
2025-10-11 14:27:24,050 [INFO] backtest.engine: run_complete symbol=MSFT trades=46 entries=46 exits=46 buffer_blocks=0 persistence_blocks=0 delay_bars=0 costs_enabled=True
2025-10-11 14:27:24,060 [INFO] backtest.engine: run_complete symbol=AMZN trades=16 entries=16 exits=16 buffer_blocks=0 persistence_blocks=0 delay_bars=0 costs_enabled=True
2025-10-11 14:27:24,064 [INFO] backtest.engine: run_complete symbol=AAPL trades=20 entries=20 exits=20 buffer_blocks=0 persistence_blocks=0 delay_bars=0 costs_enabled=True
2025-10-11 14:27:24,065 [INFO] backtest.engine: run_complete symbol=MSFT trades=28 entries=28 exits=28 buffer_blocks=0 persistence_blocks=0 delay_bars=0 costs_enabled=True
2025-10-11 14:27:24,070 [INFO] backtest.engine: run_complete symbol=MSFT trades=31 entries=31 exits=31 buffer_blocks=0 persistence_blocks=0 delay_bars=0 costs_enabled=True
2025-10-11 14:27:24,076 [INFO] backtest.engine: run_complete symbol=MSFT trades=30 entries=30 exits=30 buffer_blocks=0 persistence_blocks=0 delay_bars=0 costs_enabled=True
2025-10-11 14:27:24,080 [INFO] backtest.engine: run_complete symbol=AMZN trades=26 entries=26 exits=26 buffer_blocks=0 persistence_blocks=0 delay_bars=0 costs_enabled=True
2025-10-11 14:27:24,088 [INFO] backtest.engine: run_complete symbol=AMZN trades=25 entries=25 exits=25 buffer_blocks=0 persistence_blocks=0 delay_bars=0 costs_enabled=True
2025-10-11 14:27:24,088 [INFO] backtest.engine: run_complete symbol=MSFT trades=71 entries=71 exits=71 buffer_blocks=0 persistence_blocks=0 delay_bars=0 costs_enabled=True
2025-10-11 14:27:24,100 [INFO] backtest.engine: run_complete symbol=GOOG trades=23 entries=23 exits=23 buffer_blocks=0 persistence_blocks=0 delay_bars=0 costs_enabled=True
2025-10-11 14:27:24,101 [INFO] backtest.engine: run_complete symbol=AMZN trades=16 entries=16 exits=16 buffer_blocks=0 persistence_blocks=0 delay_bars=0 costs_enabled=True
2025-10-11 14:27:24,104 [INFO] backtest.engine: run_complete symbol=MSFT trades=31 entries=31 exits=31 buffer_blocks=0 persistence_blocks=0 delay_bars=0 costs_enabled=True
2025-10-11 14:27:24,107 [INFO] backtest.engine: run_complete symbol=AMZN trades=15 entries=15 exits=15 buffer_blocks=0 persistence_blocks=0 delay_bars=0 costs_enabled=True
2025-10-11 14:27:24,112 [INFO] backtest.engine: run_complete symbol=AMZN trades=15 entries=15 exits=15 buffer_blocks=0 persistence_blocks=0 delay_bars=0 costs_enabled=True
2025-10-11 14:27:24,123 [INFO] backtest.engine: run_complete symbol=GOOG trades=43 entries=43 exits=43 buffer_blocks=0 persistence_blocks=0 delay_bars=0 costs_enabled=True
2025-10-11 14:27:24,131 [INFO] backtest.engine: run_complete symbol=GOOG trades=40 entries=40 exits=40 buffer_blocks=0 persistence_blocks=0 delay_bars=0 costs_enabled=True
2025-10-11 14:27:24,131 [INFO] backtest.engine: run_complete symbol=AMZN trades=41 entries=41 exits=41 buffer_blocks=0 persistence_blocks=0 delay_bars=0 costs_enabled=True
2025-10-11 14:27:24,140 [INFO] backtest.engine: run_complete symbol=META trades=24 entries=24 exits=24 buffer_blocks=0 persistence_blocks=0 delay_bars=0 costs_enabled=True
2025-10-11 14:27:24,141 [INFO] backtest.engine: run_complete symbol=GOOG trades=27 entries=27 exits=27 buffer_blocks=0 persistence_blocks=0 delay_bars=0 costs_enabled=True
2025-10-11 14:27:24,141 [INFO] backtest.engine: run_complete symbol=AMZN trades=16 entries=16 exits=16 buffer_blocks=0 persistence_blocks=0 delay_bars=0 costs_enabled=True
2025-10-11 14:27:24,146 [INFO] backtest.engine: run_complete symbol=GOOG trades=24 entries=24 exits=24 buffer_blocks=0 persistence_blocks=0 delay_bars=0 costs_enabled=True
2025-10-11 14:27:24,152 [INFO] backtest.engine: run_complete symbol=GOOG trades=31 entries=31 exits=31 buffer_blocks=0 persistence_blocks=0 delay_bars=0 costs_enabled=True
2025-10-11 14:27:24,164 [INFO] backtest.engine: run_complete symbol=AAPL trades=10 entries=10 exits=10 buffer_blocks=0 persistence_blocks=0 delay_bars=0 costs_enabled=True
2025-10-11 14:27:24,164 [INFO] backtest.engine: run_complete symbol=META trades=42 entries=42 exits=42 buffer_blocks=0 persistence_blocks=0 delay_bars=0 costs_enabled=True
2025-10-11 14:27:24,172 [INFO] backtest.engine: run_complete symbol=META trades=42 entries=42 exits=42 buffer_blocks=0 persistence_blocks=0 delay_bars=0 costs_enabled=True
2025-10-11 14:27:24,176 [INFO] backtest.engine: run_complete symbol=GOOG trades=62 entries=62 exits=62 buffer_blocks=0 persistence_blocks=0 delay_bars=0 costs_enabled=True
2025-10-11 14:27:24,179 [INFO] backtest.engine: run_complete symbol=META trades=22 entries=22 exits=22 buffer_blocks=0 persistence_blocks=0 delay_bars=0 costs_enabled=True
2025-10-11 14:27:24,180 [INFO] backtest.engine: run_complete symbol=GOOG trades=24 entries=24 exits=24 buffer_blocks=0 persistence_blocks=0 delay_bars=0 costs_enabled=True
2025-10-11 14:27:24,184 [INFO] backtest.engine: run_complete symbol=META trades=24 entries=24 exits=24 buffer_blocks=0 persistence_blocks=0 delay_bars=0 costs_enabled=True
2025-10-11 14:27:24,185 [INFO] backtest.engine: run_complete symbol=MSFT trades=11 entries=11 exits=11 buffer_blocks=0 persistence_blocks=0 delay_bars=0 costs_enabled=True
2025-10-11 14:27:24,190 [INFO] backtest.engine: run_complete symbol=AAPL trades=18 entries=18 exits=18 buffer_blocks=0 persistence_blocks=0 delay_bars=0 costs_enabled=True
2025-10-11 14:27:24,193 [INFO] backtest.engine: run_complete symbol=META trades=30 entries=30 exits=30 buffer_blocks=0 persistence_blocks=0 delay_bars=0 costs_enabled=True
2025-10-11 14:27:24,198 [INFO] backtest.engine: run_complete symbol=AAPL trades=17 entries=17 exits=17 buffer_blocks=0 persistence_blocks=0 delay_bars=0 costs_enabled=True
2025-10-11 14:27:24,204 [INFO] backtest.engine: run_complete symbol=AAPL trades=10 entries=10 exits=10 buffer_blocks=0 persistence_blocks=0 delay_bars=0 costs_enabled=True
2025-10-11 14:27:24,207 [INFO] backtest.engine: run_complete symbol=AMZN trades=11 entries=11 exits=11 buffer_blocks=0 persistence_blocks=0 delay_bars=0 costs_enabled=True
2025-10-11 14:27:24,208 [INFO] backtest.engine: run_complete symbol=AAPL trades=10 entries=10 exits=10 buffer_blocks=0 persistence_blocks=0 delay_bars=0 costs_enabled=True
2025-10-11 14:27:24,211 [INFO] backtest.engine: run_complete symbol=MSFT trades=14 entries=14 exits=14 buffer_blocks=0 persistence_blocks=0 delay_bars=0 costs_enabled=True
2025-10-11 14:27:24,217 [INFO] backtest.engine: run_complete symbol=AAPL trades=9 entries=9 exits=9 buffer_blocks=0 persistence_blocks=0 delay_bars=0 costs_enabled=True
2025-10-11 14:27:24,218 [INFO] backtest.engine: run_complete symbol=META trades=23 entries=23 exits=23 buffer_blocks=0 persistence_blocks=0 delay_bars=0 costs_enabled=True
2025-10-11 14:27:24,220 [INFO] backtest.engine: run_complete symbol=MSFT trades=13 entries=13 exits=13 buffer_blocks=0 persistence_blocks=0 delay_bars=0 costs_enabled=True
2025-10-11 14:27:24,220 [INFO] backtest.engine: run_complete symbol=META trades=57 entries=57 exits=57 buffer_blocks=0 persistence_blocks=0 delay_bars=0 costs_enabled=True
2025-10-11 14:27:24,226 [INFO] backtest.engine: run_complete symbol=MSFT trades=12 entries=12 exits=12 buffer_blocks=0 persistence_blocks=0 delay_bars=0 costs_enabled=True
2025-10-11 14:27:24,229 [INFO] backtest.engine: run_complete symbol=MSFT trades=10 entries=10 exits=10 buffer_blocks=0 persistence_blocks=0 delay_bars=0 costs_enabled=True
2025-10-11 14:27:24,229 [INFO] backtest.engine: run_complete symbol=GOOG trades=14 entries=14 exits=14 buffer_blocks=0 persistence_blocks=0 delay_bars=0 costs_enabled=True
2025-10-11 14:27:24,233 [INFO] backtest.engine: run_complete symbol=AMZN trades=18 entries=18 exits=18 buffer_blocks=0 persistence_blocks=0 delay_bars=0 costs_enabled=True
2025-10-11 14:27:24,238 [INFO] backtest.engine: run_complete symbol=MSFT trades=10 entries=10 exits=10 buffer_blocks=0 persistence_blocks=0 delay_bars=0 costs_enabled=True
2025-10-11 14:27:24,242 [INFO] backtest.engine: run_complete symbol=AAPL trades=10 entries=10 exits=10 buffer_blocks=0 persistence_blocks=0 delay_bars=0 costs_enabled=True
2025-10-11 14:27:24,243 [INFO] backtest.engine: run_complete symbol=AMZN trades=18 entries=18 exits=18 buffer_blocks=0 persistence_blocks=0 delay_bars=0 costs_enabled=True
2025-10-11 14:27:24,247 [INFO] backtest.engine: run_complete symbol=AMZN trades=11 entries=11 exits=11 buffer_blocks=0 persistence_blocks=0 delay_bars=0 costs_enabled=True
2025-10-11 14:27:24,247 [INFO] backtest.engine: run_complete symbol=AAPL trades=28 entries=28 exits=28 buffer_blocks=0 persistence_blocks=0 delay_bars=0 costs_enabled=True
2025-10-11 14:27:24,250 [INFO] backtest.engine: run_complete symbol=AMZN trades=11 entries=11 exits=11 buffer_blocks=0 persistence_blocks=0 delay_bars=0 costs_enabled=True
2025-10-11 14:27:24,251 [INFO] backtest.engine: run_complete symbol=META trades=14 entries=14 exits=14 buffer_blocks=0 persistence_blocks=0 delay_bars=0 costs_enabled=True
2025-10-11 14:27:24,255 [INFO] backtest.engine: run_complete symbol=GOOG trades=18 entries=18 exits=18 buffer_blocks=0 persistence_blocks=0 delay_bars=0 costs_enabled=True
2025-10-11 14:27:24,260 [INFO] backtest.engine: run_complete symbol=AMZN trades=10 entries=10 exits=10 buffer_blocks=0 persistence_blocks=0 delay_bars=0 costs_enabled=True
2025-10-11 14:27:24,263 [INFO] backtest.engine: run_complete symbol=MSFT trades=11 entries=11 exits=11 buffer_blocks=0 persistence_blocks=0 delay_bars=0 costs_enabled=True
2025-10-11 14:27:24,264 [INFO] backtest.engine: run_complete symbol=GOOG trades=18 entries=18 exits=18 buffer_blocks=0 persistence_blocks=0 delay_bars=0 costs_enabled=True
2025-10-11 14:27:24,268 [INFO] backtest.engine: run_complete symbol=GOOG trades=12 entries=12 exits=12 buffer_blocks=0 persistence_blocks=0 delay_bars=0 costs_enabled=True
2025-10-11 14:27:24,270 [INFO] backtest.engine: run_complete symbol=MSFT trades=21 entries=21 exits=21 buffer_blocks=0 persistence_blocks=0 delay_bars=0 costs_enabled=True
2025-10-11 14:27:24,271 [INFO] backtest.engine: run_complete symbol=GOOG trades=12 entries=12 exits=12 buffer_blocks=0 persistence_blocks=0 delay_bars=0 costs_enabled=True
2025-10-11 14:27:24,279 [INFO] backtest.engine: run_complete symbol=META trades=25 entries=25 exits=25 buffer_blocks=0 persistence_blocks=0 delay_bars=0 costs_enabled=True
2025-10-11 14:27:24,282 [INFO] backtest.engine: run_complete symbol=GOOG trades=13 entries=13 exits=13 buffer_blocks=0 persistence_blocks=0 delay_bars=0 costs_enabled=True
2025-10-11 14:27:24,284 [INFO] backtest.engine: run_complete symbol=AMZN trades=12 entries=12 exits=12 buffer_blocks=0 persistence_blocks=0 delay_bars=0 costs_enabled=True
2025-10-11 14:27:24,288 [INFO] backtest.engine: run_complete symbol=META trades=24 entries=24 exits=24 buffer_blocks=0 persistence_blocks=0 delay_bars=0 costs_enabled=True
2025-10-11 14:27:24,289 [INFO] backtest.engine: run_complete symbol=AAPL trades=20 entries=20 exits=20 buffer_blocks=0 persistence_blocks=0 delay_bars=0 costs_enabled=True
2025-10-11 14:27:24,290 [INFO] backtest.engine: run_complete symbol=META trades=16 entries=16 exits=16 buffer_blocks=0 persistence_blocks=0 delay_bars=0 costs_enabled=True
2025-10-11 14:27:24,293 [INFO] backtest.engine: run_complete symbol=META trades=15 entries=15 exits=15 buffer_blocks=0 persistence_blocks=0 delay_bars=0 costs_enabled=True
2025-10-11 14:27:24,294 [INFO] backtest.engine: run_complete symbol=AMZN trades=30 entries=30 exits=30 buffer_blocks=0 persistence_blocks=0 delay_bars=0 costs_enabled=True
2025-10-11 14:27:24,304 [INFO] backtest.engine: run_complete symbol=META trades=16 entries=16 exits=16 buffer_blocks=0 persistence_blocks=0 delay_bars=0 costs_enabled=True
2025-10-11 14:27:24,306 [INFO] backtest.engine: run_complete symbol=GOOG trades=14 entries=14 exits=14 buffer_blocks=0 persistence_blocks=0 delay_bars=0 costs_enabled=True
2025-10-11 14:27:24,316 [INFO] backtest.engine: run_complete symbol=AAPL trades=19 entries=19 exits=19 buffer_blocks=0 persistence_blocks=0 delay_bars=0 costs_enabled=True
2025-10-11 14:27:24,319 [INFO] backtest.engine: run_complete symbol=GOOG trades=32 entries=32 exits=32 buffer_blocks=0 persistence_blocks=0 delay_bars=0 costs_enabled=True
2025-10-11 14:27:24,326 [INFO] backtest.engine: run_complete symbol=AAPL trades=21 entries=21 exits=21 buffer_blocks=0 persistence_blocks=0 delay_bars=0 costs_enabled=True
2025-10-11 14:27:24,327 [INFO] backtest.engine: run_complete symbol=META trades=15 entries=15 exits=15 buffer_blocks=0 persistence_blocks=0 delay_bars=0 costs_enabled=True
2025-10-11 14:27:24,328 [INFO] backtest.engine: run_complete symbol=AAPL trades=17 entries=17 exits=17 buffer_blocks=0 persistence_blocks=0 delay_bars=0 costs_enabled=True
2025-10-11 14:27:24,329 [INFO] backtest.engine: run_complete symbol=MSFT trades=34 entries=34 exits=34 buffer_blocks=0 persistence_blocks=0 delay_bars=0 costs_enabled=True
2025-10-11 14:27:24,344 [INFO] backtest.engine: run_complete symbol=META trades=34 entries=34 exits=34 buffer_blocks=0 persistence_blocks=0 delay_bars=0 costs_enabled=True
2025-10-11 14:27:24,354 [INFO] backtest.engine: run_complete symbol=MSFT trades=30 entries=30 exits=30 buffer_blocks=0 persistence_blocks=0 delay_bars=0 costs_enabled=True
2025-10-11 14:27:24,365 [INFO] backtest.engine: run_complete symbol=MSFT trades=29 entries=29 exits=29 buffer_blocks=0 persistence_blocks=0 delay_bars=0 costs_enabled=True
2025-10-11 14:27:24,365 [INFO] backtest.engine: run_complete symbol=AMZN trades=19 entries=19 exits=19 buffer_blocks=0 persistence_blocks=0 delay_bars=0 costs_enabled=True
2025-10-11 14:27:24,367 [INFO] backtest.engine: run_complete symbol=MSFT trades=30 entries=30 exits=30 buffer_blocks=0 persistence_blocks=0 delay_bars=0 costs_enabled=True
2025-10-11 14:27:24,390 [INFO] backtest.engine: run_complete symbol=AMZN trades=15 entries=15 exits=15 buffer_blocks=0 persistence_blocks=0 delay_bars=0 costs_enabled=True
2025-10-11 14:27:24,401 [INFO] backtest.engine: run_complete symbol=AMZN trades=15 entries=15 exits=15 buffer_blocks=0 persistence_blocks=0 delay_bars=0 costs_enabled=True
2025-10-11 14:27:24,403 [INFO] backtest.engine: run_complete symbol=AMZN trades=16 entries=16 exits=16 buffer_blocks=0 persistence_blocks=0 delay_bars=0 costs_enabled=True
2025-10-11 14:27:24,403 [INFO] backtest.engine: run_complete symbol=GOOG trades=24 entries=25 exits=24 buffer_blocks=0 persistence_blocks=0 delay_bars=0 costs_enabled=True
2025-10-11 14:27:24,426 [INFO] backtest.engine: run_complete symbol=GOOG trades=21 entries=21 exits=21 buffer_blocks=0 persistence_blocks=0 delay_bars=0 costs_enabled=True
2025-10-11 14:27:24,439 [INFO] backtest.engine: run_complete symbol=GOOG trades=24 entries=24 exits=24 buffer_blocks=0 persistence_blocks=0 delay_bars=0 costs_enabled=True
2025-10-11 14:27:24,439 [INFO] backtest.engine: run_complete symbol=GOOG trades=22 entries=23 exits=22 buffer_blocks=0 persistence_blocks=0 delay_bars=0 costs_enabled=True
2025-10-11 14:27:24,441 [INFO] backtest.engine: run_complete symbol=META trades=28 entries=28 exits=28 buffer_blocks=0 persistence_blocks=0 delay_bars=0 costs_enabled=True
2025-10-11 14:27:24,463 [INFO] backtest.engine: run_complete symbol=META trades=24 entries=24 exits=24 buffer_blocks=0 persistence_blocks=0 delay_bars=0 costs_enabled=True
2025-10-11 14:27:24,466 [INFO] backtest.engine: run_complete symbol=AAPL trades=15 entries=15 exits=15 buffer_blocks=0 persistence_blocks=0 delay_bars=0 costs_enabled=True
2025-10-11 14:27:24,476 [INFO] backtest.engine: run_complete symbol=META trades=21 entries=21 exits=21 buffer_blocks=0 persistence_blocks=0 delay_bars=0 costs_enabled=True
2025-10-11 14:27:24,476 [INFO] backtest.engine: run_complete symbol=META trades=23 entries=23 exits=23 buffer_blocks=0 persistence_blocks=0 delay_bars=0 costs_enabled=True
2025-10-11 14:27:24,486 [INFO] backtest.engine: run_complete symbol=MSFT trades=11 entries=11 exits=11 buffer_blocks=0 persistence_blocks=0 delay_bars=0 costs_enabled=True
2025-10-11 14:27:24,486 [INFO] backtest.engine: run_complete symbol=AAPL trades=11 entries=11 exits=11 buffer_blocks=0 persistence_blocks=0 delay_bars=0 costs_enabled=True
2025-10-11 14:27:24,499 [INFO] backtest.engine: run_complete symbol=AAPL trades=10 entries=10 exits=10 buffer_blocks=0 persistence_blocks=0 delay_bars=0 costs_enabled=True
2025-10-11 14:27:24,500 [INFO] backtest.engine: run_complete symbol=AAPL trades=10 entries=10 exits=10 buffer_blocks=0 persistence_blocks=0 delay_bars=0 costs_enabled=True
2025-10-11 14:27:24,507 [INFO] backtest.engine: run_complete symbol=MSFT trades=12 entries=12 exits=12 buffer_blocks=0 persistence_blocks=0 delay_bars=0 costs_enabled=True
2025-10-11 14:27:24,507 [INFO] backtest.engine: run_complete symbol=AMZN trades=13 entries=13 exits=13 buffer_blocks=0 persistence_blocks=0 delay_bars=0 costs_enabled=True
2025-10-11 14:27:24,520 [INFO] backtest.engine: run_complete symbol=MSFT trades=10 entries=10 exits=10 buffer_blocks=0 persistence_blocks=0 delay_bars=0 costs_enabled=True
2025-10-11 14:27:24,520 [INFO] backtest.engine: run_complete symbol=MSFT trades=10 entries=10 exits=10 buffer_blocks=0 persistence_blocks=0 delay_bars=0 costs_enabled=True
2025-10-11 14:27:24,527 [INFO] backtest.engine: run_complete symbol=AMZN trades=11 entries=11 exits=11 buffer_blocks=0 persistence_blocks=0 delay_bars=0 costs_enabled=True
2025-10-11 14:27:24,529 [INFO] backtest.engine: run_complete symbol=GOOG trades=15 entries=15 exits=15 buffer_blocks=0 persistence_blocks=0 delay_bars=0 costs_enabled=True
2025-10-11 14:27:24,541 [INFO] backtest.engine: run_complete symbol=AMZN trades=12 entries=12 exits=12 buffer_blocks=0 persistence_blocks=0 delay_bars=0 costs_enabled=True
2025-10-11 14:27:24,542 [INFO] backtest.engine: run_complete symbol=AMZN trades=11 entries=11 exits=11 buffer_blocks=0 persistence_blocks=0 delay_bars=0 costs_enabled=True
2025-10-11 14:27:24,548 [INFO] backtest.engine: run_complete symbol=GOOG trades=13 entries=13 exits=13 buffer_blocks=0 persistence_blocks=0 delay_bars=0 costs_enabled=True
2025-10-11 14:27:24,551 [INFO] backtest.engine: run_complete symbol=META trades=17 entries=17 exits=17 buffer_blocks=0 persistence_blocks=0 delay_bars=0 costs_enabled=True
2025-10-11 14:27:24,562 [INFO] backtest.engine: run_complete symbol=GOOG trades=13 entries=13 exits=13 buffer_blocks=0 persistence_blocks=0 delay_bars=0 costs_enabled=True
2025-10-11 14:27:24,562 [INFO] backtest.engine: run_complete symbol=GOOG trades=11 entries=11 exits=11 buffer_blocks=0 persistence_blocks=0 delay_bars=0 costs_enabled=True
2025-10-11 14:27:24,569 [INFO] backtest.engine: run_complete symbol=META trades=15 entries=15 exits=15 buffer_blocks=0 persistence_blocks=0 delay_bars=0 costs_enabled=True
2025-10-11 14:27:24,584 [INFO] backtest.engine: run_complete symbol=META trades=14 entries=14 exits=14 buffer_blocks=0 persistence_blocks=0 delay_bars=0 costs_enabled=True
2025-10-11 14:27:24,584 [INFO] backtest.engine: run_complete symbol=META trades=15 entries=15 exits=15 buffer_blocks=0 persistence_blocks=0 delay_bars=0 costs_enabled=True
2025-10-11 14:27:25,263 [INFO] backtest.engine: run_complete symbol=AAPL trades=17 entries=17 exits=17 buffer_blocks=0 persistence_blocks=0 delay_bars=0 costs_enabled=True
2025-10-11 14:27:25,266 [INFO] backtest.engine: run_complete symbol=AAPL trades=17 entries=17 exits=17 buffer_blocks=0 persistence_blocks=0 delay_bars=0 costs_enabled=True
2025-10-11 14:27:25,266 [INFO] backtest.engine: run_complete symbol=AAPL trades=19 entries=19 exits=19 buffer_blocks=0 persistence_blocks=0 delay_bars=0 costs_enabled=True
2025-10-11 14:27:25,271 [INFO] backtest.engine: run_complete symbol=AAPL trades=17 entries=17 exits=17 buffer_blocks=0 persistence_blocks=0 delay_bars=0 costs_enabled=True
2025-10-11 14:27:25,271 [INFO] backtest.engine: run_complete symbol=AAPL trades=21 entries=21 exits=21 buffer_blocks=0 persistence_blocks=0 delay_bars=0 costs_enabled=True
2025-10-11 14:27:25,275 [INFO] backtest.engine: run_complete symbol=AAPL trades=18 entries=18 exits=18 buffer_blocks=0 persistence_blocks=0 delay_bars=0 costs_enabled=True
2025-10-11 14:27:25,276 [INFO] backtest.engine: run_complete symbol=AAPL trades=20 entries=20 exits=20 buffer_blocks=0 persistence_blocks=0 delay_bars=0 costs_enabled=True
2025-10-11 14:27:25,278 [INFO] backtest.engine: run_complete symbol=AAPL trades=25 entries=25 exits=25 buffer_blocks=0 persistence_blocks=0 delay_bars=0 costs_enabled=True
2025-10-11 14:27:25,302 [INFO] backtest.engine: run_complete symbol=MSFT trades=31 entries=31 exits=31 buffer_blocks=0 persistence_blocks=0 delay_bars=0 costs_enabled=True
2025-10-11 14:27:25,304 [INFO] backtest.engine: run_complete symbol=MSFT trades=33 entries=33 exits=33 buffer_blocks=0 persistence_blocks=0 delay_bars=0 costs_enabled=True
2025-10-11 14:27:25,305 [INFO] backtest.engine: run_complete symbol=MSFT trades=30 entries=30 exits=30 buffer_blocks=0 persistence_blocks=0 delay_bars=0 costs_enabled=True
2025-10-11 14:27:25,309 [INFO] backtest.engine: run_complete symbol=MSFT trades=30 entries=30 exits=30 buffer_blocks=0 persistence_blocks=0 delay_bars=0 costs_enabled=True
2025-10-11 14:27:25,309 [INFO] backtest.engine: run_complete symbol=MSFT trades=28 entries=28 exits=28 buffer_blocks=0 persistence_blocks=0 delay_bars=0 costs_enabled=True
2025-10-11 14:27:25,314 [INFO] backtest.engine: run_complete symbol=MSFT trades=31 entries=31 exits=31 buffer_blocks=0 persistence_blocks=0 delay_bars=0 costs_enabled=True
2025-10-11 14:27:25,314 [INFO] backtest.engine: run_complete symbol=MSFT trades=31 entries=31 exits=31 buffer_blocks=0 persistence_blocks=0 delay_bars=0 costs_enabled=True
2025-10-11 14:27:25,317 [INFO] backtest.engine: run_complete symbol=MSFT trades=32 entries=32 exits=32 buffer_blocks=0 persistence_blocks=0 delay_bars=0 costs_enabled=True
2025-10-11 14:27:25,338 [INFO] backtest.engine: run_complete symbol=AMZN trades=14 entries=14 exits=14 buffer_blocks=0 persistence_blocks=0 delay_bars=0 costs_enabled=True
2025-10-11 14:27:25,340 [INFO] backtest.engine: run_complete symbol=AMZN trades=14 entries=14 exits=14 buffer_blocks=0 persistence_blocks=0 delay_bars=0 costs_enabled=True
2025-10-11 14:27:25,340 [INFO] backtest.engine: run_complete symbol=AMZN trades=19 entries=19 exits=19 buffer_blocks=0 persistence_blocks=0 delay_bars=0 costs_enabled=True
2025-10-11 14:27:25,344 [INFO] backtest.engine: run_complete symbol=AMZN trades=16 entries=16 exits=16 buffer_blocks=0 persistence_blocks=0 delay_bars=0 costs_enabled=True
2025-10-11 14:27:25,345 [INFO] backtest.engine: run_complete symbol=AMZN trades=15 entries=15 exits=15 buffer_blocks=0 persistence_blocks=0 delay_bars=0 costs_enabled=True
2025-10-11 14:27:25,349 [INFO] backtest.engine: run_complete symbol=AMZN trades=16 entries=16 exits=16 buffer_blocks=0 persistence_blocks=0 delay_bars=0 costs_enabled=True
2025-10-11 14:27:25,351 [INFO] backtest.engine: run_complete symbol=AMZN trades=16 entries=16 exits=16 buffer_blocks=0 persistence_blocks=0 delay_bars=0 costs_enabled=True
2025-10-11 14:27:25,353 [INFO] backtest.engine: run_complete symbol=AMZN trades=21 entries=21 exits=21 buffer_blocks=0 persistence_blocks=0 delay_bars=0 costs_enabled=True
2025-10-11 14:27:25,374 [INFO] backtest.engine: run_complete symbol=GOOG trades=22 entries=22 exits=22 buffer_blocks=0 persistence_blocks=0 delay_bars=0 costs_enabled=True
2025-10-11 14:27:25,376 [INFO] backtest.engine: run_complete symbol=GOOG trades=21 entries=21 exits=21 buffer_blocks=0 persistence_blocks=0 delay_bars=0 costs_enabled=True
2025-10-11 14:27:25,377 [INFO] backtest.engine: run_complete symbol=GOOG trades=24 entries=24 exits=24 buffer_blocks=0 persistence_blocks=0 delay_bars=0 costs_enabled=True
2025-10-11 14:27:25,381 [INFO] backtest.engine: run_complete symbol=GOOG trades=24 entries=24 exits=24 buffer_blocks=0 persistence_blocks=0 delay_bars=0 costs_enabled=True
2025-10-11 14:27:25,382 [INFO] backtest.engine: run_complete symbol=GOOG trades=22 entries=23 exits=22 buffer_blocks=0 persistence_blocks=0 delay_bars=0 costs_enabled=True
2025-10-11 14:27:25,387 [INFO] backtest.engine: run_complete symbol=GOOG trades=23 entries=23 exits=23 buffer_blocks=0 persistence_blocks=0 delay_bars=0 costs_enabled=True
2025-10-11 14:27:25,387 [INFO] backtest.engine: run_complete symbol=GOOG trades=24 entries=24 exits=24 buffer_blocks=0 persistence_blocks=0 delay_bars=0 costs_enabled=True
2025-10-11 14:27:25,390 [INFO] backtest.engine: run_complete symbol=GOOG trades=30 entries=30 exits=30 buffer_blocks=0 persistence_blocks=0 delay_bars=0 costs_enabled=True
2025-10-11 14:27:25,412 [INFO] backtest.engine: run_complete symbol=META trades=25 entries=25 exits=25 buffer_blocks=0 persistence_blocks=0 delay_bars=0 costs_enabled=True
2025-10-11 14:27:25,412 [INFO] backtest.engine: run_complete symbol=META trades=21 entries=21 exits=21 buffer_blocks=0 persistence_blocks=0 delay_bars=0 costs_enabled=True
2025-10-11 14:27:25,415 [INFO] backtest.engine: run_complete symbol=META trades=28 entries=28 exits=28 buffer_blocks=0 persistence_blocks=0 delay_bars=0 costs_enabled=True
2025-10-11 14:27:25,418 [INFO] backtest.engine: run_complete symbol=META trades=23 entries=23 exits=23 buffer_blocks=0 persistence_blocks=0 delay_bars=0 costs_enabled=True
2025-10-11 14:27:25,418 [INFO] backtest.engine: run_complete symbol=META trades=24 entries=24 exits=24 buffer_blocks=0 persistence_blocks=0 delay_bars=0 costs_enabled=True
2025-10-11 14:27:25,424 [INFO] backtest.engine: run_complete symbol=META trades=22 entries=22 exits=22 buffer_blocks=0 persistence_blocks=0 delay_bars=0 costs_enabled=True
2025-10-11 14:27:25,424 [INFO] backtest.engine: run_complete symbol=META trades=24 entries=24 exits=24 buffer_blocks=0 persistence_blocks=0 delay_bars=0 costs_enabled=True
2025-10-11 14:27:25,429 [INFO] backtest.engine: run_complete symbol=META trades=26 entries=26 exits=26 buffer_blocks=0 persistence_blocks=0 delay_bars=0 costs_enabled=True
2025-10-11 14:27:25,436 [INFO] backtest.engine: run_complete symbol=AAPL trades=10 entries=10 exits=10 buffer_blocks=0 persistence_blocks=0 delay_bars=0 costs_enabled=True
2025-10-11 14:27:25,436 [INFO] backtest.engine: run_complete symbol=AAPL trades=9 entries=9 exits=9 buffer_blocks=0 persistence_blocks=0 delay_bars=0 costs_enabled=True
2025-10-11 14:27:25,440 [INFO] backtest.engine: run_complete symbol=AAPL trades=15 entries=15 exits=15 buffer_blocks=0 persistence_blocks=0 delay_bars=0 costs_enabled=True
2025-10-11 14:27:25,442 [INFO] backtest.engine: run_complete symbol=AAPL trades=10 entries=10 exits=10 buffer_blocks=0 persistence_blocks=0 delay_bars=0 costs_enabled=True
2025-10-11 14:27:25,445 [INFO] backtest.engine: run_complete symbol=AAPL trades=11 entries=11 exits=11 buffer_blocks=0 persistence_blocks=0 delay_bars=0 costs_enabled=True
2025-10-11 14:27:25,448 [INFO] backtest.engine: run_complete symbol=AAPL trades=10 entries=10 exits=10 buffer_blocks=0 persistence_blocks=0 delay_bars=0 costs_enabled=True
2025-10-11 14:27:25,449 [INFO] backtest.engine: run_complete symbol=AAPL trades=10 entries=10 exits=10 buffer_blocks=0 persistence_blocks=0 delay_bars=0 costs_enabled=True
2025-10-11 14:27:25,454 [INFO] backtest.engine: run_complete symbol=AAPL trades=11 entries=11 exits=11 buffer_blocks=0 persistence_blocks=0 delay_bars=0 costs_enabled=True
2025-10-11 14:27:25,457 [INFO] backtest.engine: run_complete symbol=MSFT trades=10 entries=10 exits=10 buffer_blocks=0 persistence_blocks=0 delay_bars=0 costs_enabled=True
2025-10-11 14:27:25,457 [INFO] backtest.engine: run_complete symbol=MSFT trades=10 entries=10 exits=10 buffer_blocks=0 persistence_blocks=0 delay_bars=0 costs_enabled=True
2025-10-11 14:27:25,461 [INFO] backtest.engine: run_complete symbol=MSFT trades=11 entries=11 exits=11 buffer_blocks=0 persistence_blocks=0 delay_bars=0 costs_enabled=True
2025-10-11 14:27:25,463 [INFO] backtest.engine: run_complete symbol=MSFT trades=10 entries=10 exits=10 buffer_blocks=0 persistence_blocks=0 delay_bars=0 costs_enabled=True
2025-10-11 14:27:25,466 [INFO] backtest.engine: run_complete symbol=MSFT trades=11 entries=11 exits=11 buffer_blocks=0 persistence_blocks=0 delay_bars=0 costs_enabled=True
2025-10-11 14:27:25,469 [INFO] backtest.engine: run_complete symbol=MSFT trades=11 entries=11 exits=11 buffer_blocks=0 persistence_blocks=0 delay_bars=0 costs_enabled=True
2025-10-11 14:27:25,469 [INFO] backtest.engine: run_complete symbol=MSFT trades=11 entries=11 exits=11 buffer_blocks=0 persistence_blocks=0 delay_bars=0 costs_enabled=True
2025-10-11 14:27:25,475 [INFO] backtest.engine: run_complete symbol=MSFT trades=10 entries=10 exits=10 buffer_blocks=0 persistence_blocks=0 delay_bars=0 costs_enabled=True
2025-10-11 14:27:25,478 [INFO] backtest.engine: run_complete symbol=AMZN trades=11 entries=11 exits=11 buffer_blocks=0 persistence_blocks=0 delay_bars=0 costs_enabled=True
2025-10-11 14:27:25,478 [INFO] backtest.engine: run_complete symbol=AMZN trades=12 entries=12 exits=12 buffer_blocks=0 persistence_blocks=0 delay_bars=0 costs_enabled=True
2025-10-11 14:27:25,483 [INFO] backtest.engine: run_complete symbol=AMZN trades=13 entries=13 exits=13 buffer_blocks=0 persistence_blocks=0 delay_bars=0 costs_enabled=True
2025-10-11 14:27:25,484 [INFO] backtest.engine: run_complete symbol=AMZN trades=12 entries=12 exits=12 buffer_blocks=0 persistence_blocks=0 delay_bars=0 costs_enabled=True
2025-10-11 14:27:25,488 [INFO] backtest.engine: run_complete symbol=AMZN trades=12 entries=12 exits=12 buffer_blocks=0 persistence_blocks=0 delay_bars=0 costs_enabled=True
2025-10-11 14:27:25,489 [INFO] backtest.engine: run_complete symbol=AMZN trades=11 entries=11 exits=11 buffer_blocks=0 persistence_blocks=0 delay_bars=0 costs_enabled=True
2025-10-11 14:27:25,490 [INFO] backtest.engine: run_complete symbol=AMZN trades=11 entries=11 exits=11 buffer_blocks=0 persistence_blocks=0 delay_bars=0 costs_enabled=True
2025-10-11 14:27:25,497 [INFO] backtest.engine: run_complete symbol=AMZN trades=15 entries=15 exits=15 buffer_blocks=0 persistence_blocks=0 delay_bars=0 costs_enabled=True
2025-10-11 14:27:25,499 [INFO] backtest.engine: run_complete symbol=GOOG trades=12 entries=12 exits=12 buffer_blocks=0 persistence_blocks=0 delay_bars=0 costs_enabled=True
2025-10-11 14:27:25,500 [INFO] backtest.engine: run_complete symbol=GOOG trades=12 entries=12 exits=12 buffer_blocks=0 persistence_blocks=0 delay_bars=0 costs_enabled=True
2025-10-11 14:27:25,504 [INFO] backtest.engine: run_complete symbol=GOOG trades=15 entries=15 exits=15 buffer_blocks=0 persistence_blocks=0 delay_bars=0 costs_enabled=True
2025-10-11 14:27:25,505 [INFO] backtest.engine: run_complete symbol=GOOG trades=12 entries=12 exits=12 buffer_blocks=0 persistence_blocks=0 delay_bars=0 costs_enabled=True
2025-10-11 14:27:25,509 [INFO] backtest.engine: run_complete symbol=GOOG trades=12 entries=12 exits=12 buffer_blocks=0 persistence_blocks=0 delay_bars=0 costs_enabled=True
2025-10-11 14:27:25,511 [INFO] backtest.engine: run_complete symbol=GOOG trades=14 entries=14 exits=14 buffer_blocks=0 persistence_blocks=0 delay_bars=0 costs_enabled=True
2025-10-11 14:27:25,512 [INFO] backtest.engine: run_complete symbol=GOOG trades=12 entries=12 exits=12 buffer_blocks=0 persistence_blocks=0 delay_bars=0 costs_enabled=True
2025-10-11 14:27:25,520 [INFO] backtest.engine: run_complete symbol=GOOG trades=16 entries=16 exits=16 buffer_blocks=0 persistence_blocks=0 delay_bars=0 costs_enabled=True
2025-10-11 14:27:25,521 [INFO] backtest.engine: run_complete symbol=META trades=14 entries=14 exits=14 buffer_blocks=0 persistence_blocks=0 delay_bars=0 costs_enabled=True
2025-10-11 14:27:25,522 [INFO] backtest.engine: run_complete symbol=META trades=14 entries=14 exits=14 buffer_blocks=0 persistence_blocks=0 delay_bars=0 costs_enabled=True
2025-10-11 14:27:25,526 [INFO] backtest.engine: run_complete symbol=META trades=17 entries=17 exits=17 buffer_blocks=0 persistence_blocks=0 delay_bars=0 costs_enabled=True
2025-10-11 14:27:25,528 [INFO] backtest.engine: run_complete symbol=META trades=15 entries=15 exits=15 buffer_blocks=0 persistence_blocks=0 delay_bars=0 costs_enabled=True
2025-10-11 14:27:25,531 [INFO] backtest.engine: run_complete symbol=META trades=14 entries=14 exits=14 buffer_blocks=0 persistence_blocks=0 delay_bars=0 costs_enabled=True
2025-10-11 14:27:25,532 [INFO] backtest.engine: run_complete symbol=META trades=14 entries=14 exits=14 buffer_blocks=0 persistence_blocks=0 delay_bars=0 costs_enabled=True
2025-10-11 14:27:25,533 [INFO] backtest.engine: run_complete symbol=META trades=15 entries=15 exits=15 buffer_blocks=0 persistence_blocks=0 delay_bars=0 costs_enabled=True
2025-10-11 14:27:25,542 [INFO] backtest.engine: run_complete symbol=META trades=16 entries=16 exits=16 buffer_blocks=0 persistence_blocks=0 delay_bars=0 costs_enabled=True
2025-10-11 14:27:25,558 [INFO] backtest.engine: run_complete symbol=AAPL trades=21 entries=21 exits=21 buffer_blocks=0 persistence_blocks=0 delay_bars=0 costs_enabled=True
2025-10-11 14:27:25,559 [INFO] backtest.engine: run_complete symbol=AAPL trades=18 entries=18 exits=18 buffer_blocks=0 persistence_blocks=0 delay_bars=0 costs_enabled=True
2025-10-11 14:27:25,565 [INFO] backtest.engine: run_complete symbol=AAPL trades=21 entries=21 exits=21 buffer_blocks=0 persistence_blocks=0 delay_bars=0 costs_enabled=True
2025-10-11 14:27:25,566 [INFO] backtest.engine: run_complete symbol=AAPL trades=21 entries=21 exits=21 buffer_blocks=0 persistence_blocks=0 delay_bars=0 costs_enabled=True
2025-10-11 14:27:25,568 [INFO] backtest.engine: run_complete symbol=AAPL trades=19 entries=19 exits=19 buffer_blocks=0 persistence_blocks=0 delay_bars=0 costs_enabled=True
2025-10-11 14:27:25,571 [INFO] backtest.engine: run_complete symbol=AAPL trades=19 entries=19 exits=19 buffer_blocks=0 persistence_blocks=0 delay_bars=0 costs_enabled=True
2025-10-11 14:27:25,571 [INFO] backtest.engine: run_complete symbol=AAPL trades=18 entries=18 exits=18 buffer_blocks=0 persistence_blocks=0 delay_bars=0 costs_enabled=True
2025-10-11 14:27:25,581 [INFO] backtest.engine: run_complete symbol=AAPL trades=21 entries=21 exits=21 buffer_blocks=0 persistence_blocks=0 delay_bars=0 costs_enabled=True
2025-10-11 14:27:25,598 [INFO] backtest.engine: run_complete symbol=MSFT trades=30 entries=30 exits=30 buffer_blocks=0 persistence_blocks=0 delay_bars=0 costs_enabled=True
2025-10-11 14:27:25,599 [INFO] backtest.engine: run_complete symbol=MSFT trades=31 entries=31 exits=31 buffer_blocks=0 persistence_blocks=0 delay_bars=0 costs_enabled=True
2025-10-11 14:27:25,604 [INFO] backtest.engine: run_complete symbol=MSFT trades=29 entries=29 exits=29 buffer_blocks=0 persistence_blocks=0 delay_bars=0 costs_enabled=True
2025-10-11 14:27:25,605 [INFO] backtest.engine: run_complete symbol=MSFT trades=29 entries=29 exits=29 buffer_blocks=0 persistence_blocks=0 delay_bars=0 costs_enabled=True
2025-10-11 14:27:25,607 [INFO] backtest.engine: run_complete symbol=MSFT trades=30 entries=30 exits=30 buffer_blocks=0 persistence_blocks=0 delay_bars=0 costs_enabled=True
2025-10-11 14:27:25,610 [INFO] backtest.engine: run_complete symbol=MSFT trades=31 entries=31 exits=31 buffer_blocks=0 persistence_blocks=0 delay_bars=0 costs_enabled=True
2025-10-11 14:27:25,611 [INFO] backtest.engine: run_complete symbol=MSFT trades=30 entries=30 exits=30 buffer_blocks=0 persistence_blocks=0 delay_bars=0 costs_enabled=True
2025-10-11 14:27:25,619 [INFO] backtest.engine: run_complete symbol=MSFT trades=29 entries=29 exits=29 buffer_blocks=0 persistence_blocks=0 delay_bars=0 costs_enabled=True
2025-10-11 14:27:25,633 [INFO] backtest.engine: run_complete symbol=AMZN trades=15 entries=15 exits=15 buffer_blocks=0 persistence_blocks=0 delay_bars=0 costs_enabled=True
2025-10-11 14:27:25,635 [INFO] backtest.engine: run_complete symbol=AMZN trades=15 entries=15 exits=15 buffer_blocks=0 persistence_blocks=0 delay_bars=0 costs_enabled=True
2025-10-11 14:27:25,640 [INFO] backtest.engine: run_complete symbol=AMZN trades=15 entries=15 exits=15 buffer_blocks=0 persistence_blocks=0 delay_bars=0 costs_enabled=True
2025-10-11 14:27:25,642 [INFO] backtest.engine: run_complete symbol=AMZN trades=15 entries=15 exits=15 buffer_blocks=0 persistence_blocks=0 delay_bars=0 costs_enabled=True
2025-10-11 14:27:25,642 [INFO] backtest.engine: run_complete symbol=AMZN trades=15 entries=15 exits=15 buffer_blocks=0 persistence_blocks=0 delay_bars=0 costs_enabled=True
2025-10-11 14:27:25,645 [INFO] backtest.engine: run_complete symbol=AMZN trades=17 entries=17 exits=17 buffer_blocks=0 persistence_blocks=0 delay_bars=0 costs_enabled=True
2025-10-11 14:27:25,646 [INFO] backtest.engine: run_complete symbol=AMZN trades=16 entries=16 exits=16 buffer_blocks=0 persistence_blocks=0 delay_bars=0 costs_enabled=True
2025-10-11 14:27:25,656 [INFO] backtest.engine: run_complete symbol=AMZN trades=15 entries=15 exits=15 buffer_blocks=0 persistence_blocks=0 delay_bars=0 costs_enabled=True
2025-10-11 14:27:25,672 [INFO] backtest.engine: run_complete symbol=GOOG trades=24 entries=24 exits=24 buffer_blocks=0 persistence_blocks=0 delay_bars=0 costs_enabled=True
2025-10-11 14:27:25,673 [INFO] backtest.engine: run_complete symbol=GOOG trades=23 entries=23 exits=23 buffer_blocks=0 persistence_blocks=0 delay_bars=0 costs_enabled=True
2025-10-11 14:27:25,678 [INFO] backtest.engine: run_complete symbol=GOOG trades=24 entries=24 exits=24 buffer_blocks=0 persistence_blocks=0 delay_bars=0 costs_enabled=True
2025-10-11 14:27:25,680 [INFO] backtest.engine: run_complete symbol=GOOG trades=24 entries=24 exits=24 buffer_blocks=0 persistence_blocks=0 delay_bars=0 costs_enabled=True
2025-10-11 14:27:25,681 [INFO] backtest.engine: run_complete symbol=GOOG trades=24 entries=24 exits=24 buffer_blocks=0 persistence_blocks=0 delay_bars=0 costs_enabled=True
2025-10-11 14:27:25,684 [INFO] backtest.engine: run_complete symbol=GOOG trades=24 entries=24 exits=24 buffer_blocks=0 persistence_blocks=0 delay_bars=0 costs_enabled=True
2025-10-11 14:27:25,685 [INFO] backtest.engine: run_complete symbol=GOOG trades=22 entries=23 exits=22 buffer_blocks=0 persistence_blocks=0 delay_bars=0 costs_enabled=True
2025-10-11 14:27:25,694 [INFO] backtest.engine: run_complete symbol=GOOG trades=24 entries=24 exits=24 buffer_blocks=0 persistence_blocks=0 delay_bars=0 costs_enabled=True
2025-10-11 14:27:25,734 [INFO] backtest.engine: run_complete symbol=META trades=23 entries=23 exits=23 buffer_blocks=0 persistence_blocks=0 delay_bars=0 costs_enabled=True
2025-10-11 14:27:25,737 [INFO] backtest.engine: run_complete symbol=META trades=25 entries=25 exits=25 buffer_blocks=0 persistence_blocks=0 delay_bars=0 costs_enabled=True
2025-10-11 14:27:25,738 [INFO] backtest.engine: run_complete symbol=META trades=23 entries=23 exits=23 buffer_blocks=0 persistence_blocks=0 delay_bars=0 costs_enabled=True
2025-10-11 14:27:25,741 [INFO] backtest.engine: run_complete symbol=META trades=24 entries=24 exits=24 buffer_blocks=0 persistence_blocks=0 delay_bars=0 costs_enabled=True
2025-10-11 14:27:25,745 [INFO] backtest.engine: run_complete symbol=META trades=23 entries=23 exits=23 buffer_blocks=0 persistence_blocks=0 delay_bars=0 costs_enabled=True
2025-10-11 14:27:25,745 [INFO] backtest.engine: run_complete symbol=META trades=21 entries=21 exits=21 buffer_blocks=0 persistence_blocks=0 delay_bars=0 costs_enabled=True
2025-10-11 14:27:25,748 [INFO] backtest.engine: run_complete symbol=META trades=24 entries=24 exits=24 buffer_blocks=0 persistence_blocks=0 delay_bars=0 costs_enabled=True
2025-10-11 14:27:25,754 [INFO] backtest.engine: run_complete symbol=META trades=23 entries=23 exits=23 buffer_blocks=0 persistence_blocks=0 delay_bars=0 costs_enabled=True
2025-10-11 14:27:25,759 [INFO] backtest.engine: run_complete symbol=AAPL trades=10 entries=10 exits=10 buffer_blocks=0 persistence_blocks=0 delay_bars=0 costs_enabled=True
2025-10-11 14:27:25,762 [INFO] backtest.engine: run_complete symbol=AAPL trades=10 entries=10 exits=10 buffer_blocks=0 persistence_blocks=0 delay_bars=0 costs_enabled=True
2025-10-11 14:27:25,762 [INFO] backtest.engine: run_complete symbol=AAPL trades=10 entries=10 exits=10 buffer_blocks=0 persistence_blocks=0 delay_bars=0 costs_enabled=True
2025-10-11 14:27:25,765 [INFO] backtest.engine: run_complete symbol=AAPL trades=10 entries=10 exits=10 buffer_blocks=0 persistence_blocks=0 delay_bars=0 costs_enabled=True
2025-10-11 14:27:25,769 [INFO] backtest.engine: run_complete symbol=AAPL trades=10 entries=10 exits=10 buffer_blocks=0 persistence_blocks=0 delay_bars=0 costs_enabled=True
2025-10-11 14:27:25,771 [INFO] backtest.engine: run_complete symbol=AAPL trades=10 entries=10 exits=10 buffer_blocks=0 persistence_blocks=0 delay_bars=0 costs_enabled=True
2025-10-11 14:27:25,773 [INFO] backtest.engine: run_complete symbol=AAPL trades=11 entries=11 exits=11 buffer_blocks=0 persistence_blocks=0 delay_bars=0 costs_enabled=True
2025-10-11 14:27:25,779 [INFO] backtest.engine: run_complete symbol=AAPL trades=10 entries=10 exits=10 buffer_blocks=0 persistence_blocks=0 delay_bars=0 costs_enabled=True
2025-10-11 14:27:25,780 [INFO] backtest.engine: run_complete symbol=MSFT trades=11 entries=11 exits=11 buffer_blocks=0 persistence_blocks=0 delay_bars=0 costs_enabled=True
2025-10-11 14:27:25,782 [INFO] backtest.engine: run_complete symbol=MSFT trades=10 entries=10 exits=10 buffer_blocks=0 persistence_blocks=0 delay_bars=0 costs_enabled=True
2025-10-11 14:27:25,783 [INFO] backtest.engine: run_complete symbol=MSFT trades=10 entries=10 exits=10 buffer_blocks=0 persistence_blocks=0 delay_bars=0 costs_enabled=True
2025-10-11 14:27:25,786 [INFO] backtest.engine: run_complete symbol=MSFT trades=10 entries=10 exits=10 buffer_blocks=0 persistence_blocks=0 delay_bars=0 costs_enabled=True
2025-10-11 14:27:25,790 [INFO] backtest.engine: run_complete symbol=MSFT trades=10 entries=10 exits=10 buffer_blocks=0 persistence_blocks=0 delay_bars=0 costs_enabled=True
2025-10-11 14:27:25,792 [INFO] backtest.engine: run_complete symbol=MSFT trades=10 entries=10 exits=10 buffer_blocks=0 persistence_blocks=0 delay_bars=0 costs_enabled=True
2025-10-11 14:27:25,795 [INFO] backtest.engine: run_complete symbol=MSFT trades=11 entries=11 exits=11 buffer_blocks=0 persistence_blocks=0 delay_bars=0 costs_enabled=True
2025-10-11 14:27:25,799 [INFO] backtest.engine: run_complete symbol=MSFT trades=10 entries=10 exits=10 buffer_blocks=0 persistence_blocks=0 delay_bars=0 costs_enabled=True
2025-10-11 14:27:25,802 [INFO] backtest.engine: run_complete symbol=AMZN trades=11 entries=11 exits=11 buffer_blocks=0 persistence_blocks=0 delay_bars=0 costs_enabled=True
2025-10-11 14:27:25,804 [INFO] backtest.engine: run_complete symbol=AMZN trades=11 entries=11 exits=11 buffer_blocks=0 persistence_blocks=0 delay_bars=0 costs_enabled=True
2025-10-11 14:27:25,804 [INFO] backtest.engine: run_complete symbol=AMZN trades=11 entries=11 exits=11 buffer_blocks=0 persistence_blocks=0 delay_bars=0 costs_enabled=True
2025-10-11 14:27:25,806 [INFO] backtest.engine: run_complete symbol=AMZN trades=10 entries=10 exits=10 buffer_blocks=0 persistence_blocks=0 delay_bars=0 costs_enabled=True
2025-10-11 14:27:25,812 [INFO] backtest.engine: run_complete symbol=AMZN trades=12 entries=12 exits=12 buffer_blocks=0 persistence_blocks=0 delay_bars=0 costs_enabled=True
2025-10-11 14:27:25,814 [INFO] backtest.engine: run_complete symbol=AMZN trades=12 entries=12 exits=12 buffer_blocks=0 persistence_blocks=0 delay_bars=0 costs_enabled=True
2025-10-11 14:27:25,816 [INFO] backtest.engine: run_complete symbol=AMZN trades=12 entries=12 exits=12 buffer_blocks=0 persistence_blocks=0 delay_bars=0 costs_enabled=True
2025-10-11 14:27:25,821 [INFO] backtest.engine: run_complete symbol=AMZN trades=12 entries=12 exits=12 buffer_blocks=0 persistence_blocks=0 delay_bars=0 costs_enabled=True
2025-10-11 14:27:25,823 [INFO] backtest.engine: run_complete symbol=GOOG trades=13 entries=13 exits=13 buffer_blocks=0 persistence_blocks=0 delay_bars=0 costs_enabled=True
2025-10-11 14:27:25,825 [INFO] backtest.engine: run_complete symbol=GOOG trades=12 entries=12 exits=12 buffer_blocks=0 persistence_blocks=0 delay_bars=0 costs_enabled=True
2025-10-11 14:27:25,825 [INFO] backtest.engine: run_complete symbol=GOOG trades=12 entries=12 exits=12 buffer_blocks=0 persistence_blocks=0 delay_bars=0 costs_enabled=True
2025-10-11 14:27:25,827 [INFO] backtest.engine: run_complete symbol=GOOG trades=11 entries=11 exits=11 buffer_blocks=0 persistence_blocks=0 delay_bars=0 costs_enabled=True
2025-10-11 14:27:25,832 [INFO] backtest.engine: run_complete symbol=GOOG trades=11 entries=11 exits=11 buffer_blocks=0 persistence_blocks=0 delay_bars=0 costs_enabled=True
2025-10-11 14:27:25,836 [INFO] backtest.engine: run_complete symbol=GOOG trades=13 entries=13 exits=13 buffer_blocks=0 persistence_blocks=0 delay_bars=0 costs_enabled=True
2025-10-11 14:27:25,837 [INFO] backtest.engine: run_complete symbol=GOOG trades=12 entries=12 exits=12 buffer_blocks=0 persistence_blocks=0 delay_bars=0 costs_enabled=True
2025-10-11 14:27:25,842 [INFO] backtest.engine: run_complete symbol=GOOG trades=13 entries=13 exits=13 buffer_blocks=0 persistence_blocks=0 delay_bars=0 costs_enabled=True
2025-10-11 14:27:25,845 [INFO] backtest.engine: run_complete symbol=META trades=14 entries=14 exits=14 buffer_blocks=0 persistence_blocks=0 delay_bars=0 costs_enabled=True
2025-10-11 14:27:25,847 [INFO] backtest.engine: run_complete symbol=META trades=15 entries=15 exits=15 buffer_blocks=0 persistence_blocks=0 delay_bars=0 costs_enabled=True
2025-10-11 14:27:25,847 [INFO] backtest.engine: run_complete symbol=META trades=15 entries=15 exits=15 buffer_blocks=0 persistence_blocks=0 delay_bars=0 costs_enabled=True
2025-10-11 14:27:25,849 [INFO] backtest.engine: run_complete symbol=META trades=15 entries=15 exits=15 buffer_blocks=0 persistence_blocks=0 delay_bars=0 costs_enabled=True
2025-10-11 14:27:25,854 [INFO] backtest.engine: run_complete symbol=META trades=14 entries=14 exits=14 buffer_blocks=0 persistence_blocks=0 delay_bars=0 costs_enabled=True
2025-10-11 14:27:25,857 [INFO] backtest.engine: run_complete symbol=META trades=15 entries=15 exits=15 buffer_blocks=0 persistence_blocks=0 delay_bars=0 costs_enabled=True
2025-10-11 14:27:25,860 [INFO] backtest.engine: run_complete symbol=META trades=14 entries=14 exits=14 buffer_blocks=0 persistence_blocks=0 delay_bars=0 costs_enabled=True
2025-10-11 14:27:25,865 [INFO] backtest.engine: run_complete symbol=META trades=15 entries=15 exits=15 buffer_blocks=0 persistence_blocks=0 delay_bars=0 costs_enabled=True
2025-10-11 14:27:25,886 [INFO] backtest.engine: run_complete symbol=AAPL trades=18 entries=18 exits=18 buffer_blocks=0 persistence_blocks=0 delay_bars=0 costs_enabled=True
2025-10-11 14:27:25,887 [INFO] backtest.engine: run_complete symbol=AAPL trades=17 entries=17 exits=17 buffer_blocks=0 persistence_blocks=0 delay_bars=0 costs_enabled=True
2025-10-11 14:27:25,888 [INFO] backtest.engine: run_complete symbol=AAPL trades=45 entries=45 exits=45 buffer_blocks=0 persistence_blocks=0 delay_bars=0 costs_enabled=True
2025-10-11 14:27:25,890 [INFO] backtest.engine: run_complete symbol=AAPL trades=47 entries=47 exits=47 buffer_blocks=0 persistence_blocks=0 delay_bars=0 costs_enabled=True
2025-10-11 14:27:25,893 [INFO] backtest.engine: run_complete symbol=AAPL trades=20 entries=20 exits=20 buffer_blocks=0 persistence_blocks=0 delay_bars=0 costs_enabled=True
2025-10-11 14:27:25,895 [INFO] backtest.engine: run_complete symbol=AAPL trades=17 entries=17 exits=17 buffer_blocks=0 persistence_blocks=0 delay_bars=0 costs_enabled=True
2025-10-11 14:27:25,898 [INFO] backtest.engine: run_complete symbol=AAPL trades=20 entries=20 exits=20 buffer_blocks=0 persistence_blocks=0 delay_bars=0 costs_enabled=True
2025-10-11 14:27:25,902 [INFO] backtest.engine: run_complete symbol=AAPL trades=19 entries=19 exits=19 buffer_blocks=0 persistence_blocks=0 delay_bars=0 costs_enabled=True
2025-10-11 14:27:25,924 [INFO] backtest.engine: run_complete symbol=MSFT trades=31 entries=31 exits=31 buffer_blocks=0 persistence_blocks=0 delay_bars=0 costs_enabled=True
2025-10-11 14:27:25,925 [INFO] backtest.engine: run_complete symbol=MSFT trades=29 entries=29 exits=29 buffer_blocks=0 persistence_blocks=0 delay_bars=0 costs_enabled=True
2025-10-11 14:27:25,930 [INFO] backtest.engine: run_complete symbol=MSFT trades=58 entries=58 exits=58 buffer_blocks=0 persistence_blocks=0 delay_bars=0 costs_enabled=True
2025-10-11 14:27:25,931 [INFO] backtest.engine: run_complete symbol=MSFT trades=29 entries=29 exits=29 buffer_blocks=0 persistence_blocks=0 delay_bars=0 costs_enabled=True
2025-10-11 14:27:25,935 [INFO] backtest.engine: run_complete symbol=MSFT trades=70 entries=70 exits=70 buffer_blocks=0 persistence_blocks=0 delay_bars=0 costs_enabled=True
2025-10-11 14:27:25,936 [INFO] backtest.engine: run_complete symbol=MSFT trades=30 entries=30 exits=30 buffer_blocks=0 persistence_blocks=0 delay_bars=0 costs_enabled=True
2025-10-11 14:27:25,936 [INFO] backtest.engine: run_complete symbol=MSFT trades=35 entries=35 exits=35 buffer_blocks=0 persistence_blocks=0 delay_bars=0 costs_enabled=True
2025-10-11 14:27:25,940 [INFO] backtest.engine: run_complete symbol=MSFT trades=32 entries=32 exits=32 buffer_blocks=0 persistence_blocks=0 delay_bars=0 costs_enabled=True
2025-10-11 14:27:25,959 [INFO] backtest.engine: run_complete symbol=AMZN trades=17 entries=17 exits=17 buffer_blocks=0 persistence_blocks=0 delay_bars=0 costs_enabled=True
2025-10-11 14:27:25,960 [INFO] backtest.engine: run_complete symbol=AMZN trades=14 entries=14 exits=14 buffer_blocks=0 persistence_blocks=0 delay_bars=0 costs_enabled=True
2025-10-11 14:27:25,966 [INFO] backtest.engine: run_complete symbol=AMZN trades=16 entries=16 exits=16 buffer_blocks=0 persistence_blocks=0 delay_bars=0 costs_enabled=True
2025-10-11 14:27:25,969 [INFO] backtest.engine: run_complete symbol=AMZN trades=35 entries=35 exits=35 buffer_blocks=0 persistence_blocks=0 delay_bars=0 costs_enabled=True
2025-10-11 14:27:25,971 [INFO] backtest.engine: run_complete symbol=AMZN trades=20 entries=20 exits=20 buffer_blocks=0 persistence_blocks=0 delay_bars=0 costs_enabled=True
2025-10-11 14:27:25,971 [INFO] backtest.engine: run_complete symbol=AMZN trades=16 entries=16 exits=16 buffer_blocks=0 persistence_blocks=0 delay_bars=0 costs_enabled=True
2025-10-11 14:27:25,974 [INFO] backtest.engine: run_complete symbol=AMZN trades=44 entries=44 exits=44 buffer_blocks=0 persistence_blocks=0 delay_bars=0 costs_enabled=True
2025-10-11 14:27:25,977 [INFO] backtest.engine: run_complete symbol=AMZN trades=19 entries=19 exits=19 buffer_blocks=0 persistence_blocks=0 delay_bars=0 costs_enabled=True
2025-10-11 14:27:25,997 [INFO] backtest.engine: run_complete symbol=GOOG trades=27 entries=27 exits=27 buffer_blocks=0 persistence_blocks=0 delay_bars=0 costs_enabled=True
2025-10-11 14:27:25,998 [INFO] backtest.engine: run_complete symbol=GOOG trades=22 entries=22 exits=22 buffer_blocks=0 persistence_blocks=0 delay_bars=0 costs_enabled=True
2025-10-11 14:27:26,003 [INFO] backtest.engine: run_complete symbol=GOOG trades=21 entries=22 exits=21 buffer_blocks=0 persistence_blocks=0 delay_bars=0 costs_enabled=True
2025-10-11 14:27:26,008 [INFO] backtest.engine: run_complete symbol=GOOG trades=23 entries=24 exits=23 buffer_blocks=0 persistence_blocks=0 delay_bars=0 costs_enabled=True
2025-10-11 14:27:26,008 [INFO] backtest.engine: run_complete symbol=GOOG trades=25 entries=25 exits=25 buffer_blocks=0 persistence_blocks=0 delay_bars=0 costs_enabled=True
2025-10-11 14:27:26,011 [INFO] backtest.engine: run_complete symbol=GOOG trades=51 entries=51 exits=51 buffer_blocks=0 persistence_blocks=0 delay_bars=0 costs_enabled=True
2025-10-11 14:27:26,015 [INFO] backtest.engine: run_complete symbol=GOOG trades=27 entries=27 exits=27 buffer_blocks=0 persistence_blocks=0 delay_bars=0 costs_enabled=True
2025-10-11 14:27:26,017 [INFO] backtest.engine: run_complete symbol=GOOG trades=59 entries=59 exits=59 buffer_blocks=0 persistence_blocks=0 delay_bars=0 costs_enabled=True
2025-10-11 14:27:26,034 [INFO] backtest.engine: run_complete symbol=META trades=23 entries=23 exits=23 buffer_blocks=0 persistence_blocks=0 delay_bars=0 costs_enabled=True
2025-10-11 14:27:26,035 [INFO] backtest.engine: run_complete symbol=META trades=30 entries=30 exits=30 buffer_blocks=0 persistence_blocks=0 delay_bars=0 costs_enabled=True
2025-10-11 14:27:26,040 [INFO] backtest.engine: run_complete symbol=META trades=24 entries=24 exits=24 buffer_blocks=0 persistence_blocks=0 delay_bars=0 costs_enabled=True
2025-10-11 14:27:26,045 [INFO] backtest.engine: run_complete symbol=META trades=25 entries=25 exits=25 buffer_blocks=0 persistence_blocks=0 delay_bars=0 costs_enabled=True
2025-10-11 14:27:26,046 [INFO] backtest.engine: run_complete symbol=META trades=30 entries=30 exits=30 buffer_blocks=0 persistence_blocks=0 delay_bars=0 costs_enabled=True
2025-10-11 14:27:26,051 [INFO] backtest.engine: run_complete symbol=META trades=25 entries=25 exits=25 buffer_blocks=0 persistence_blocks=0 delay_bars=0 costs_enabled=True
2025-10-11 14:27:26,053 [INFO] backtest.engine: run_complete symbol=META trades=55 entries=55 exits=55 buffer_blocks=0 persistence_blocks=0 delay_bars=0 costs_enabled=True
2025-10-11 14:27:26,058 [INFO] backtest.engine: run_complete symbol=AAPL trades=10 entries=10 exits=10 buffer_blocks=0 persistence_blocks=0 delay_bars=0 costs_enabled=True
2025-10-11 14:27:26,059 [INFO] backtest.engine: run_complete symbol=AAPL trades=11 entries=11 exits=11 buffer_blocks=0 persistence_blocks=0 delay_bars=0 costs_enabled=True
2025-10-11 14:27:26,060 [INFO] backtest.engine: run_complete symbol=META trades=61 entries=61 exits=61 buffer_blocks=0 persistence_blocks=0 delay_bars=0 costs_enabled=True
2025-10-11 14:27:26,064 [INFO] backtest.engine: run_complete symbol=AAPL trades=11 entries=11 exits=11 buffer_blocks=0 persistence_blocks=0 delay_bars=0 costs_enabled=True
2025-10-11 14:27:26,070 [INFO] backtest.engine: run_complete symbol=AAPL trades=11 entries=11 exits=11 buffer_blocks=0 persistence_blocks=0 delay_bars=0 costs_enabled=True
2025-10-11 14:27:26,070 [INFO] backtest.engine: run_complete symbol=AAPL trades=13 entries=13 exits=13 buffer_blocks=0 persistence_blocks=0 delay_bars=0 costs_enabled=True
2025-10-11 14:27:26,076 [INFO] backtest.engine: run_complete symbol=AAPL trades=13 entries=13 exits=13 buffer_blocks=0 persistence_blocks=0 delay_bars=0 costs_enabled=True
2025-10-11 14:27:26,078 [INFO] backtest.engine: run_complete symbol=MSFT trades=10 entries=10 exits=10 buffer_blocks=0 persistence_blocks=0 delay_bars=0 costs_enabled=True
2025-10-11 14:27:26,079 [INFO] backtest.engine: run_complete symbol=MSFT trades=11 entries=11 exits=11 buffer_blocks=0 persistence_blocks=0 delay_bars=0 costs_enabled=True
2025-10-11 14:27:26,079 [INFO] backtest.engine: run_complete symbol=AAPL trades=19 entries=19 exits=19 buffer_blocks=0 persistence_blocks=0 delay_bars=0 costs_enabled=True
2025-10-11 14:27:26,084 [INFO] backtest.engine: run_complete symbol=MSFT trades=11 entries=11 exits=11 buffer_blocks=0 persistence_blocks=0 delay_bars=0 costs_enabled=True
2025-10-11 14:27:26,087 [INFO] backtest.engine: run_complete symbol=AAPL trades=24 entries=24 exits=24 buffer_blocks=0 persistence_blocks=0 delay_bars=0 costs_enabled=True
2025-10-11 14:27:26,091 [INFO] backtest.engine: run_complete symbol=MSFT trades=10 entries=10 exits=10 buffer_blocks=0 persistence_blocks=0 delay_bars=0 costs_enabled=True
2025-10-11 14:27:26,091 [INFO] backtest.engine: run_complete symbol=MSFT trades=12 entries=12 exits=12 buffer_blocks=0 persistence_blocks=0 delay_bars=0 costs_enabled=True
2025-10-11 14:27:26,097 [INFO] backtest.engine: run_complete symbol=MSFT trades=14 entries=14 exits=14 buffer_blocks=0 persistence_blocks=0 delay_bars=0 costs_enabled=True
2025-10-11 14:27:26,099 [INFO] backtest.engine: run_complete symbol=AMZN trades=11 entries=11 exits=11 buffer_blocks=0 persistence_blocks=0 delay_bars=0 costs_enabled=True
2025-10-11 14:27:26,100 [INFO] backtest.engine: run_complete symbol=AMZN trades=12 entries=12 exits=12 buffer_blocks=0 persistence_blocks=0 delay_bars=0 costs_enabled=True
2025-10-11 14:27:26,101 [INFO] backtest.engine: run_complete symbol=MSFT trades=19 entries=19 exits=19 buffer_blocks=0 persistence_blocks=0 delay_bars=0 costs_enabled=True
2025-10-11 14:27:26,106 [INFO] backtest.engine: run_complete symbol=AMZN trades=11 entries=11 exits=11 buffer_blocks=0 persistence_blocks=0 delay_bars=0 costs_enabled=True
2025-10-11 14:27:26,109 [INFO] backtest.engine: run_complete symbol=MSFT trades=17 entries=17 exits=17 buffer_blocks=0 persistence_blocks=0 delay_bars=0 costs_enabled=True
2025-10-11 14:27:26,111 [INFO] backtest.engine: run_complete symbol=AMZN trades=13 entries=13 exits=13 buffer_blocks=0 persistence_blocks=0 delay_bars=0 costs_enabled=True
2025-10-11 14:27:26,112 [INFO] backtest.engine: run_complete symbol=AMZN trades=12 entries=12 exits=12 buffer_blocks=0 persistence_blocks=0 delay_bars=0 costs_enabled=True
2025-10-11 14:27:26,118 [INFO] backtest.engine: run_complete symbol=AMZN trades=13 entries=13 exits=13 buffer_blocks=0 persistence_blocks=0 delay_bars=0 costs_enabled=True
2025-10-11 14:27:26,120 [INFO] backtest.engine: run_complete symbol=GOOG trades=12 entries=12 exits=12 buffer_blocks=0 persistence_blocks=0 delay_bars=0 costs_enabled=True
2025-10-11 14:27:26,122 [INFO] backtest.engine: run_complete symbol=GOOG trades=15 entries=15 exits=15 buffer_blocks=0 persistence_blocks=0 delay_bars=0 costs_enabled=True
2025-10-11 14:27:26,123 [INFO] backtest.engine: run_complete symbol=AMZN trades=21 entries=21 exits=21 buffer_blocks=0 persistence_blocks=0 delay_bars=0 costs_enabled=True
2025-10-11 14:27:26,127 [INFO] backtest.engine: run_complete symbol=GOOG trades=13 entries=13 exits=13 buffer_blocks=0 persistence_blocks=0 delay_bars=0 costs_enabled=True
2025-10-11 14:27:26,133 [INFO] backtest.engine: run_complete symbol=GOOG trades=16 entries=16 exits=16 buffer_blocks=0 persistence_blocks=0 delay_bars=0 costs_enabled=True
2025-10-11 14:27:26,133 [INFO] backtest.engine: run_complete symbol=GOOG trades=13 entries=13 exits=13 buffer_blocks=0 persistence_blocks=0 delay_bars=0 costs_enabled=True
2025-10-11 14:27:26,133 [INFO] backtest.engine: run_complete symbol=AMZN trades=29 entries=29 exits=29 buffer_blocks=0 persistence_blocks=0 delay_bars=0 costs_enabled=True
2025-10-11 14:27:26,140 [INFO] backtest.engine: run_complete symbol=GOOG trades=13 entries=13 exits=13 buffer_blocks=0 persistence_blocks=0 delay_bars=0 costs_enabled=True
2025-10-11 14:27:26,142 [INFO] backtest.engine: run_complete symbol=META trades=14 entries=14 exits=14 buffer_blocks=0 persistence_blocks=0 delay_bars=0 costs_enabled=True
2025-10-11 14:27:26,144 [INFO] backtest.engine: run_complete symbol=META trades=15 entries=15 exits=15 buffer_blocks=0 persistence_blocks=0 delay_bars=0 costs_enabled=True
2025-10-11 14:27:26,146 [INFO] backtest.engine: run_complete symbol=GOOG trades=20 entries=20 exits=20 buffer_blocks=0 persistence_blocks=0 delay_bars=0 costs_enabled=True
2025-10-11 14:27:26,148 [INFO] backtest.engine: run_complete symbol=META trades=13 entries=13 exits=13 buffer_blocks=0 persistence_blocks=0 delay_bars=0 costs_enabled=True
2025-10-11 14:27:26,155 [INFO] backtest.engine: run_complete symbol=META trades=18 entries=18 exits=18 buffer_blocks=0 persistence_blocks=0 delay_bars=0 costs_enabled=True
2025-10-11 14:27:26,156 [INFO] backtest.engine: run_complete symbol=META trades=14 entries=14 exits=14 buffer_blocks=0 persistence_blocks=0 delay_bars=0 costs_enabled=True
2025-10-11 14:27:26,158 [INFO] backtest.engine: run_complete symbol=GOOG trades=34 entries=34 exits=34 buffer_blocks=0 persistence_blocks=0 delay_bars=0 costs_enabled=True
2025-10-11 14:27:26,162 [INFO] backtest.engine: run_complete symbol=META trades=16 entries=16 exits=16 buffer_blocks=0 persistence_blocks=0 delay_bars=0 costs_enabled=True
2025-10-11 14:27:26,172 [INFO] backtest.engine: run_complete symbol=META trades=40 entries=40 exits=40 buffer_blocks=0 persistence_blocks=0 delay_bars=0 costs_enabled=True
2025-10-11 14:27:26,179 [INFO] backtest.engine: run_complete symbol=AAPL trades=18 entries=18 exits=18 buffer_blocks=0 persistence_blocks=0 delay_bars=0 costs_enabled=True
2025-10-11 14:27:26,182 [INFO] backtest.engine: run_complete symbol=META trades=26 entries=26 exits=26 buffer_blocks=0 persistence_blocks=0 delay_bars=0 costs_enabled=True
2025-10-11 14:27:26,182 [INFO] backtest.engine: run_complete symbol=AAPL trades=18 entries=18 exits=18 buffer_blocks=0 persistence_blocks=0 delay_bars=0 costs_enabled=True
2025-10-11 14:27:26,188 [INFO] backtest.engine: run_complete symbol=AAPL trades=21 entries=21 exits=21 buffer_blocks=0 persistence_blocks=0 delay_bars=0 costs_enabled=True
2025-10-11 14:27:26,194 [INFO] backtest.engine: run_complete symbol=AAPL trades=23 entries=23 exits=23 buffer_blocks=0 persistence_blocks=0 delay_bars=0 costs_enabled=True
2025-10-11 14:27:26,195 [INFO] backtest.engine: run_complete symbol=AAPL trades=21 entries=21 exits=21 buffer_blocks=0 persistence_blocks=0 delay_bars=0 costs_enabled=True
2025-10-11 14:27:26,202 [INFO] backtest.engine: run_complete symbol=AAPL trades=18 entries=18 exits=18 buffer_blocks=0 persistence_blocks=0 delay_bars=0 costs_enabled=True
2025-10-11 14:27:26,211 [INFO] backtest.engine: run_complete symbol=AAPL trades=17 entries=17 exits=17 buffer_blocks=0 persistence_blocks=0 delay_bars=0 costs_enabled=True
2025-10-11 14:27:26,219 [INFO] backtest.engine: run_complete symbol=MSFT trades=33 entries=33 exits=33 buffer_blocks=0 persistence_blocks=0 delay_bars=0 costs_enabled=True
2025-10-11 14:27:26,221 [INFO] backtest.engine: run_complete symbol=AAPL trades=18 entries=18 exits=18 buffer_blocks=0 persistence_blocks=0 delay_bars=0 costs_enabled=True
2025-10-11 14:27:26,222 [INFO] backtest.engine: run_complete symbol=MSFT trades=30 entries=30 exits=30 buffer_blocks=0 persistence_blocks=0 delay_bars=0 costs_enabled=True
2025-10-11 14:27:26,227 [INFO] backtest.engine: run_complete symbol=MSFT trades=29 entries=29 exits=29 buffer_blocks=0 persistence_blocks=0 delay_bars=0 costs_enabled=True
2025-10-11 14:27:26,235 [INFO] backtest.engine: run_complete symbol=MSFT trades=33 entries=33 exits=33 buffer_blocks=0 persistence_blocks=0 delay_bars=0 costs_enabled=True
2025-10-11 14:27:26,235 [INFO] backtest.engine: run_complete symbol=MSFT trades=30 entries=30 exits=30 buffer_blocks=0 persistence_blocks=0 delay_bars=0 costs_enabled=True
2025-10-11 14:27:26,241 [INFO] backtest.engine: run_complete symbol=MSFT trades=30 entries=30 exits=30 buffer_blocks=0 persistence_blocks=0 delay_bars=0 costs_enabled=True
2025-10-11 14:27:26,250 [INFO] backtest.engine: run_complete symbol=MSFT trades=30 entries=30 exits=30 buffer_blocks=0 persistence_blocks=0 delay_bars=0 costs_enabled=True
2025-10-11 14:27:26,255 [INFO] backtest.engine: run_complete symbol=AMZN trades=16 entries=16 exits=16 buffer_blocks=0 persistence_blocks=0 delay_bars=0 costs_enabled=True
2025-10-11 14:27:26,257 [INFO] backtest.engine: run_complete symbol=AMZN trades=15 entries=15 exits=15 buffer_blocks=0 persistence_blocks=0 delay_bars=0 costs_enabled=True
2025-10-11 14:27:26,260 [INFO] backtest.engine: run_complete symbol=MSFT trades=31 entries=31 exits=31 buffer_blocks=0 persistence_blocks=0 delay_bars=0 costs_enabled=True
2025-10-11 14:27:26,262 [INFO] backtest.engine: run_complete symbol=AMZN trades=15 entries=15 exits=15 buffer_blocks=0 persistence_blocks=0 delay_bars=0 costs_enabled=True
2025-10-11 14:27:26,271 [INFO] backtest.engine: run_complete symbol=AMZN trades=18 entries=18 exits=18 buffer_blocks=0 persistence_blocks=0 delay_bars=0 costs_enabled=True
2025-10-11 14:27:26,272 [INFO] backtest.engine: run_complete symbol=AMZN trades=15 entries=15 exits=15 buffer_blocks=0 persistence_blocks=0 delay_bars=0 costs_enabled=True
2025-10-11 14:27:26,276 [INFO] backtest.engine: run_complete symbol=AMZN trades=16 entries=16 exits=16 buffer_blocks=0 persistence_blocks=0 delay_bars=0 costs_enabled=True
2025-10-11 14:27:26,285 [INFO] backtest.engine: run_complete symbol=AMZN trades=14 entries=14 exits=14 buffer_blocks=0 persistence_blocks=0 delay_bars=0 costs_enabled=True
2025-10-11 14:27:26,293 [INFO] backtest.engine: run_complete symbol=GOOG trades=24 entries=24 exits=24 buffer_blocks=0 persistence_blocks=0 delay_bars=0 costs_enabled=True
2025-10-11 14:27:26,294 [INFO] backtest.engine: run_complete symbol=GOOG trades=22 entries=22 exits=22 buffer_blocks=0 persistence_blocks=0 delay_bars=0 costs_enabled=True
2025-10-11 14:27:26,295 [INFO] backtest.engine: run_complete symbol=AMZN trades=16 entries=16 exits=16 buffer_blocks=0 persistence_blocks=0 delay_bars=0 costs_enabled=True
2025-10-11 14:27:26,299 [INFO] backtest.engine: run_complete symbol=GOOG trades=24 entries=24 exits=24 buffer_blocks=0 persistence_blocks=0 delay_bars=0 costs_enabled=True
2025-10-11 14:27:26,309 [INFO] backtest.engine: run_complete symbol=GOOG trades=25 entries=25 exits=25 buffer_blocks=0 persistence_blocks=0 delay_bars=0 costs_enabled=True
2025-10-11 14:27:26,310 [INFO] backtest.engine: run_complete symbol=GOOG trades=29 entries=29 exits=29 buffer_blocks=0 persistence_blocks=0 delay_bars=0 costs_enabled=True
2025-10-11 14:27:26,314 [INFO] backtest.engine: run_complete symbol=GOOG trades=24 entries=24 exits=24 buffer_blocks=0 persistence_blocks=0 delay_bars=0 costs_enabled=True
2025-10-11 14:27:26,322 [INFO] backtest.engine: run_complete symbol=GOOG trades=23 entries=23 exits=23 buffer_blocks=0 persistence_blocks=0 delay_bars=0 costs_enabled=True
2025-10-11 14:27:26,330 [INFO] backtest.engine: run_complete symbol=META trades=24 entries=24 exits=24 buffer_blocks=0 persistence_blocks=0 delay_bars=0 costs_enabled=True
2025-10-11 14:27:26,332 [INFO] backtest.engine: run_complete symbol=META trades=24 entries=24 exits=24 buffer_blocks=0 persistence_blocks=0 delay_bars=0 costs_enabled=True
2025-10-11 14:27:26,332 [INFO] backtest.engine: run_complete symbol=GOOG trades=24 entries=24 exits=24 buffer_blocks=0 persistence_blocks=0 delay_bars=0 costs_enabled=True
2025-10-11 14:27:26,336 [INFO] backtest.engine: run_complete symbol=META trades=23 entries=23 exits=23 buffer_blocks=0 persistence_blocks=0 delay_bars=0 costs_enabled=True
2025-10-11 14:27:26,348 [INFO] backtest.engine: run_complete symbol=META trades=24 entries=24 exits=24 buffer_blocks=0 persistence_blocks=0 delay_bars=0 costs_enabled=True
2025-10-11 14:27:26,348 [INFO] backtest.engine: run_complete symbol=META trades=30 entries=30 exits=30 buffer_blocks=0 persistence_blocks=0 delay_bars=0 costs_enabled=True
2025-10-11 14:27:26,351 [INFO] backtest.engine: run_complete symbol=META trades=26 entries=26 exits=26 buffer_blocks=0 persistence_blocks=0 delay_bars=0 costs_enabled=True
2025-10-11 14:27:26,354 [INFO] backtest.engine: run_complete symbol=AAPL trades=12 entries=12 exits=12 buffer_blocks=0 persistence_blocks=0 delay_bars=0 costs_enabled=True
2025-10-11 14:27:26,356 [INFO] backtest.engine: run_complete symbol=AAPL trades=10 entries=10 exits=10 buffer_blocks=0 persistence_blocks=0 delay_bars=0 costs_enabled=True
2025-10-11 14:27:26,360 [INFO] backtest.engine: run_complete symbol=META trades=25 entries=25 exits=25 buffer_blocks=0 persistence_blocks=0 delay_bars=0 costs_enabled=True
2025-10-11 14:27:26,361 [INFO] backtest.engine: run_complete symbol=AAPL trades=10 entries=10 exits=10 buffer_blocks=0 persistence_blocks=0 delay_bars=0 costs_enabled=True
2025-10-11 14:27:26,370 [INFO] backtest.engine: run_complete symbol=META trades=22 entries=22 exits=22 buffer_blocks=0 persistence_blocks=0 delay_bars=0 costs_enabled=True
2025-10-11 14:27:26,373 [INFO] backtest.engine: run_complete symbol=AAPL trades=12 entries=12 exits=12 buffer_blocks=0 persistence_blocks=0 delay_bars=0 costs_enabled=True
2025-10-11 14:27:26,373 [INFO] backtest.engine: run_complete symbol=AAPL trades=11 entries=11 exits=11 buffer_blocks=0 persistence_blocks=0 delay_bars=0 costs_enabled=True
2025-10-11 14:27:26,376 [INFO] backtest.engine: run_complete symbol=MSFT trades=13 entries=13 exits=13 buffer_blocks=0 persistence_blocks=0 delay_bars=0 costs_enabled=True
2025-10-11 14:27:26,376 [INFO] backtest.engine: run_complete symbol=AAPL trades=11 entries=11 exits=11 buffer_blocks=0 persistence_blocks=0 delay_bars=0 costs_enabled=True
2025-10-11 14:27:26,377 [INFO] backtest.engine: run_complete symbol=MSFT trades=11 entries=11 exits=11 buffer_blocks=0 persistence_blocks=0 delay_bars=0 costs_enabled=True
2025-10-11 14:27:26,382 [INFO] backtest.engine: run_complete symbol=MSFT trades=10 entries=10 exits=10 buffer_blocks=0 persistence_blocks=0 delay_bars=0 costs_enabled=True
2025-10-11 14:27:26,385 [INFO] backtest.engine: run_complete symbol=AAPL trades=9 entries=9 exits=9 buffer_blocks=0 persistence_blocks=0 delay_bars=0 costs_enabled=True
2025-10-11 14:27:26,394 [INFO] backtest.engine: run_complete symbol=MSFT trades=9 entries=9 exits=9 buffer_blocks=0 persistence_blocks=0 delay_bars=0 costs_enabled=True
2025-10-11 14:27:26,395 [INFO] backtest.engine: run_complete symbol=MSFT trades=11 entries=11 exits=11 buffer_blocks=0 persistence_blocks=0 delay_bars=0 costs_enabled=True
2025-10-11 14:27:26,395 [INFO] backtest.engine: run_complete symbol=AAPL trades=10 entries=10 exits=10 buffer_blocks=0 persistence_blocks=0 delay_bars=0 costs_enabled=True
2025-10-11 14:27:26,398 [INFO] backtest.engine: run_complete symbol=AMZN trades=12 entries=12 exits=12 buffer_blocks=0 persistence_blocks=0 delay_bars=0 costs_enabled=True
2025-10-11 14:27:26,398 [INFO] backtest.engine: run_complete symbol=MSFT trades=12 entries=12 exits=12 buffer_blocks=0 persistence_blocks=0 delay_bars=0 costs_enabled=True
2025-10-11 14:27:26,399 [INFO] backtest.engine: run_complete symbol=AMZN trades=11 entries=11 exits=11 buffer_blocks=0 persistence_blocks=0 delay_bars=0 costs_enabled=True
2025-10-11 14:27:26,404 [INFO] backtest.engine: run_complete symbol=AMZN trades=12 entries=12 exits=12 buffer_blocks=0 persistence_blocks=0 delay_bars=0 costs_enabled=True
2025-10-11 14:27:26,407 [INFO] backtest.engine: run_complete symbol=MSFT trades=10 entries=10 exits=10 buffer_blocks=0 persistence_blocks=0 delay_bars=0 costs_enabled=True
2025-10-11 14:27:26,416 [INFO] backtest.engine: run_complete symbol=AMZN trades=12 entries=12 exits=12 buffer_blocks=0 persistence_blocks=0 delay_bars=0 costs_enabled=True
2025-10-11 14:27:26,416 [INFO] backtest.engine: run_complete symbol=AMZN trades=11 entries=11 exits=11 buffer_blocks=0 persistence_blocks=0 delay_bars=0 costs_enabled=True
2025-10-11 14:27:26,417 [INFO] backtest.engine: run_complete symbol=MSFT trades=11 entries=11 exits=11 buffer_blocks=0 persistence_blocks=0 delay_bars=0 costs_enabled=True
2025-10-11 14:27:26,419 [INFO] backtest.engine: run_complete symbol=AMZN trades=12 entries=12 exits=12 buffer_blocks=0 persistence_blocks=0 delay_bars=0 costs_enabled=True
2025-10-11 14:27:26,420 [INFO] backtest.engine: run_complete symbol=GOOG trades=14 entries=14 exits=14 buffer_blocks=0 persistence_blocks=0 delay_bars=0 costs_enabled=True
2025-10-11 14:27:26,420 [INFO] backtest.engine: run_complete symbol=GOOG trades=12 entries=12 exits=12 buffer_blocks=0 persistence_blocks=0 delay_bars=0 costs_enabled=True
2025-10-11 14:27:26,426 [INFO] backtest.engine: run_complete symbol=GOOG trades=12 entries=12 exits=12 buffer_blocks=0 persistence_blocks=0 delay_bars=0 costs_enabled=True
2025-10-11 14:27:26,429 [INFO] backtest.engine: run_complete symbol=AMZN trades=11 entries=11 exits=11 buffer_blocks=0 persistence_blocks=0 delay_bars=0 costs_enabled=True
2025-10-11 14:27:26,438 [INFO] backtest.engine: run_complete symbol=GOOG trades=12 entries=12 exits=12 buffer_blocks=0 persistence_blocks=0 delay_bars=0 costs_enabled=True
2025-10-11 14:27:26,438 [INFO] backtest.engine: run_complete symbol=GOOG trades=15 entries=15 exits=15 buffer_blocks=0 persistence_blocks=0 delay_bars=0 costs_enabled=True
2025-10-11 14:27:26,438 [INFO] backtest.engine: run_complete symbol=AMZN trades=11 entries=11 exits=11 buffer_blocks=0 persistence_blocks=0 delay_bars=0 costs_enabled=True
2025-10-11 14:27:26,441 [INFO] backtest.engine: run_complete symbol=GOOG trades=13 entries=13 exits=13 buffer_blocks=0 persistence_blocks=0 delay_bars=0 costs_enabled=True
2025-10-11 14:27:26,442 [INFO] backtest.engine: run_complete symbol=META trades=14 entries=14 exits=14 buffer_blocks=0 persistence_blocks=0 delay_bars=0 costs_enabled=True
2025-10-11 14:27:26,442 [INFO] backtest.engine: run_complete symbol=META trades=14 entries=14 exits=14 buffer_blocks=0 persistence_blocks=0 delay_bars=0 costs_enabled=True
2025-10-11 14:27:26,448 [INFO] backtest.engine: run_complete symbol=META trades=15 entries=15 exits=15 buffer_blocks=0 persistence_blocks=0 delay_bars=0 costs_enabled=True
2025-10-11 14:27:26,450 [INFO] backtest.engine: run_complete symbol=GOOG trades=13 entries=13 exits=13 buffer_blocks=0 persistence_blocks=0 delay_bars=0 costs_enabled=True
2025-10-11 14:27:26,460 [INFO] backtest.engine: run_complete symbol=META trades=15 entries=15 exits=15 buffer_blocks=0 persistence_blocks=0 delay_bars=0 costs_enabled=True
2025-10-11 14:27:26,460 [INFO] backtest.engine: run_complete symbol=GOOG trades=14 entries=14 exits=14 buffer_blocks=0 persistence_blocks=0 delay_bars=0 costs_enabled=True
2025-10-11 14:27:26,462 [INFO] backtest.engine: run_complete symbol=META trades=22 entries=22 exits=22 buffer_blocks=0 persistence_blocks=0 delay_bars=0 costs_enabled=True
2025-10-11 14:27:26,462 [INFO] backtest.engine: run_complete symbol=META trades=14 entries=14 exits=14 buffer_blocks=0 persistence_blocks=0 delay_bars=0 costs_enabled=True
2025-10-11 14:27:26,472 [INFO] backtest.engine: run_complete symbol=META trades=15 entries=15 exits=15 buffer_blocks=0 persistence_blocks=0 delay_bars=0 costs_enabled=True
2025-10-11 14:27:26,480 [INFO] backtest.engine: run_complete symbol=AAPL trades=21 entries=21 exits=21 buffer_blocks=0 persistence_blocks=0 delay_bars=0 costs_enabled=True
2025-10-11 14:27:26,481 [INFO] backtest.engine: run_complete symbol=AAPL trades=28 entries=28 exits=28 buffer_blocks=0 persistence_blocks=0 delay_bars=0 costs_enabled=True
2025-10-11 14:27:26,482 [INFO] backtest.engine: run_complete symbol=META trades=14 entries=14 exits=14 buffer_blocks=0 persistence_blocks=0 delay_bars=0 costs_enabled=True
2025-10-11 14:27:26,485 [INFO] backtest.engine: run_complete symbol=AAPL trades=17 entries=17 exits=17 buffer_blocks=0 persistence_blocks=0 delay_bars=0 costs_enabled=True
2025-10-11 14:27:26,498 [INFO] backtest.engine: run_complete symbol=AAPL trades=18 entries=18 exits=18 buffer_blocks=0 persistence_blocks=0 delay_bars=0 costs_enabled=True
2025-10-11 14:27:26,501 [INFO] backtest.engine: run_complete symbol=AAPL trades=20 entries=20 exits=20 buffer_blocks=0 persistence_blocks=0 delay_bars=0 costs_enabled=True
2025-10-11 14:27:26,502 [INFO] backtest.engine: run_complete symbol=AAPL trades=27 entries=27 exits=27 buffer_blocks=0 persistence_blocks=0 delay_bars=0 costs_enabled=True
2025-10-11 14:27:26,512 [INFO] backtest.engine: run_complete symbol=AAPL trades=33 entries=33 exits=33 buffer_blocks=0 persistence_blocks=0 delay_bars=0 costs_enabled=True
2025-10-11 14:27:26,519 [INFO] backtest.engine: run_complete symbol=MSFT trades=31 entries=31 exits=31 buffer_blocks=0 persistence_blocks=0 delay_bars=0 costs_enabled=True
2025-10-11 14:27:26,519 [INFO] backtest.engine: run_complete symbol=AAPL trades=17 entries=17 exits=17 buffer_blocks=0 persistence_blocks=0 delay_bars=0 costs_enabled=True
2025-10-11 14:27:26,521 [INFO] backtest.engine: run_complete symbol=MSFT trades=39 entries=39 exits=39 buffer_blocks=0 persistence_blocks=0 delay_bars=0 costs_enabled=True
2025-10-11 14:27:26,523 [INFO] backtest.engine: run_complete symbol=MSFT trades=29 entries=29 exits=29 buffer_blocks=0 persistence_blocks=0 delay_bars=0 costs_enabled=True
2025-10-11 14:27:26,537 [INFO] backtest.engine: run_complete symbol=MSFT trades=27 entries=27 exits=27 buffer_blocks=0 persistence_blocks=0 delay_bars=0 costs_enabled=True
2025-10-11 14:27:26,540 [INFO] backtest.engine: run_complete symbol=MSFT trades=33 entries=33 exits=33 buffer_blocks=0 persistence_blocks=0 delay_bars=0 costs_enabled=True
2025-10-11 14:27:26,541 [INFO] backtest.engine: run_complete symbol=MSFT trades=38 entries=38 exits=38 buffer_blocks=0 persistence_blocks=0 delay_bars=0 costs_enabled=True
2025-10-11 14:27:26,553 [INFO] backtest.engine: run_complete symbol=MSFT trades=43 entries=43 exits=43 buffer_blocks=0 persistence_blocks=0 delay_bars=0 costs_enabled=True
2025-10-11 14:27:26,554 [INFO] backtest.engine: run_complete symbol=AMZN trades=16 entries=16 exits=16 buffer_blocks=0 persistence_blocks=0 delay_bars=0 costs_enabled=True
2025-10-11 14:27:26,557 [INFO] backtest.engine: run_complete symbol=AMZN trades=24 entries=24 exits=24 buffer_blocks=0 persistence_blocks=0 delay_bars=0 costs_enabled=True
2025-10-11 14:27:26,558 [INFO] backtest.engine: run_complete symbol=AMZN trades=17 entries=17 exits=17 buffer_blocks=0 persistence_blocks=0 delay_bars=0 costs_enabled=True
2025-10-11 14:27:26,559 [INFO] backtest.engine: run_complete symbol=MSFT trades=32 entries=32 exits=32 buffer_blocks=0 persistence_blocks=0 delay_bars=0 costs_enabled=True
2025-10-11 14:27:26,573 [INFO] backtest.engine: run_complete symbol=AMZN trades=17 entries=17 exits=17 buffer_blocks=0 persistence_blocks=0 delay_bars=0 costs_enabled=True
2025-10-11 14:27:26,576 [INFO] backtest.engine: run_complete symbol=AMZN trades=16 entries=16 exits=16 buffer_blocks=0 persistence_blocks=0 delay_bars=0 costs_enabled=True
2025-10-11 14:27:26,577 [INFO] backtest.engine: run_complete symbol=AMZN trades=22 entries=22 exits=22 buffer_blocks=0 persistence_blocks=0 delay_bars=0 costs_enabled=True
2025-10-11 14:27:26,592 [INFO] backtest.engine: run_complete symbol=AMZN trades=32 entries=32 exits=32 buffer_blocks=0 persistence_blocks=0 delay_bars=0 costs_enabled=True
2025-10-11 14:27:26,592 [INFO] backtest.engine: run_complete symbol=GOOG trades=24 entries=24 exits=24 buffer_blocks=0 persistence_blocks=0 delay_bars=0 costs_enabled=True
2025-10-11 14:27:26,594 [INFO] backtest.engine: run_complete symbol=AMZN trades=16 entries=16 exits=16 buffer_blocks=0 persistence_blocks=0 delay_bars=0 costs_enabled=True
2025-10-11 14:27:26,596 [INFO] backtest.engine: run_complete symbol=GOOG trades=22 entries=23 exits=22 buffer_blocks=0 persistence_blocks=0 delay_bars=0 costs_enabled=True
2025-10-11 14:27:26,597 [INFO] backtest.engine: run_complete symbol=GOOG trades=37 entries=37 exits=37 buffer_blocks=0 persistence_blocks=0 delay_bars=0 costs_enabled=True
2025-10-11 14:27:26,611 [INFO] backtest.engine: run_complete symbol=GOOG trades=23 entries=24 exits=23 buffer_blocks=0 persistence_blocks=0 delay_bars=0 costs_enabled=True
2025-10-11 14:27:26,613 [INFO] backtest.engine: run_complete symbol=GOOG trades=24 entries=24 exits=24 buffer_blocks=0 persistence_blocks=0 delay_bars=0 costs_enabled=True
2025-10-11 14:27:26,616 [INFO] backtest.engine: run_complete symbol=GOOG trades=35 entries=35 exits=35 buffer_blocks=0 persistence_blocks=0 delay_bars=0 costs_enabled=True
2025-10-11 14:27:26,628 [INFO] backtest.engine: run_complete symbol=META trades=23 entries=23 exits=23 buffer_blocks=0 persistence_blocks=0 delay_bars=0 costs_enabled=True
2025-10-11 14:27:26,631 [INFO] backtest.engine: run_complete symbol=GOOG trades=38 entries=38 exits=38 buffer_blocks=0 persistence_blocks=0 delay_bars=0 costs_enabled=True
2025-10-11 14:27:26,631 [INFO] backtest.engine: run_complete symbol=GOOG trades=23 entries=24 exits=23 buffer_blocks=0 persistence_blocks=0 delay_bars=0 costs_enabled=True
2025-10-11 14:27:26,633 [INFO] backtest.engine: run_complete symbol=META trades=27 entries=27 exits=27 buffer_blocks=0 persistence_blocks=0 delay_bars=0 costs_enabled=True
2025-10-11 14:27:26,636 [INFO] backtest.engine: run_complete symbol=META trades=38 entries=38 exits=38 buffer_blocks=0 persistence_blocks=0 delay_bars=0 costs_enabled=True
2025-10-11 14:27:26,650 [INFO] backtest.engine: run_complete symbol=META trades=27 entries=27 exits=27 buffer_blocks=0 persistence_blocks=0 delay_bars=0 costs_enabled=True
2025-10-11 14:27:26,652 [INFO] backtest.engine: run_complete symbol=META trades=25 entries=25 exits=25 buffer_blocks=0 persistence_blocks=0 delay_bars=0 costs_enabled=True
2025-10-11 14:27:26,652 [INFO] backtest.engine: run_complete symbol=AAPL trades=11 entries=11 exits=11 buffer_blocks=0 persistence_blocks=0 delay_bars=0 costs_enabled=True
2025-10-11 14:27:26,654 [INFO] backtest.engine: run_complete symbol=META trades=33 entries=33 exits=33 buffer_blocks=0 persistence_blocks=0 delay_bars=0 costs_enabled=True
2025-10-11 14:27:26,658 [INFO] backtest.engine: run_complete symbol=AAPL trades=12 entries=12 exits=12 buffer_blocks=0 persistence_blocks=0 delay_bars=0 costs_enabled=True
2025-10-11 14:27:26,662 [INFO] backtest.engine: run_complete symbol=AAPL trades=13 entries=13 exits=13 buffer_blocks=0 persistence_blocks=0 delay_bars=0 costs_enabled=True
2025-10-11 14:27:26,668 [INFO] backtest.engine: run_complete symbol=META trades=21 entries=21 exits=21 buffer_blocks=0 persistence_blocks=0 delay_bars=0 costs_enabled=True
2025-10-11 14:27:26,672 [INFO] backtest.engine: run_complete symbol=META trades=39 entries=39 exits=39 buffer_blocks=0 persistence_blocks=0 delay_bars=0 costs_enabled=True
2025-10-11 14:27:26,674 [INFO] backtest.engine: run_complete symbol=AAPL trades=11 entries=11 exits=11 buffer_blocks=0 persistence_blocks=0 delay_bars=0 costs_enabled=True
2025-10-11 14:27:26,674 [INFO] backtest.engine: run_complete symbol=MSFT trades=13 entries=13 exits=13 buffer_blocks=0 persistence_blocks=0 delay_bars=0 costs_enabled=True
2025-10-11 14:27:26,676 [INFO] backtest.engine: run_complete symbol=AAPL trades=11 entries=11 exits=11 buffer_blocks=0 persistence_blocks=0 delay_bars=0 costs_enabled=True
2025-10-11 14:27:26,678 [INFO] backtest.engine: run_complete symbol=AAPL trades=13 entries=13 exits=13 buffer_blocks=0 persistence_blocks=0 delay_bars=0 costs_enabled=True
2025-10-11 14:27:26,680 [INFO] backtest.engine: run_complete symbol=MSFT trades=11 entries=11 exits=11 buffer_blocks=0 persistence_blocks=0 delay_bars=0 costs_enabled=True
2025-10-11 14:27:26,684 [INFO] backtest.engine: run_complete symbol=MSFT trades=13 entries=13 exits=13 buffer_blocks=0 persistence_blocks=0 delay_bars=0 costs_enabled=True
2025-10-11 14:27:26,692 [INFO] backtest.engine: run_complete symbol=AAPL trades=10 entries=10 exits=10 buffer_blocks=0 persistence_blocks=0 delay_bars=0 costs_enabled=True
2025-10-11 14:27:26,694 [INFO] backtest.engine: run_complete symbol=MSFT trades=10 entries=10 exits=10 buffer_blocks=0 persistence_blocks=0 delay_bars=0 costs_enabled=True
2025-10-11 14:27:26,696 [INFO] backtest.engine: run_complete symbol=AMZN trades=12 entries=12 exits=12 buffer_blocks=0 persistence_blocks=0 delay_bars=0 costs_enabled=True
2025-10-11 14:27:26,697 [INFO] backtest.engine: run_complete symbol=MSFT trades=11 entries=11 exits=11 buffer_blocks=0 persistence_blocks=0 delay_bars=0 costs_enabled=True
2025-10-11 14:27:26,698 [INFO] backtest.engine: run_complete symbol=AAPL trades=16 entries=16 exits=16 buffer_blocks=0 persistence_blocks=0 delay_bars=0 costs_enabled=True
2025-10-11 14:27:26,701 [INFO] backtest.engine: run_complete symbol=MSFT trades=12 entries=12 exits=12 buffer_blocks=0 persistence_blocks=0 delay_bars=0 costs_enabled=True
2025-10-11 14:27:26,702 [INFO] backtest.engine: run_complete symbol=AMZN trades=12 entries=12 exits=12 buffer_blocks=0 persistence_blocks=0 delay_bars=0 costs_enabled=True
2025-10-11 14:27:26,706 [INFO] backtest.engine: run_complete symbol=AMZN trades=14 entries=14 exits=14 buffer_blocks=0 persistence_blocks=0 delay_bars=0 costs_enabled=True
2025-10-11 14:27:26,713 [INFO] backtest.engine: run_complete symbol=MSFT trades=11 entries=11 exits=11 buffer_blocks=0 persistence_blocks=0 delay_bars=0 costs_enabled=True
2025-10-11 14:27:26,716 [INFO] backtest.engine: run_complete symbol=AMZN trades=12 entries=12 exits=12 buffer_blocks=0 persistence_blocks=0 delay_bars=0 costs_enabled=True
2025-10-11 14:27:26,719 [INFO] backtest.engine: run_complete symbol=AMZN trades=12 entries=12 exits=12 buffer_blocks=0 persistence_blocks=0 delay_bars=0 costs_enabled=True
2025-10-11 14:27:26,719 [INFO] backtest.engine: run_complete symbol=GOOG trades=14 entries=14 exits=14 buffer_blocks=0 persistence_blocks=0 delay_bars=0 costs_enabled=True
2025-10-11 14:27:26,720 [INFO] backtest.engine: run_complete symbol=MSFT trades=15 entries=15 exits=15 buffer_blocks=0 persistence_blocks=0 delay_bars=0 costs_enabled=True
2025-10-11 14:27:26,723 [INFO] backtest.engine: run_complete symbol=AMZN trades=14 entries=14 exits=14 buffer_blocks=0 persistence_blocks=0 delay_bars=0 costs_enabled=True
2025-10-11 14:27:26,724 [INFO] backtest.engine: run_complete symbol=GOOG trades=13 entries=13 exits=13 buffer_blocks=0 persistence_blocks=0 delay_bars=0 costs_enabled=True
2025-10-11 14:27:26,728 [INFO] backtest.engine: run_complete symbol=GOOG trades=13 entries=13 exits=13 buffer_blocks=0 persistence_blocks=0 delay_bars=0 costs_enabled=True
2025-10-11 14:27:26,735 [INFO] backtest.engine: run_complete symbol=AMZN trades=10 entries=10 exits=10 buffer_blocks=0 persistence_blocks=0 delay_bars=0 costs_enabled=True
2025-10-11 14:27:26,738 [INFO] backtest.engine: run_complete symbol=GOOG trades=13 entries=13 exits=13 buffer_blocks=0 persistence_blocks=0 delay_bars=0 costs_enabled=True
2025-10-11 14:27:26,741 [INFO] backtest.engine: run_complete symbol=GOOG trades=12 entries=12 exits=12 buffer_blocks=0 persistence_blocks=0 delay_bars=0 costs_enabled=True
2025-10-11 14:27:26,742 [INFO] backtest.engine: run_complete symbol=META trades=16 entries=16 exits=16 buffer_blocks=0 persistence_blocks=0 delay_bars=0 costs_enabled=True
2025-10-11 14:27:26,742 [INFO] backtest.engine: run_complete symbol=AMZN trades=14 entries=14 exits=14 buffer_blocks=0 persistence_blocks=0 delay_bars=0 costs_enabled=True
2025-10-11 14:27:26,746 [INFO] backtest.engine: run_complete symbol=GOOG trades=18 entries=18 exits=18 buffer_blocks=0 persistence_blocks=0 delay_bars=0 costs_enabled=True
2025-10-11 14:27:26,747 [INFO] backtest.engine: run_complete symbol=META trades=15 entries=15 exits=15 buffer_blocks=0 persistence_blocks=0 delay_bars=0 costs_enabled=True
2025-10-11 14:27:26,752 [INFO] backtest.engine: run_complete symbol=META trades=25 entries=25 exits=25 buffer_blocks=0 persistence_blocks=0 delay_bars=0 costs_enabled=True
2025-10-11 14:27:26,757 [INFO] backtest.engine: run_complete symbol=GOOG trades=13 entries=13 exits=13 buffer_blocks=0 persistence_blocks=0 delay_bars=0 costs_enabled=True
2025-10-11 14:27:26,761 [INFO] backtest.engine: run_complete symbol=META trades=17 entries=17 exits=17 buffer_blocks=0 persistence_blocks=0 delay_bars=0 costs_enabled=True
2025-10-11 14:27:26,762 [INFO] backtest.engine: run_complete symbol=META trades=15 entries=15 exits=15 buffer_blocks=0 persistence_blocks=0 delay_bars=0 costs_enabled=True
2025-10-11 14:27:26,765 [INFO] backtest.engine: run_complete symbol=GOOG trades=16 entries=16 exits=16 buffer_blocks=0 persistence_blocks=0 delay_bars=0 costs_enabled=True
2025-10-11 14:27:26,769 [INFO] backtest.engine: run_complete symbol=META trades=19 entries=19 exits=19 buffer_blocks=0 persistence_blocks=0 delay_bars=0 costs_enabled=True
2025-10-11 14:27:26,778 [INFO] backtest.engine: run_complete symbol=META trades=14 entries=14 exits=14 buffer_blocks=0 persistence_blocks=0 delay_bars=0 costs_enabled=True
2025-10-11 14:27:26,783 [INFO] backtest.engine: run_complete symbol=AAPL trades=48 entries=48 exits=48 buffer_blocks=0 persistence_blocks=0 delay_bars=0 costs_enabled=True
2025-10-11 14:27:26,787 [INFO] backtest.engine: run_complete symbol=AAPL trades=25 entries=25 exits=25 buffer_blocks=0 persistence_blocks=0 delay_bars=0 costs_enabled=True
2025-10-11 14:27:26,789 [INFO] backtest.engine: run_complete symbol=META trades=25 entries=25 exits=25 buffer_blocks=0 persistence_blocks=0 delay_bars=0 costs_enabled=True
2025-10-11 14:27:26,790 [INFO] backtest.engine: run_complete symbol=AAPL trades=20 entries=20 exits=20 buffer_blocks=0 persistence_blocks=0 delay_bars=0 costs_enabled=True
2025-10-11 14:27:26,801 [INFO] backtest.engine: run_complete symbol=AAPL trades=18 entries=18 exits=18 buffer_blocks=0 persistence_blocks=0 delay_bars=0 costs_enabled=True
2025-10-11 14:27:26,801 [INFO] backtest.engine: run_complete symbol=AAPL trades=31 entries=31 exits=31 buffer_blocks=0 persistence_blocks=0 delay_bars=0 costs_enabled=True
2025-10-11 14:27:26,807 [INFO] backtest.engine: run_complete symbol=AAPL trades=17 entries=17 exits=17 buffer_blocks=0 persistence_blocks=0 delay_bars=0 costs_enabled=True
2025-10-11 14:27:26,817 [INFO] backtest.engine: run_complete symbol=AAPL trades=19 entries=19 exits=19 buffer_blocks=0 persistence_blocks=0 delay_bars=0 costs_enabled=True
2025-10-11 14:27:26,826 [INFO] backtest.engine: run_complete symbol=MSFT trades=39 entries=39 exits=39 buffer_blocks=0 persistence_blocks=0 delay_bars=0 costs_enabled=True
2025-10-11 14:27:26,826 [INFO] backtest.engine: run_complete symbol=AAPL trades=18 entries=18 exits=18 buffer_blocks=0 persistence_blocks=0 delay_bars=0 costs_enabled=True
2025-10-11 14:27:26,827 [INFO] backtest.engine: run_complete symbol=MSFT trades=72 entries=72 exits=72 buffer_blocks=0 persistence_blocks=0 delay_bars=0 costs_enabled=True
2025-10-11 14:27:26,829 [INFO] backtest.engine: run_complete symbol=MSFT trades=28 entries=28 exits=28 buffer_blocks=0 persistence_blocks=0 delay_bars=0 costs_enabled=True
2025-10-11 14:27:26,840 [INFO] backtest.engine: run_complete symbol=MSFT trades=31 entries=31 exits=31 buffer_blocks=0 persistence_blocks=0 delay_bars=0 costs_enabled=True
2025-10-11 14:27:26,842 [INFO] backtest.engine: run_complete symbol=MSFT trades=46 entries=46 exits=46 buffer_blocks=0 persistence_blocks=0 delay_bars=0 costs_enabled=True
2025-10-11 14:27:26,846 [INFO] backtest.engine: run_complete symbol=MSFT trades=31 entries=31 exits=31 buffer_blocks=0 persistence_blocks=0 delay_bars=0 costs_enabled=True
2025-10-11 14:27:26,857 [INFO] backtest.engine: run_complete symbol=MSFT trades=32 entries=32 exits=32 buffer_blocks=0 persistence_blocks=0 delay_bars=0 costs_enabled=True
2025-10-11 14:27:26,863 [INFO] backtest.engine: run_complete symbol=AMZN trades=14 entries=14 exits=14 buffer_blocks=0 persistence_blocks=0 delay_bars=0 costs_enabled=True
2025-10-11 14:27:26,864 [INFO] backtest.engine: run_complete symbol=AMZN trades=26 entries=26 exits=26 buffer_blocks=0 persistence_blocks=0 delay_bars=0 costs_enabled=True
2025-10-11 14:27:26,866 [INFO] backtest.engine: run_complete symbol=MSFT trades=33 entries=33 exits=33 buffer_blocks=0 persistence_blocks=0 delay_bars=0 costs_enabled=True
2025-10-11 14:27:26,868 [INFO] backtest.engine: run_complete symbol=AMZN trades=43 entries=44 exits=43 buffer_blocks=0 persistence_blocks=0 delay_bars=0 costs_enabled=True
2025-10-11 14:27:26,877 [INFO] backtest.engine: run_complete symbol=AMZN trades=16 entries=16 exits=16 buffer_blocks=0 persistence_blocks=0 delay_bars=0 costs_enabled=True
2025-10-11 14:27:26,880 [INFO] backtest.engine: run_complete symbol=AMZN trades=25 entries=25 exits=25 buffer_blocks=0 persistence_blocks=0 delay_bars=0 costs_enabled=True
2025-10-11 14:27:26,882 [INFO] backtest.engine: run_complete symbol=AMZN trades=17 entries=17 exits=17 buffer_blocks=0 persistence_blocks=0 delay_bars=0 costs_enabled=True
2025-10-11 14:27:26,893 [INFO] backtest.engine: run_complete symbol=AMZN trades=16 entries=16 exits=16 buffer_blocks=0 persistence_blocks=0 delay_bars=0 costs_enabled=True
2025-10-11 14:27:26,900 [INFO] backtest.engine: run_complete symbol=GOOG trades=23 entries=23 exits=23 buffer_blocks=0 persistence_blocks=0 delay_bars=0 costs_enabled=True
2025-10-11 14:27:26,903 [INFO] backtest.engine: run_complete symbol=AMZN trades=16 entries=16 exits=16 buffer_blocks=0 persistence_blocks=0 delay_bars=0 costs_enabled=True
2025-10-11 14:27:26,905 [INFO] backtest.engine: run_complete symbol=GOOG trades=34 entries=34 exits=34 buffer_blocks=0 persistence_blocks=0 delay_bars=0 costs_enabled=True
2025-10-11 14:27:26,914 [INFO] backtest.engine: run_complete symbol=GOOG trades=68 entries=69 exits=68 buffer_blocks=0 persistence_blocks=0 delay_bars=0 costs_enabled=True
2025-10-11 14:27:26,915 [INFO] backtest.engine: run_complete symbol=GOOG trades=23 entries=23 exits=23 buffer_blocks=0 persistence_blocks=0 delay_bars=0 costs_enabled=True
2025-10-11 14:27:26,919 [INFO] backtest.engine: run_complete symbol=GOOG trades=22 entries=23 exits=22 buffer_blocks=0 persistence_blocks=0 delay_bars=0 costs_enabled=True
2025-10-11 14:27:26,920 [INFO] backtest.engine: run_complete symbol=GOOG trades=41 entries=41 exits=41 buffer_blocks=0 persistence_blocks=0 delay_bars=0 costs_enabled=True
2025-10-11 14:27:26,930 [INFO] backtest.engine: run_complete symbol=GOOG trades=24 entries=24 exits=24 buffer_blocks=0 persistence_blocks=0 delay_bars=0 costs_enabled=True
2025-10-11 14:27:26,938 [INFO] backtest.engine: run_complete symbol=META trades=26 entries=26 exits=26 buffer_blocks=0 persistence_blocks=0 delay_bars=0 costs_enabled=True
2025-10-11 14:27:26,940 [INFO] backtest.engine: run_complete symbol=GOOG trades=22 entries=23 exits=22 buffer_blocks=0 persistence_blocks=0 delay_bars=0 costs_enabled=True
2025-10-11 14:27:26,944 [INFO] backtest.engine: run_complete symbol=META trades=37 entries=37 exits=37 buffer_blocks=0 persistence_blocks=0 delay_bars=0 costs_enabled=True
2025-10-11 14:27:26,953 [INFO] backtest.engine: run_complete symbol=META trades=24 entries=24 exits=24 buffer_blocks=0 persistence_blocks=0 delay_bars=0 costs_enabled=True
2025-10-11 14:27:26,957 [INFO] backtest.engine: run_complete symbol=META trades=64 entries=64 exits=64 buffer_blocks=0 persistence_blocks=0 delay_bars=0 costs_enabled=True
2025-10-11 14:27:26,958 [INFO] backtest.engine: run_complete symbol=META trades=24 entries=24 exits=24 buffer_blocks=0 persistence_blocks=0 delay_bars=0 costs_enabled=True
2025-10-11 14:27:26,961 [INFO] backtest.engine: run_complete symbol=META trades=42 entries=42 exits=42 buffer_blocks=0 persistence_blocks=0 delay_bars=0 costs_enabled=True
2025-10-11 14:27:26,962 [INFO] backtest.engine: run_complete symbol=AAPL trades=9 entries=9 exits=9 buffer_blocks=0 persistence_blocks=0 delay_bars=0 costs_enabled=True
2025-10-11 14:27:26,969 [INFO] backtest.engine: run_complete symbol=META trades=23 entries=23 exits=23 buffer_blocks=0 persistence_blocks=0 delay_bars=0 costs_enabled=True
2025-10-11 14:27:26,970 [INFO] backtest.engine: run_complete symbol=AAPL trades=15 entries=15 exits=15 buffer_blocks=0 persistence_blocks=0 delay_bars=0 costs_enabled=True
2025-10-11 14:27:26,976 [INFO] backtest.engine: run_complete symbol=AAPL trades=10 entries=10 exits=10 buffer_blocks=0 persistence_blocks=0 delay_bars=0 costs_enabled=True
2025-10-11 14:27:26,979 [INFO] backtest.engine: run_complete symbol=META trades=24 entries=24 exits=24 buffer_blocks=0 persistence_blocks=0 delay_bars=0 costs_enabled=True
2025-10-11 14:27:26,982 [INFO] backtest.engine: run_complete symbol=AAPL trades=11 entries=11 exits=11 buffer_blocks=0 persistence_blocks=0 delay_bars=0 costs_enabled=True
2025-10-11 14:27:26,983 [INFO] backtest.engine: run_complete symbol=MSFT trades=11 entries=11 exits=11 buffer_blocks=0 persistence_blocks=0 delay_bars=0 costs_enabled=True
2025-10-11 14:27:26,985 [INFO] backtest.engine: run_complete symbol=AAPL trades=26 entries=26 exits=26 buffer_blocks=0 persistence_blocks=0 delay_bars=0 costs_enabled=True
2025-10-11 14:27:26,986 [INFO] backtest.engine: run_complete symbol=AAPL trades=17 entries=17 exits=17 buffer_blocks=0 persistence_blocks=0 delay_bars=0 costs_enabled=True
2025-10-11 14:27:26,990 [INFO] backtest.engine: run_complete symbol=MSFT trades=10 entries=10 exits=10 buffer_blocks=0 persistence_blocks=0 delay_bars=0 costs_enabled=True
2025-10-11 14:27:26,993 [INFO] backtest.engine: run_complete symbol=AAPL trades=11 entries=11 exits=11 buffer_blocks=0 persistence_blocks=0 delay_bars=0 costs_enabled=True
2025-10-11 14:27:26,997 [INFO] backtest.engine: run_complete symbol=MSFT trades=11 entries=11 exits=11 buffer_blocks=0 persistence_blocks=0 delay_bars=0 costs_enabled=True
2025-10-11 14:27:27,003 [INFO] backtest.engine: run_complete symbol=MSFT trades=11 entries=11 exits=11 buffer_blocks=0 persistence_blocks=0 delay_bars=0 costs_enabled=True
2025-10-11 14:27:27,003 [INFO] backtest.engine: run_complete symbol=AAPL trades=13 entries=13 exits=13 buffer_blocks=0 persistence_blocks=0 delay_bars=0 costs_enabled=True
2025-10-11 14:27:27,004 [INFO] backtest.engine: run_complete symbol=AMZN trades=10 entries=10 exits=10 buffer_blocks=0 persistence_blocks=0 delay_bars=0 costs_enabled=True
2025-10-11 14:27:27,008 [INFO] backtest.engine: run_complete symbol=MSFT trades=13 entries=13 exits=13 buffer_blocks=0 persistence_blocks=0 delay_bars=0 costs_enabled=True
2025-10-11 14:27:27,008 [INFO] backtest.engine: run_complete symbol=MSFT trades=26 entries=26 exits=26 buffer_blocks=0 persistence_blocks=0 delay_bars=0 costs_enabled=True
2025-10-11 14:27:27,012 [INFO] backtest.engine: run_complete symbol=AMZN trades=17 entries=17 exits=17 buffer_blocks=0 persistence_blocks=0 delay_bars=0 costs_enabled=True
2025-10-11 14:27:27,014 [INFO] backtest.engine: run_complete symbol=MSFT trades=11 entries=11 exits=11 buffer_blocks=0 persistence_blocks=0 delay_bars=0 costs_enabled=True
2025-10-11 14:27:27,018 [INFO] backtest.engine: run_complete symbol=AMZN trades=11 entries=11 exits=11 buffer_blocks=0 persistence_blocks=0 delay_bars=0 costs_enabled=True
2025-10-11 14:27:27,025 [INFO] backtest.engine: run_complete symbol=AMZN trades=13 entries=13 exits=13 buffer_blocks=0 persistence_blocks=0 delay_bars=0 costs_enabled=True
2025-10-11 14:27:27,025 [INFO] backtest.engine: run_complete symbol=MSFT trades=12 entries=12 exits=12 buffer_blocks=0 persistence_blocks=0 delay_bars=0 costs_enabled=True
2025-10-11 14:27:27,025 [INFO] backtest.engine: run_complete symbol=GOOG trades=8 entries=8 exits=8 buffer_blocks=0 persistence_blocks=0 delay_bars=0 costs_enabled=True
2025-10-11 14:27:27,031 [INFO] backtest.engine: run_complete symbol=AMZN trades=18 entries=18 exits=18 buffer_blocks=0 persistence_blocks=0 delay_bars=0 costs_enabled=True
2025-10-11 14:27:27,032 [INFO] backtest.engine: run_complete symbol=AMZN trades=30 entries=30 exits=30 buffer_blocks=0 persistence_blocks=0 delay_bars=0 costs_enabled=True
2025-10-11 14:27:27,034 [INFO] backtest.engine: run_complete symbol=GOOG trades=19 entries=19 exits=19 buffer_blocks=0 persistence_blocks=0 delay_bars=0 costs_enabled=True
2025-10-11 14:27:27,035 [INFO] backtest.engine: run_complete symbol=AMZN trades=13 entries=13 exits=13 buffer_blocks=0 persistence_blocks=0 delay_bars=0 costs_enabled=True
2025-10-11 14:27:27,039 [INFO] backtest.engine: run_complete symbol=GOOG trades=14 entries=14 exits=14 buffer_blocks=0 persistence_blocks=0 delay_bars=0 costs_enabled=True
2025-10-11 14:27:27,046 [INFO] backtest.engine: run_complete symbol=GOOG trades=13 entries=13 exits=13 buffer_blocks=0 persistence_blocks=0 delay_bars=0 costs_enabled=True
2025-10-11 14:27:27,046 [INFO] backtest.engine: run_complete symbol=AMZN trades=12 entries=12 exits=12 buffer_blocks=0 persistence_blocks=0 delay_bars=0 costs_enabled=True
2025-10-11 14:27:27,049 [INFO] backtest.engine: run_complete symbol=META trades=20 entries=20 exits=20 buffer_blocks=0 persistence_blocks=0 delay_bars=0 costs_enabled=True
2025-10-11 14:27:27,053 [INFO] backtest.engine: run_complete symbol=GOOG trades=18 entries=18 exits=18 buffer_blocks=0 persistence_blocks=0 delay_bars=0 costs_enabled=True
2025-10-11 14:27:27,056 [INFO] backtest.engine: run_complete symbol=GOOG trades=14 entries=14 exits=14 buffer_blocks=0 persistence_blocks=0 delay_bars=0 costs_enabled=True
2025-10-11 14:27:27,056 [INFO] backtest.engine: run_complete symbol=GOOG trades=30 entries=30 exits=30 buffer_blocks=0 persistence_blocks=0 delay_bars=0 costs_enabled=True
2025-10-11 14:27:27,057 [INFO] backtest.engine: run_complete symbol=META trades=24 entries=24 exits=24 buffer_blocks=0 persistence_blocks=0 delay_bars=0 costs_enabled=True
2025-10-11 14:27:27,061 [INFO] backtest.engine: run_complete symbol=META trades=14 entries=14 exits=14 buffer_blocks=0 persistence_blocks=0 delay_bars=0 costs_enabled=True
2025-10-11 14:27:27,067 [INFO] backtest.engine: run_complete symbol=META trades=14 entries=14 exits=14 buffer_blocks=0 persistence_blocks=0 delay_bars=0 costs_enabled=True
2025-10-11 14:27:27,068 [INFO] backtest.engine: run_complete symbol=GOOG trades=14 entries=14 exits=14 buffer_blocks=0 persistence_blocks=0 delay_bars=0 costs_enabled=True
2025-10-11 14:27:27,077 [INFO] backtest.engine: run_complete symbol=META trades=24 entries=24 exits=24 buffer_blocks=0 persistence_blocks=0 delay_bars=0 costs_enabled=True
2025-10-11 14:27:27,078 [INFO] backtest.engine: run_complete symbol=META trades=15 entries=15 exits=15 buffer_blocks=0 persistence_blocks=0 delay_bars=0 costs_enabled=True
2025-10-11 14:27:27,081 [INFO] backtest.engine: run_complete symbol=META trades=35 entries=35 exits=35 buffer_blocks=0 persistence_blocks=0 delay_bars=0 costs_enabled=True
2025-10-11 14:27:27,089 [INFO] backtest.engine: run_complete symbol=AAPL trades=38 entries=38 exits=38 buffer_blocks=0 persistence_blocks=0 delay_bars=0 costs_enabled=True
2025-10-11 14:27:27,090 [INFO] backtest.engine: run_complete symbol=META trades=14 entries=14 exits=14 buffer_blocks=0 persistence_blocks=0 delay_bars=0 costs_enabled=True
2025-10-11 14:27:27,094 [INFO] backtest.engine: run_complete symbol=AAPL trades=17 entries=17 exits=17 buffer_blocks=0 persistence_blocks=0 delay_bars=0 costs_enabled=True
2025-10-11 14:27:27,100 [INFO] backtest.engine: run_complete symbol=AAPL trades=21 entries=21 exits=21 buffer_blocks=0 persistence_blocks=0 delay_bars=0 costs_enabled=True
2025-10-11 14:27:27,105 [INFO] backtest.engine: run_complete symbol=AAPL trades=17 entries=17 exits=17 buffer_blocks=0 persistence_blocks=0 delay_bars=0 costs_enabled=True
2025-10-11 14:27:27,115 [INFO] backtest.engine: run_complete symbol=AAPL trades=18 entries=18 exits=18 buffer_blocks=0 persistence_blocks=0 delay_bars=0 costs_enabled=True
2025-10-11 14:27:27,116 [INFO] backtest.engine: run_complete symbol=AAPL trades=17 entries=17 exits=17 buffer_blocks=0 persistence_blocks=0 delay_bars=0 costs_enabled=True
2025-10-11 14:27:27,119 [INFO] backtest.engine: run_complete symbol=AAPL trades=18 entries=18 exits=18 buffer_blocks=0 persistence_blocks=0 delay_bars=0 costs_enabled=True
2025-10-11 14:27:27,130 [INFO] backtest.engine: run_complete symbol=AAPL trades=31 entries=31 exits=31 buffer_blocks=0 persistence_blocks=0 delay_bars=0 costs_enabled=True
2025-10-11 14:27:27,133 [INFO] backtest.engine: run_complete symbol=MSFT trades=66 entries=66 exits=66 buffer_blocks=0 persistence_blocks=0 delay_bars=0 costs_enabled=True
2025-10-11 14:27:27,133 [INFO] backtest.engine: run_complete symbol=MSFT trades=31 entries=31 exits=31 buffer_blocks=0 persistence_blocks=0 delay_bars=0 costs_enabled=True
2025-10-11 14:27:27,138 [INFO] backtest.engine: run_complete symbol=MSFT trades=29 entries=29 exits=29 buffer_blocks=0 persistence_blocks=0 delay_bars=0 costs_enabled=True
2025-10-11 14:27:27,143 [INFO] backtest.engine: run_complete symbol=MSFT trades=32 entries=32 exits=32 buffer_blocks=0 persistence_blocks=0 delay_bars=0 costs_enabled=True
2025-10-11 14:27:27,154 [INFO] backtest.engine: run_complete symbol=MSFT trades=28 entries=28 exits=28 buffer_blocks=0 persistence_blocks=0 delay_bars=0 costs_enabled=True
2025-10-11 14:27:27,155 [INFO] backtest.engine: run_complete symbol=MSFT trades=31 entries=31 exits=31 buffer_blocks=0 persistence_blocks=0 delay_bars=0 costs_enabled=True
2025-10-11 14:27:27,157 [INFO] backtest.engine: run_complete symbol=MSFT trades=29 entries=29 exits=29 buffer_blocks=0 persistence_blocks=0 delay_bars=0 costs_enabled=True
2025-10-11 14:27:27,170 [INFO] backtest.engine: run_complete symbol=AMZN trades=17 entries=17 exits=17 buffer_blocks=0 persistence_blocks=0 delay_bars=0 costs_enabled=True
2025-10-11 14:27:27,170 [INFO] backtest.engine: run_complete symbol=MSFT trades=38 entries=38 exits=38 buffer_blocks=0 persistence_blocks=0 delay_bars=0 costs_enabled=True
2025-10-11 14:27:27,171 [INFO] backtest.engine: run_complete symbol=AMZN trades=37 entries=37 exits=37 buffer_blocks=0 persistence_blocks=0 delay_bars=0 costs_enabled=True
2025-10-11 14:27:27,175 [INFO] backtest.engine: run_complete symbol=AMZN trades=15 entries=15 exits=15 buffer_blocks=0 persistence_blocks=0 delay_bars=0 costs_enabled=True
2025-10-11 14:27:27,180 [INFO] backtest.engine: run_complete symbol=AMZN trades=16 entries=16 exits=16 buffer_blocks=0 persistence_blocks=0 delay_bars=0 costs_enabled=True
2025-10-11 14:27:27,190 [INFO] backtest.engine: run_complete symbol=AMZN trades=15 entries=15 exits=15 buffer_blocks=0 persistence_blocks=0 delay_bars=0 costs_enabled=True
2025-10-11 14:27:27,191 [INFO] backtest.engine: run_complete symbol=AMZN trades=14 entries=14 exits=14 buffer_blocks=0 persistence_blocks=0 delay_bars=0 costs_enabled=True
2025-10-11 14:27:27,194 [INFO] backtest.engine: run_complete symbol=AMZN trades=16 entries=16 exits=16 buffer_blocks=0 persistence_blocks=0 delay_bars=0 costs_enabled=True
2025-10-11 14:27:27,207 [INFO] backtest.engine: run_complete symbol=AMZN trades=23 entries=23 exits=23 buffer_blocks=0 persistence_blocks=0 delay_bars=0 costs_enabled=True
2025-10-11 14:27:27,208 [INFO] backtest.engine: run_complete symbol=GOOG trades=22 entries=23 exits=22 buffer_blocks=0 persistence_blocks=0 delay_bars=0 costs_enabled=True
2025-10-11 14:27:27,212 [INFO] backtest.engine: run_complete symbol=GOOG trades=24 entries=24 exits=24 buffer_blocks=0 persistence_blocks=0 delay_bars=0 costs_enabled=True
2025-10-11 14:27:27,215 [INFO] backtest.engine: run_complete symbol=GOOG trades=56 entries=56 exits=56 buffer_blocks=0 persistence_blocks=0 delay_bars=0 costs_enabled=True
2025-10-11 14:27:27,218 [INFO] backtest.engine: run_complete symbol=GOOG trades=23 entries=24 exits=23 buffer_blocks=0 persistence_blocks=0 delay_bars=0 costs_enabled=True
2025-10-11 14:27:27,228 [INFO] backtest.engine: run_complete symbol=GOOG trades=21 entries=21 exits=21 buffer_blocks=0 persistence_blocks=0 delay_bars=0 costs_enabled=True
2025-10-11 14:27:27,228 [INFO] backtest.engine: run_complete symbol=GOOG trades=22 entries=22 exits=22 buffer_blocks=0 persistence_blocks=0 delay_bars=0 costs_enabled=True
2025-10-11 14:27:27,232 [INFO] backtest.engine: run_complete symbol=GOOG trades=24 entries=24 exits=24 buffer_blocks=0 persistence_blocks=0 delay_bars=0 costs_enabled=True
2025-10-11 14:27:27,245 [INFO] backtest.engine: run_complete symbol=META trades=24 entries=24 exits=24 buffer_blocks=0 persistence_blocks=0 delay_bars=0 costs_enabled=True
2025-10-11 14:27:27,248 [INFO] backtest.engine: run_complete symbol=GOOG trades=39 entries=39 exits=39 buffer_blocks=0 persistence_blocks=0 delay_bars=0 costs_enabled=True
2025-10-11 14:27:27,250 [INFO] backtest.engine: run_complete symbol=META trades=23 entries=23 exits=23 buffer_blocks=0 persistence_blocks=0 delay_bars=0 costs_enabled=True
2025-10-11 14:27:27,255 [INFO] backtest.engine: run_complete symbol=META trades=23 entries=23 exits=23 buffer_blocks=0 persistence_blocks=0 delay_bars=0 costs_enabled=True
2025-10-11 14:27:27,259 [INFO] backtest.engine: run_complete symbol=META trades=60 entries=60 exits=60 buffer_blocks=0 persistence_blocks=0 delay_bars=0 costs_enabled=True
2025-10-11 14:27:27,266 [INFO] backtest.engine: run_complete symbol=META trades=24 entries=24 exits=24 buffer_blocks=0 persistence_blocks=0 delay_bars=0 costs_enabled=True
2025-10-11 14:27:27,266 [INFO] backtest.engine: run_complete symbol=META trades=23 entries=23 exits=23 buffer_blocks=0 persistence_blocks=0 delay_bars=0 costs_enabled=True
2025-10-11 14:27:27,270 [INFO] backtest.engine: run_complete symbol=AAPL trades=11 entries=11 exits=11 buffer_blocks=0 persistence_blocks=0 delay_bars=0 costs_enabled=True
2025-10-11 14:27:27,271 [INFO] backtest.engine: run_complete symbol=META trades=23 entries=23 exits=23 buffer_blocks=0 persistence_blocks=0 delay_bars=0 costs_enabled=True
2025-10-11 14:27:27,275 [INFO] backtest.engine: run_complete symbol=AAPL trades=10 entries=10 exits=10 buffer_blocks=0 persistence_blocks=0 delay_bars=0 costs_enabled=True
2025-10-11 14:27:27,279 [INFO] backtest.engine: run_complete symbol=AAPL trades=12 entries=12 exits=12 buffer_blocks=0 persistence_blocks=0 delay_bars=0 costs_enabled=True
2025-10-11 14:27:27,286 [INFO] backtest.engine: run_complete symbol=AAPL trades=19 entries=19 exits=19 buffer_blocks=0 persistence_blocks=0 delay_bars=0 costs_enabled=True
2025-10-11 14:27:27,289 [INFO] backtest.engine: run_complete symbol=META trades=38 entries=38 exits=38 buffer_blocks=0 persistence_blocks=0 delay_bars=0 costs_enabled=True
2025-10-11 14:27:27,290 [INFO] backtest.engine: run_complete symbol=AAPL trades=10 entries=10 exits=10 buffer_blocks=0 persistence_blocks=0 delay_bars=0 costs_enabled=True
2025-10-11 14:27:27,291 [INFO] backtest.engine: run_complete symbol=AAPL trades=10 entries=10 exits=10 buffer_blocks=0 persistence_blocks=0 delay_bars=0 costs_enabled=True
2025-10-11 14:27:27,291 [INFO] backtest.engine: run_complete symbol=MSFT trades=11 entries=11 exits=11 buffer_blocks=0 persistence_blocks=0 delay_bars=0 costs_enabled=True
2025-10-11 14:27:27,295 [INFO] backtest.engine: run_complete symbol=AAPL trades=10 entries=10 exits=10 buffer_blocks=0 persistence_blocks=0 delay_bars=0 costs_enabled=True
2025-10-11 14:27:27,295 [INFO] backtest.engine: run_complete symbol=MSFT trades=11 entries=11 exits=11 buffer_blocks=0 persistence_blocks=0 delay_bars=0 costs_enabled=True
2025-10-11 14:27:27,301 [INFO] backtest.engine: run_complete symbol=MSFT trades=12 entries=12 exits=12 buffer_blocks=0 persistence_blocks=0 delay_bars=0 costs_enabled=True
2025-10-11 14:27:27,309 [INFO] backtest.engine: run_complete symbol=MSFT trades=18 entries=19 exits=18 buffer_blocks=0 persistence_blocks=0 delay_bars=0 costs_enabled=True
2025-10-11 14:27:27,311 [INFO] backtest.engine: run_complete symbol=MSFT trades=10 entries=10 exits=10 buffer_blocks=0 persistence_blocks=0 delay_bars=0 costs_enabled=True
2025-10-11 14:27:27,312 [INFO] backtest.engine: run_complete symbol=MSFT trades=10 entries=10 exits=10 buffer_blocks=0 persistence_blocks=0 delay_bars=0 costs_enabled=True
2025-10-11 14:27:27,313 [INFO] backtest.engine: run_complete symbol=AMZN trades=13 entries=13 exits=13 buffer_blocks=0 persistence_blocks=0 delay_bars=0 costs_enabled=True
2025-10-11 14:27:27,315 [INFO] backtest.engine: run_complete symbol=AAPL trades=17 entries=17 exits=17 buffer_blocks=0 persistence_blocks=0 delay_bars=0 costs_enabled=True
2025-10-11 14:27:27,316 [INFO] backtest.engine: run_complete symbol=MSFT trades=11 entries=11 exits=11 buffer_blocks=0 persistence_blocks=0 delay_bars=0 costs_enabled=True
2025-10-11 14:27:27,317 [INFO] backtest.engine: run_complete symbol=AMZN trades=12 entries=12 exits=12 buffer_blocks=0 persistence_blocks=0 delay_bars=0 costs_enabled=True
2025-10-11 14:27:27,323 [INFO] backtest.engine: run_complete symbol=AMZN trades=12 entries=12 exits=12 buffer_blocks=0 persistence_blocks=0 delay_bars=0 costs_enabled=True
2025-10-11 14:27:27,332 [INFO] backtest.engine: run_complete symbol=AMZN trades=11 entries=11 exits=11 buffer_blocks=0 persistence_blocks=0 delay_bars=0 costs_enabled=True
2025-10-11 14:27:27,333 [INFO] backtest.engine: run_complete symbol=AMZN trades=22 entries=22 exits=22 buffer_blocks=0 persistence_blocks=0 delay_bars=0 costs_enabled=True
2025-10-11 14:27:27,333 [INFO] backtest.engine: run_complete symbol=AMZN trades=11 entries=11 exits=11 buffer_blocks=0 persistence_blocks=0 delay_bars=0 costs_enabled=True
2025-10-11 14:27:27,334 [INFO] backtest.engine: run_complete symbol=GOOG trades=13 entries=13 exits=13 buffer_blocks=0 persistence_blocks=0 delay_bars=0 costs_enabled=True
2025-10-11 14:27:27,337 [INFO] backtest.engine: run_complete symbol=MSFT trades=13 entries=13 exits=13 buffer_blocks=0 persistence_blocks=0 delay_bars=0 costs_enabled=True
2025-10-11 14:27:27,338 [INFO] backtest.engine: run_complete symbol=AMZN trades=11 entries=11 exits=11 buffer_blocks=0 persistence_blocks=0 delay_bars=0 costs_enabled=True
2025-10-11 14:27:27,339 [INFO] backtest.engine: run_complete symbol=GOOG trades=13 entries=13 exits=13 buffer_blocks=0 persistence_blocks=0 delay_bars=0 costs_enabled=True
2025-10-11 14:27:27,344 [INFO] backtest.engine: run_complete symbol=GOOG trades=13 entries=13 exits=13 buffer_blocks=0 persistence_blocks=0 delay_bars=0 costs_enabled=True
2025-10-11 14:27:27,354 [INFO] backtest.engine: run_complete symbol=GOOG trades=12 entries=12 exits=12 buffer_blocks=0 persistence_blocks=0 delay_bars=0 costs_enabled=True
2025-10-11 14:27:27,355 [INFO] backtest.engine: run_complete symbol=GOOG trades=12 entries=12 exits=12 buffer_blocks=0 persistence_blocks=0 delay_bars=0 costs_enabled=True
2025-10-11 14:27:27,355 [INFO] backtest.engine: run_complete symbol=GOOG trades=20 entries=20 exits=20 buffer_blocks=0 persistence_blocks=0 delay_bars=0 costs_enabled=True
2025-10-11 14:27:27,356 [INFO] backtest.engine: run_complete symbol=META trades=14 entries=14 exits=14 buffer_blocks=0 persistence_blocks=0 delay_bars=0 costs_enabled=True
2025-10-11 14:27:27,359 [INFO] backtest.engine: run_complete symbol=GOOG trades=14 entries=14 exits=14 buffer_blocks=0 persistence_blocks=0 delay_bars=0 costs_enabled=True
2025-10-11 14:27:27,359 [INFO] backtest.engine: run_complete symbol=AMZN trades=17 entries=17 exits=17 buffer_blocks=0 persistence_blocks=0 delay_bars=0 costs_enabled=True
2025-10-11 14:27:27,361 [INFO] backtest.engine: run_complete symbol=META trades=15 entries=15 exits=15 buffer_blocks=0 persistence_blocks=0 delay_bars=0 costs_enabled=True
2025-10-11 14:27:27,367 [INFO] backtest.engine: run_complete symbol=META trades=14 entries=14 exits=14 buffer_blocks=0 persistence_blocks=0 delay_bars=0 costs_enabled=True
2025-10-11 14:27:27,376 [INFO] backtest.engine: run_complete symbol=META trades=14 entries=14 exits=14 buffer_blocks=0 persistence_blocks=0 delay_bars=0 costs_enabled=True
2025-10-11 14:27:27,376 [INFO] backtest.engine: run_complete symbol=META trades=14 entries=14 exits=14 buffer_blocks=0 persistence_blocks=0 delay_bars=0 costs_enabled=True
2025-10-11 14:27:27,380 [INFO] backtest.engine: run_complete symbol=GOOG trades=14 entries=14 exits=14 buffer_blocks=0 persistence_blocks=0 delay_bars=0 costs_enabled=True
2025-10-11 14:27:27,381 [INFO] backtest.engine: run_complete symbol=META trades=14 entries=14 exits=14 buffer_blocks=0 persistence_blocks=0 delay_bars=0 costs_enabled=True
2025-10-11 14:27:27,382 [INFO] backtest.engine: run_complete symbol=META trades=41 entries=41 exits=41 buffer_blocks=0 persistence_blocks=0 delay_bars=0 costs_enabled=True
2025-10-11 14:27:27,395 [INFO] backtest.engine: run_complete symbol=AAPL trades=21 entries=21 exits=21 buffer_blocks=0 persistence_blocks=0 delay_bars=0 costs_enabled=True
2025-10-11 14:27:27,400 [INFO] backtest.engine: run_complete symbol=AAPL trades=22 entries=22 exits=22 buffer_blocks=0 persistence_blocks=0 delay_bars=0 costs_enabled=True
2025-10-11 14:27:27,404 [INFO] backtest.engine: run_complete symbol=META trades=23 entries=23 exits=23 buffer_blocks=0 persistence_blocks=0 delay_bars=0 costs_enabled=True
2025-10-11 14:27:27,404 [INFO] backtest.engine: run_complete symbol=AAPL trades=18 entries=18 exits=18 buffer_blocks=0 persistence_blocks=0 delay_bars=0 costs_enabled=True
2025-10-11 14:27:27,414 [INFO] backtest.engine: run_complete symbol=AAPL trades=20 entries=20 exits=20 buffer_blocks=0 persistence_blocks=0 delay_bars=0 costs_enabled=True
2025-10-11 14:27:27,433 [INFO] backtest.engine: run_complete symbol=MSFT trades=29 entries=29 exits=29 buffer_blocks=0 persistence_blocks=0 delay_bars=0 costs_enabled=True
2025-10-11 14:27:27,440 [INFO] backtest.engine: run_complete symbol=MSFT trades=28 entries=28 exits=28 buffer_blocks=0 persistence_blocks=0 delay_bars=0 costs_enabled=True
2025-10-11 14:27:27,443 [INFO] backtest.engine: run_complete symbol=MSFT trades=31 entries=31 exits=31 buffer_blocks=0 persistence_blocks=0 delay_bars=0 costs_enabled=True
2025-10-11 14:27:27,451 [INFO] backtest.engine: run_complete symbol=MSFT trades=29 entries=29 exits=29 buffer_blocks=0 persistence_blocks=0 delay_bars=0 costs_enabled=True
2025-10-11 14:27:27,469 [INFO] backtest.engine: run_complete symbol=AMZN trades=15 entries=15 exits=15 buffer_blocks=0 persistence_blocks=0 delay_bars=0 costs_enabled=True
2025-10-11 14:27:27,475 [INFO] backtest.engine: run_complete symbol=AMZN trades=16 entries=16 exits=16 buffer_blocks=0 persistence_blocks=0 delay_bars=0 costs_enabled=True
2025-10-11 14:27:27,478 [INFO] backtest.engine: run_complete symbol=AMZN trades=16 entries=16 exits=16 buffer_blocks=0 persistence_blocks=0 delay_bars=0 costs_enabled=True
2025-10-11 14:27:27,488 [INFO] backtest.engine: run_complete symbol=AMZN trades=15 entries=15 exits=15 buffer_blocks=0 persistence_blocks=0 delay_bars=0 costs_enabled=True
2025-10-11 14:27:27,507 [INFO] backtest.engine: run_complete symbol=GOOG trades=24 entries=24 exits=24 buffer_blocks=0 persistence_blocks=0 delay_bars=0 costs_enabled=True
2025-10-11 14:27:27,513 [INFO] backtest.engine: run_complete symbol=GOOG trades=22 entries=22 exits=22 buffer_blocks=0 persistence_blocks=0 delay_bars=0 costs_enabled=True
2025-10-11 14:27:27,516 [INFO] backtest.engine: run_complete symbol=GOOG trades=24 entries=24 exits=24 buffer_blocks=0 persistence_blocks=0 delay_bars=0 costs_enabled=True
2025-10-11 14:27:27,525 [INFO] backtest.engine: run_complete symbol=GOOG trades=24 entries=24 exits=24 buffer_blocks=0 persistence_blocks=0 delay_bars=0 costs_enabled=True
2025-10-11 14:27:27,544 [INFO] backtest.engine: run_complete symbol=META trades=23 entries=23 exits=23 buffer_blocks=0 persistence_blocks=0 delay_bars=0 costs_enabled=True
2025-10-11 14:27:27,550 [INFO] backtest.engine: run_complete symbol=META trades=22 entries=22 exits=22 buffer_blocks=0 persistence_blocks=0 delay_bars=0 costs_enabled=True
2025-10-11 14:27:27,553 [INFO] backtest.engine: run_complete symbol=META trades=23 entries=23 exits=23 buffer_blocks=0 persistence_blocks=0 delay_bars=0 costs_enabled=True
2025-10-11 14:27:27,562 [INFO] backtest.engine: run_complete symbol=META trades=23 entries=23 exits=23 buffer_blocks=0 persistence_blocks=0 delay_bars=0 costs_enabled=True
2025-10-11 14:27:27,568 [INFO] backtest.engine: run_complete symbol=AAPL trades=10 entries=10 exits=10 buffer_blocks=0 persistence_blocks=0 delay_bars=0 costs_enabled=True
2025-10-11 14:27:27,573 [INFO] backtest.engine: run_complete symbol=AAPL trades=10 entries=10 exits=10 buffer_blocks=0 persistence_blocks=0 delay_bars=0 costs_enabled=True
2025-10-11 14:27:27,576 [INFO] backtest.engine: run_complete symbol=AAPL trades=10 entries=10 exits=10 buffer_blocks=0 persistence_blocks=0 delay_bars=0 costs_enabled=True
2025-10-11 14:27:27,586 [INFO] backtest.engine: run_complete symbol=AAPL trades=10 entries=10 exits=10 buffer_blocks=0 persistence_blocks=0 delay_bars=0 costs_enabled=True
2025-10-11 14:27:27,588 [INFO] backtest.engine: run_complete symbol=MSFT trades=11 entries=11 exits=11 buffer_blocks=0 persistence_blocks=0 delay_bars=0 costs_enabled=True
2025-10-11 14:27:27,594 [INFO] backtest.engine: run_complete symbol=MSFT trades=12 entries=12 exits=12 buffer_blocks=0 persistence_blocks=0 delay_bars=0 costs_enabled=True
2025-10-11 14:27:27,597 [INFO] backtest.engine: run_complete symbol=MSFT trades=11 entries=11 exits=11 buffer_blocks=0 persistence_blocks=0 delay_bars=0 costs_enabled=True
2025-10-11 14:27:27,607 [INFO] backtest.engine: run_complete symbol=MSFT trades=10 entries=10 exits=10 buffer_blocks=0 persistence_blocks=0 delay_bars=0 costs_enabled=True
2025-10-11 14:27:27,609 [INFO] backtest.engine: run_complete symbol=AMZN trades=12 entries=12 exits=12 buffer_blocks=0 persistence_blocks=0 delay_bars=0 costs_enabled=True
2025-10-11 14:27:27,615 [INFO] backtest.engine: run_complete symbol=AMZN trades=11 entries=11 exits=11 buffer_blocks=0 persistence_blocks=0 delay_bars=0 costs_enabled=True
2025-10-11 14:27:27,618 [INFO] backtest.engine: run_complete symbol=AMZN trades=12 entries=12 exits=12 buffer_blocks=0 persistence_blocks=0 delay_bars=0 costs_enabled=True
2025-10-11 14:27:27,627 [INFO] backtest.engine: run_complete symbol=AMZN trades=11 entries=11 exits=11 buffer_blocks=0 persistence_blocks=0 delay_bars=0 costs_enabled=True
2025-10-11 14:27:27,631 [INFO] backtest.engine: run_complete symbol=GOOG trades=14 entries=14 exits=14 buffer_blocks=0 persistence_blocks=0 delay_bars=0 costs_enabled=True
2025-10-11 14:27:27,636 [INFO] backtest.engine: run_complete symbol=GOOG trades=12 entries=12 exits=12 buffer_blocks=0 persistence_blocks=0 delay_bars=0 costs_enabled=True
2025-10-11 14:27:27,640 [INFO] backtest.engine: run_complete symbol=GOOG trades=14 entries=14 exits=14 buffer_blocks=0 persistence_blocks=0 delay_bars=0 costs_enabled=True
2025-10-11 14:27:27,648 [INFO] backtest.engine: run_complete symbol=GOOG trades=13 entries=13 exits=13 buffer_blocks=0 persistence_blocks=0 delay_bars=0 costs_enabled=True
2025-10-11 14:27:27,653 [INFO] backtest.engine: run_complete symbol=META trades=16 entries=16 exits=16 buffer_blocks=0 persistence_blocks=0 delay_bars=0 costs_enabled=True
2025-10-11 14:27:27,658 [INFO] backtest.engine: run_complete symbol=META trades=16 entries=16 exits=16 buffer_blocks=0 persistence_blocks=0 delay_bars=0 costs_enabled=True
2025-10-11 14:27:27,661 [INFO] backtest.engine: run_complete symbol=META trades=14 entries=14 exits=14 buffer_blocks=0 persistence_blocks=0 delay_bars=0 costs_enabled=True
2025-10-11 14:27:27,670 [INFO] backtest.engine: run_complete symbol=META trades=15 entries=15 exits=15 buffer_blocks=0 persistence_blocks=0 delay_bars=0 costs_enabled=True
2025-10-13 14:29:21,440 [INFO] backtest.engine: run_complete symbol=AAPL trades=25 entries=25 exits=25 buffer_blocks=0 persistence_blocks=0 delay_bars=0 costs_enabled=True
2025-10-13 14:29:21,441 [INFO] backtest.engine: run_complete symbol=AAPL trades=27 entries=27 exits=27 buffer_blocks=0 persistence_blocks=0 delay_bars=0 costs_enabled=True
2025-10-13 14:29:21,441 [INFO] backtest.engine: run_complete symbol=AAPL trades=19 entries=19 exits=19 buffer_blocks=0 persistence_blocks=0 delay_bars=0 costs_enabled=True
2025-10-13 14:29:21,441 [INFO] backtest.engine: run_complete symbol=AAPL trades=22 entries=22 exits=22 buffer_blocks=0 persistence_blocks=0 delay_bars=0 costs_enabled=True
2025-10-13 14:29:21,441 [INFO] backtest.engine: run_complete symbol=AAPL trades=25 entries=25 exits=25 buffer_blocks=0 persistence_blocks=0 delay_bars=0 costs_enabled=True
2025-10-13 14:29:21,442 [INFO] backtest.engine: run_complete symbol=AAPL trades=31 entries=31 exits=31 buffer_blocks=0 persistence_blocks=0 delay_bars=0 costs_enabled=True
2025-10-13 14:29:21,444 [INFO] backtest.engine: run_complete symbol=AAPL trades=62 entries=62 exits=62 buffer_blocks=0 persistence_blocks=0 delay_bars=0 costs_enabled=True
2025-10-13 14:29:21,445 [INFO] backtest.engine: run_complete symbol=AAPL trades=55 entries=55 exits=55 buffer_blocks=0 persistence_blocks=0 delay_bars=0 costs_enabled=True
2025-10-13 14:29:21,480 [INFO] backtest.engine: run_complete symbol=MSFT trades=26 entries=26 exits=26 buffer_blocks=0 persistence_blocks=0 delay_bars=0 costs_enabled=True
2025-10-13 14:29:21,481 [INFO] backtest.engine: run_complete symbol=MSFT trades=38 entries=38 exits=38 buffer_blocks=0 persistence_blocks=0 delay_bars=0 costs_enabled=True
2025-10-13 14:29:21,482 [INFO] backtest.engine: run_complete symbol=MSFT trades=36 entries=36 exits=36 buffer_blocks=0 persistence_blocks=0 delay_bars=0 costs_enabled=True
2025-10-13 14:29:21,482 [INFO] backtest.engine: run_complete symbol=MSFT trades=38 entries=38 exits=38 buffer_blocks=0 persistence_blocks=0 delay_bars=0 costs_enabled=True
2025-10-13 14:29:21,482 [INFO] backtest.engine: run_complete symbol=MSFT trades=30 entries=30 exits=30 buffer_blocks=0 persistence_blocks=0 delay_bars=0 costs_enabled=True
2025-10-13 14:29:21,482 [INFO] backtest.engine: run_complete symbol=MSFT trades=34 entries=34 exits=34 buffer_blocks=0 persistence_blocks=0 delay_bars=0 costs_enabled=True
2025-10-13 14:29:21,492 [INFO] backtest.engine: run_complete symbol=MSFT trades=71 entries=71 exits=71 buffer_blocks=0 persistence_blocks=0 delay_bars=0 costs_enabled=True
2025-10-13 14:29:21,493 [INFO] backtest.engine: run_complete symbol=MSFT trades=77 entries=77 exits=77 buffer_blocks=0 persistence_blocks=0 delay_bars=0 costs_enabled=True
2025-10-13 14:29:21,517 [INFO] backtest.engine: run_complete symbol=AMZN trades=18 entries=18 exits=18 buffer_blocks=0 persistence_blocks=0 delay_bars=0 costs_enabled=True
2025-10-13 14:29:21,518 [INFO] backtest.engine: run_complete symbol=AMZN trades=19 entries=19 exits=19 buffer_blocks=0 persistence_blocks=0 delay_bars=0 costs_enabled=True
2025-10-13 14:29:21,518 [INFO] backtest.engine: run_complete symbol=AMZN trades=18 entries=18 exits=18 buffer_blocks=0 persistence_blocks=0 delay_bars=0 costs_enabled=True
2025-10-13 14:29:21,518 [INFO] backtest.engine: run_complete symbol=AMZN trades=15 entries=15 exits=15 buffer_blocks=0 persistence_blocks=0 delay_bars=0 costs_enabled=True
2025-10-13 14:29:21,520 [INFO] backtest.engine: run_complete symbol=AMZN trades=21 entries=22 exits=21 buffer_blocks=0 persistence_blocks=0 delay_bars=0 costs_enabled=True
2025-10-13 14:29:21,520 [INFO] backtest.engine: run_complete symbol=AMZN trades=28 entries=28 exits=28 buffer_blocks=0 persistence_blocks=0 delay_bars=0 costs_enabled=True
2025-10-13 14:29:21,533 [INFO] backtest.engine: run_complete symbol=AMZN trades=48 entries=48 exits=48 buffer_blocks=0 persistence_blocks=0 delay_bars=0 costs_enabled=True
2025-10-13 14:29:21,535 [INFO] backtest.engine: run_complete symbol=AMZN trades=50 entries=50 exits=50 buffer_blocks=0 persistence_blocks=0 delay_bars=0 costs_enabled=True
2025-10-13 14:29:21,554 [INFO] backtest.engine: run_complete symbol=GOOG trades=22 entries=22 exits=22 buffer_blocks=0 persistence_blocks=0 delay_bars=0 costs_enabled=True
2025-10-13 14:29:21,555 [INFO] backtest.engine: run_complete symbol=GOOG trades=24 entries=24 exits=24 buffer_blocks=0 persistence_blocks=0 delay_bars=0 costs_enabled=True
2025-10-13 14:29:21,556 [INFO] backtest.engine: run_complete symbol=GOOG trades=29 entries=29 exits=29 buffer_blocks=0 persistence_blocks=0 delay_bars=0 costs_enabled=True
2025-10-13 14:29:21,557 [INFO] backtest.engine: run_complete symbol=GOOG trades=33 entries=34 exits=33 buffer_blocks=0 persistence_blocks=0 delay_bars=0 costs_enabled=True
2025-10-13 14:29:21,560 [INFO] backtest.engine: run_complete symbol=GOOG trades=31 entries=31 exits=31 buffer_blocks=0 persistence_blocks=0 delay_bars=0 costs_enabled=True
2025-10-13 14:29:21,561 [INFO] backtest.engine: run_complete symbol=GOOG trades=34 entries=34 exits=34 buffer_blocks=0 persistence_blocks=0 delay_bars=0 costs_enabled=True
2025-10-13 14:29:21,581 [INFO] backtest.engine: run_complete symbol=GOOG trades=73 entries=73 exits=73 buffer_blocks=0 persistence_blocks=0 delay_bars=0 costs_enabled=True
2025-10-13 14:29:21,582 [INFO] backtest.engine: run_complete symbol=GOOG trades=72 entries=73 exits=72 buffer_blocks=0 persistence_blocks=0 delay_bars=0 costs_enabled=True
2025-10-13 14:29:21,592 [INFO] backtest.engine: run_complete symbol=META trades=26 entries=26 exits=26 buffer_blocks=0 persistence_blocks=0 delay_bars=0 costs_enabled=True
2025-10-13 14:29:21,594 [INFO] backtest.engine: run_complete symbol=META trades=29 entries=29 exits=29 buffer_blocks=0 persistence_blocks=0 delay_bars=0 costs_enabled=True
2025-10-13 14:29:21,595 [INFO] backtest.engine: run_complete symbol=META trades=31 entries=31 exits=31 buffer_blocks=0 persistence_blocks=0 delay_bars=0 costs_enabled=True
2025-10-13 14:29:21,598 [INFO] backtest.engine: run_complete symbol=META trades=36 entries=36 exits=36 buffer_blocks=0 persistence_blocks=0 delay_bars=0 costs_enabled=True
2025-10-13 14:29:21,600 [INFO] backtest.engine: run_complete symbol=META trades=28 entries=29 exits=28 buffer_blocks=0 persistence_blocks=0 delay_bars=0 costs_enabled=True
2025-10-13 14:29:21,602 [INFO] backtest.engine: run_complete symbol=META trades=34 entries=34 exits=34 buffer_blocks=0 persistence_blocks=0 delay_bars=0 costs_enabled=True
2025-10-13 14:29:21,618 [INFO] backtest.engine: run_complete symbol=AAPL trades=9 entries=9 exits=9 buffer_blocks=0 persistence_blocks=0 delay_bars=0 costs_enabled=True
2025-10-13 14:29:21,619 [INFO] backtest.engine: run_complete symbol=AAPL trades=10 entries=10 exits=10 buffer_blocks=0 persistence_blocks=0 delay_bars=0 costs_enabled=True
2025-10-13 14:29:21,619 [INFO] backtest.engine: run_complete symbol=AAPL trades=10 entries=10 exits=10 buffer_blocks=0 persistence_blocks=0 delay_bars=0 costs_enabled=True
2025-10-13 14:29:21,623 [INFO] backtest.engine: run_complete symbol=AAPL trades=13 entries=13 exits=13 buffer_blocks=0 persistence_blocks=0 delay_bars=0 costs_enabled=True
2025-10-13 14:29:21,626 [INFO] backtest.engine: run_complete symbol=AAPL trades=13 entries=13 exits=13 buffer_blocks=0 persistence_blocks=0 delay_bars=0 costs_enabled=True
2025-10-13 14:29:21,627 [INFO] backtest.engine: run_complete symbol=META trades=63 entries=63 exits=63 buffer_blocks=0 persistence_blocks=0 delay_bars=0 costs_enabled=True
2025-10-13 14:29:21,628 [INFO] backtest.engine: run_complete symbol=META trades=66 entries=66 exits=66 buffer_blocks=0 persistence_blocks=0 delay_bars=0 costs_enabled=True
2025-10-13 14:29:21,628 [INFO] backtest.engine: run_complete symbol=AAPL trades=17 entries=17 exits=17 buffer_blocks=0 persistence_blocks=0 delay_bars=0 costs_enabled=True
2025-10-13 14:29:21,640 [INFO] backtest.engine: run_complete symbol=MSFT trades=7 entries=7 exits=7 buffer_blocks=0 persistence_blocks=0 delay_bars=0 costs_enabled=True
2025-10-13 14:29:21,641 [INFO] backtest.engine: run_complete symbol=MSFT trades=11 entries=11 exits=11 buffer_blocks=0 persistence_blocks=0 delay_bars=0 costs_enabled=True
2025-10-13 14:29:21,641 [INFO] backtest.engine: run_complete symbol=MSFT trades=11 entries=11 exits=11 buffer_blocks=0 persistence_blocks=0 delay_bars=0 costs_enabled=True
2025-10-13 14:29:21,645 [INFO] backtest.engine: run_complete symbol=MSFT trades=9 entries=9 exits=9 buffer_blocks=0 persistence_blocks=0 delay_bars=0 costs_enabled=True
2025-10-13 14:29:21,649 [INFO] backtest.engine: run_complete symbol=MSFT trades=12 entries=12 exits=12 buffer_blocks=0 persistence_blocks=0 delay_bars=0 costs_enabled=True
2025-10-13 14:29:21,651 [INFO] backtest.engine: run_complete symbol=MSFT trades=14 entries=14 exits=14 buffer_blocks=0 persistence_blocks=0 delay_bars=0 costs_enabled=True
2025-10-13 14:29:21,657 [INFO] backtest.engine: run_complete symbol=AAPL trades=30 entries=30 exits=30 buffer_blocks=0 persistence_blocks=0 delay_bars=0 costs_enabled=True
2025-10-13 14:29:21,657 [INFO] backtest.engine: run_complete symbol=AAPL trades=28 entries=28 exits=28 buffer_blocks=0 persistence_blocks=0 delay_bars=0 costs_enabled=True
2025-10-13 14:29:21,662 [INFO] backtest.engine: run_complete symbol=AMZN trades=12 entries=12 exits=12 buffer_blocks=0 persistence_blocks=0 delay_bars=0 costs_enabled=True
2025-10-13 14:29:21,663 [INFO] backtest.engine: run_complete symbol=AMZN trades=11 entries=11 exits=11 buffer_blocks=0 persistence_blocks=0 delay_bars=0 costs_enabled=True
2025-10-13 14:29:21,663 [INFO] backtest.engine: run_complete symbol=AMZN trades=10 entries=10 exits=10 buffer_blocks=0 persistence_blocks=0 delay_bars=0 costs_enabled=True
2025-10-13 14:29:21,667 [INFO] backtest.engine: run_complete symbol=AMZN trades=12 entries=12 exits=12 buffer_blocks=0 persistence_blocks=0 delay_bars=0 costs_enabled=True
2025-10-13 14:29:21,672 [INFO] backtest.engine: run_complete symbol=AMZN trades=11 entries=11 exits=11 buffer_blocks=0 persistence_blocks=0 delay_bars=0 costs_enabled=True
2025-10-13 14:29:21,675 [INFO] backtest.engine: run_complete symbol=AMZN trades=16 entries=16 exits=16 buffer_blocks=0 persistence_blocks=0 delay_bars=0 costs_enabled=True
2025-10-13 14:29:21,682 [INFO] backtest.engine: run_complete symbol=MSFT trades=29 entries=30 exits=29 buffer_blocks=0 persistence_blocks=0 delay_bars=0 costs_enabled=True
2025-10-13 14:29:21,682 [INFO] backtest.engine: run_complete symbol=MSFT trades=24 entries=24 exits=24 buffer_blocks=0 persistence_blocks=0 delay_bars=0 costs_enabled=True
2025-10-13 14:29:21,684 [INFO] backtest.engine: run_complete symbol=GOOG trades=14 entries=14 exits=14 buffer_blocks=0 persistence_blocks=0 delay_bars=0 costs_enabled=True
2025-10-13 14:29:21,685 [INFO] backtest.engine: run_complete symbol=GOOG trades=8 entries=8 exits=8 buffer_blocks=0 persistence_blocks=0 delay_bars=0 costs_enabled=True
2025-10-13 14:29:21,686 [INFO] backtest.engine: run_complete symbol=GOOG trades=11 entries=11 exits=11 buffer_blocks=0 persistence_blocks=0 delay_bars=0 costs_enabled=True
2025-10-13 14:29:21,690 [INFO] backtest.engine: run_complete symbol=GOOG trades=15 entries=15 exits=15 buffer_blocks=0 persistence_blocks=0 delay_bars=0 costs_enabled=True
2025-10-13 14:29:21,695 [INFO] backtest.engine: run_complete symbol=GOOG trades=14 entries=14 exits=14 buffer_blocks=0 persistence_blocks=0 delay_bars=0 costs_enabled=True
2025-10-13 14:29:21,698 [INFO] backtest.engine: run_complete symbol=GOOG trades=13 entries=13 exits=13 buffer_blocks=0 persistence_blocks=0 delay_bars=0 costs_enabled=True
2025-10-13 14:29:21,707 [INFO] backtest.engine: run_complete symbol=META trades=16 entries=16 exits=16 buffer_blocks=0 persistence_blocks=0 delay_bars=0 costs_enabled=True
2025-10-13 14:29:21,707 [INFO] backtest.engine: run_complete symbol=AMZN trades=30 entries=30 exits=30 buffer_blocks=0 persistence_blocks=0 delay_bars=0 costs_enabled=True
2025-10-13 14:29:21,708 [INFO] backtest.engine: run_complete symbol=AMZN trades=30 entries=30 exits=30 buffer_blocks=0 persistence_blocks=0 delay_bars=0 costs_enabled=True
2025-10-13 14:29:21,709 [INFO] backtest.engine: run_complete symbol=META trades=22 entries=22 exits=22 buffer_blocks=0 persistence_blocks=0 delay_bars=0 costs_enabled=True
2025-10-13 14:29:21,711 [INFO] backtest.engine: run_complete symbol=META trades=27 entries=27 exits=27 buffer_blocks=0 persistence_blocks=0 delay_bars=0 costs_enabled=True
2025-10-13 14:29:21,713 [INFO] backtest.engine: run_complete symbol=META trades=20 entries=20 exits=20 buffer_blocks=0 persistence_blocks=0 delay_bars=0 costs_enabled=True
2025-10-13 14:29:21,719 [INFO] backtest.engine: run_complete symbol=META trades=17 entries=17 exits=17 buffer_blocks=0 persistence_blocks=0 delay_bars=0 costs_enabled=True
2025-10-13 14:29:21,723 [INFO] backtest.engine: run_complete symbol=META trades=25 entries=25 exits=25 buffer_blocks=0 persistence_blocks=0 delay_bars=0 costs_enabled=True
2025-10-13 14:29:21,732 [INFO] backtest.engine: run_complete symbol=GOOG trades=27 entries=27 exits=27 buffer_blocks=0 persistence_blocks=0 delay_bars=0 costs_enabled=True
2025-10-13 14:29:21,733 [INFO] backtest.engine: run_complete symbol=GOOG trades=28 entries=28 exits=28 buffer_blocks=0 persistence_blocks=0 delay_bars=0 costs_enabled=True
2025-10-13 14:29:21,747 [INFO] backtest.engine: run_complete symbol=AAPL trades=13 entries=13 exits=13 buffer_blocks=0 persistence_blocks=0 delay_bars=0 costs_enabled=True
2025-10-13 14:29:21,751 [INFO] backtest.engine: run_complete symbol=AAPL trades=45 entries=45 exits=45 buffer_blocks=0 persistence_blocks=0 delay_bars=0 costs_enabled=True
2025-10-13 14:29:21,752 [INFO] backtest.engine: run_complete symbol=AAPL trades=24 entries=24 exits=24 buffer_blocks=0 persistence_blocks=0 delay_bars=0 costs_enabled=True
2025-10-13 14:29:21,754 [INFO] backtest.engine: run_complete symbol=AAPL trades=28 entries=28 exits=28 buffer_blocks=0 persistence_blocks=0 delay_bars=0 costs_enabled=True
2025-10-13 14:29:21,759 [INFO] backtest.engine: run_complete symbol=META trades=40 entries=40 exits=40 buffer_blocks=0 persistence_blocks=0 delay_bars=0 costs_enabled=True
2025-10-13 14:29:21,760 [INFO] backtest.engine: run_complete symbol=META trades=46 entries=46 exits=46 buffer_blocks=0 persistence_blocks=0 delay_bars=0 costs_enabled=True
2025-10-13 14:29:21,763 [INFO] backtest.engine: run_complete symbol=AAPL trades=33 entries=33 exits=33 buffer_blocks=0 persistence_blocks=0 delay_bars=0 costs_enabled=True
2025-10-13 14:29:21,765 [INFO] backtest.engine: run_complete symbol=AAPL trades=36 entries=36 exits=36 buffer_blocks=0 persistence_blocks=0 delay_bars=0 costs_enabled=True
2025-10-13 14:29:21,786 [INFO] backtest.engine: run_complete symbol=MSFT trades=27 entries=27 exits=27 buffer_blocks=0 persistence_blocks=0 delay_bars=0 costs_enabled=True
2025-10-13 14:29:21,793 [INFO] backtest.engine: run_complete symbol=MSFT trades=39 entries=39 exits=39 buffer_blocks=0 persistence_blocks=0 delay_bars=0 costs_enabled=True
2025-10-13 14:29:21,794 [INFO] backtest.engine: run_complete symbol=MSFT trades=37 entries=37 exits=37 buffer_blocks=0 persistence_blocks=0 delay_bars=0 costs_enabled=True
2025-10-13 14:29:21,798 [INFO] backtest.engine: run_complete symbol=MSFT trades=71 entries=71 exits=71 buffer_blocks=0 persistence_blocks=0 delay_bars=0 costs_enabled=True
2025-10-13 14:29:21,798 [INFO] backtest.engine: run_complete symbol=AAPL trades=18 entries=18 exits=18 buffer_blocks=0 persistence_blocks=0 delay_bars=0 costs_enabled=True
2025-10-13 14:29:21,803 [INFO] backtest.engine: run_complete symbol=AAPL trades=42 entries=42 exits=42 buffer_blocks=0 persistence_blocks=0 delay_bars=0 costs_enabled=True
2025-10-13 14:29:21,807 [INFO] backtest.engine: run_complete symbol=MSFT trades=48 entries=48 exits=48 buffer_blocks=0 persistence_blocks=0 delay_bars=0 costs_enabled=True
2025-10-13 14:29:21,809 [INFO] backtest.engine: run_complete symbol=MSFT trades=56 entries=56 exits=56 buffer_blocks=0 persistence_blocks=0 delay_bars=0 costs_enabled=True
2025-10-13 14:29:21,822 [INFO] backtest.engine: run_complete symbol=AMZN trades=12 entries=12 exits=12 buffer_blocks=0 persistence_blocks=0 delay_bars=0 costs_enabled=True
2025-10-13 14:29:21,831 [INFO] backtest.engine: run_complete symbol=AMZN trades=21 entries=21 exits=21 buffer_blocks=0 persistence_blocks=0 delay_bars=0 costs_enabled=True
2025-10-13 14:29:21,832 [INFO] backtest.engine: run_complete symbol=AMZN trades=24 entries=24 exits=24 buffer_blocks=0 persistence_blocks=0 delay_bars=0 costs_enabled=True
2025-10-13 14:29:21,838 [INFO] backtest.engine: run_complete symbol=MSFT trades=29 entries=29 exits=29 buffer_blocks=0 persistence_blocks=0 delay_bars=0 costs_enabled=True
2025-10-13 14:29:21,840 [INFO] backtest.engine: run_complete symbol=AMZN trades=43 entries=43 exits=43 buffer_blocks=0 persistence_blocks=0 delay_bars=0 costs_enabled=True
2025-10-13 14:29:21,847 [INFO] backtest.engine: run_complete symbol=AMZN trades=29 entries=29 exits=29 buffer_blocks=0 persistence_blocks=0 delay_bars=0 costs_enabled=True
2025-10-13 14:29:21,848 [INFO] backtest.engine: run_complete symbol=AMZN trades=29 entries=29 exits=29 buffer_blocks=0 persistence_blocks=0 delay_bars=0 costs_enabled=True
2025-10-13 14:29:21,848 [INFO] backtest.engine: run_complete symbol=MSFT trades=59 entries=59 exits=59 buffer_blocks=0 persistence_blocks=0 delay_bars=0 costs_enabled=True
2025-10-13 14:29:21,860 [INFO] backtest.engine: run_complete symbol=GOOG trades=20 entries=20 exits=20 buffer_blocks=0 persistence_blocks=0 delay_bars=0 costs_enabled=True
2025-10-13 14:29:21,872 [INFO] backtest.engine: run_complete symbol=GOOG trades=35 entries=35 exits=35 buffer_blocks=0 persistence_blocks=0 delay_bars=0 costs_enabled=True
2025-10-13 14:29:21,873 [INFO] backtest.engine: run_complete symbol=GOOG trades=34 entries=34 exits=34 buffer_blocks=0 persistence_blocks=0 delay_bars=0 costs_enabled=True
2025-10-13 14:29:21,876 [INFO] backtest.engine: run_complete symbol=AMZN trades=19 entries=19 exits=19 buffer_blocks=0 persistence_blocks=0 delay_bars=0 costs_enabled=True
2025-10-13 14:29:21,882 [INFO] backtest.engine: run_complete symbol=GOOG trades=60 entries=60 exits=60 buffer_blocks=0 persistence_blocks=0 delay_bars=0 costs_enabled=True
2025-10-13 14:29:21,888 [INFO] backtest.engine: run_complete symbol=AMZN trades=33 entries=33 exits=33 buffer_blocks=0 persistence_blocks=0 delay_bars=0 costs_enabled=True
2025-10-13 14:29:21,891 [INFO] backtest.engine: run_complete symbol=GOOG trades=42 entries=42 exits=42 buffer_blocks=0 persistence_blocks=0 delay_bars=0 costs_enabled=True
2025-10-13 14:29:21,893 [INFO] backtest.engine: run_complete symbol=GOOG trades=51 entries=51 exits=51 buffer_blocks=0 persistence_blocks=0 delay_bars=0 costs_enabled=True
2025-10-13 14:29:21,920 [INFO] backtest.engine: run_complete symbol=META trades=24 entries=24 exits=24 buffer_blocks=0 persistence_blocks=0 delay_bars=0 costs_enabled=True
2025-10-13 14:29:21,933 [INFO] backtest.engine: run_complete symbol=META trades=34 entries=34 exits=34 buffer_blocks=0 persistence_blocks=0 delay_bars=0 costs_enabled=True
2025-10-13 14:29:21,935 [INFO] backtest.engine: run_complete symbol=META trades=34 entries=34 exits=34 buffer_blocks=0 persistence_blocks=0 delay_bars=0 costs_enabled=True
2025-10-13 14:29:21,937 [INFO] backtest.engine: run_complete symbol=GOOG trades=28 entries=28 exits=28 buffer_blocks=0 persistence_blocks=0 delay_bars=0 costs_enabled=True
2025-10-13 14:29:21,946 [INFO] backtest.engine: run_complete symbol=AAPL trades=9 entries=9 exits=9 buffer_blocks=0 persistence_blocks=0 delay_bars=0 costs_enabled=True
2025-10-13 14:29:21,949 [INFO] backtest.engine: run_complete symbol=META trades=60 entries=60 exits=60 buffer_blocks=0 persistence_blocks=0 delay_bars=0 costs_enabled=True
2025-10-13 14:29:21,953 [INFO] backtest.engine: run_complete symbol=META trades=37 entries=37 exits=37 buffer_blocks=0 persistence_blocks=0 delay_bars=0 costs_enabled=True
2025-10-13 14:29:21,954 [INFO] backtest.engine: run_complete symbol=GOOG trades=57 entries=57 exits=57 buffer_blocks=0 persistence_blocks=0 delay_bars=0 costs_enabled=True
2025-10-13 14:29:21,956 [INFO] backtest.engine: run_complete symbol=META trades=51 entries=52 exits=51 buffer_blocks=0 persistence_blocks=0 delay_bars=0 costs_enabled=True
2025-10-13 14:29:21,959 [INFO] backtest.engine: run_complete symbol=AAPL trades=11 entries=11 exits=11 buffer_blocks=0 persistence_blocks=0 delay_bars=0 costs_enabled=True
2025-10-13 14:29:21,962 [INFO] backtest.engine: run_complete symbol=AAPL trades=14 entries=14 exits=14 buffer_blocks=0 persistence_blocks=0 delay_bars=0 costs_enabled=True
2025-10-13 14:29:21,967 [INFO] backtest.engine: run_complete symbol=MSFT trades=8 entries=8 exits=8 buffer_blocks=0 persistence_blocks=0 delay_bars=0 costs_enabled=True
2025-10-13 14:29:21,976 [INFO] backtest.engine: run_complete symbol=AAPL trades=22 entries=22 exits=22 buffer_blocks=0 persistence_blocks=0 delay_bars=0 costs_enabled=True
2025-10-13 14:29:21,977 [INFO] backtest.engine: run_complete symbol=META trades=26 entries=26 exits=26 buffer_blocks=0 persistence_blocks=0 delay_bars=0 costs_enabled=True
2025-10-13 14:29:21,979 [INFO] backtest.engine: run_complete symbol=AAPL trades=18 entries=18 exits=18 buffer_blocks=0 persistence_blocks=0 delay_bars=0 costs_enabled=True
2025-10-13 14:29:21,982 [INFO] backtest.engine: run_complete symbol=MSFT trades=13 entries=13 exits=13 buffer_blocks=0 persistence_blocks=0 delay_bars=0 costs_enabled=True
2025-10-13 14:29:21,983 [INFO] backtest.engine: run_complete symbol=AAPL trades=18 entries=18 exits=18 buffer_blocks=0 persistence_blocks=0 delay_bars=0 costs_enabled=True
2025-10-13 14:29:21,984 [INFO] backtest.engine: run_complete symbol=MSFT trades=14 entries=14 exits=14 buffer_blocks=0 persistence_blocks=0 delay_bars=0 costs_enabled=True
2025-10-13 14:29:21,989 [INFO] backtest.engine: run_complete symbol=AMZN trades=11 entries=11 exits=11 buffer_blocks=0 persistence_blocks=0 delay_bars=0 costs_enabled=True
2025-10-13 14:29:21,998 [INFO] backtest.engine: run_complete symbol=MSFT trades=14 entries=14 exits=14 buffer_blocks=0 persistence_blocks=0 delay_bars=0 costs_enabled=True
2025-10-13 14:29:21,999 [INFO] backtest.engine: run_complete symbol=META trades=62 entries=62 exits=62 buffer_blocks=0 persistence_blocks=0 delay_bars=0 costs_enabled=True
2025-10-13 14:29:22,002 [INFO] backtest.engine: run_complete symbol=AAPL trades=10 entries=10 exits=10 buffer_blocks=0 persistence_blocks=0 delay_bars=0 costs_enabled=True
2025-10-13 14:29:22,002 [INFO] backtest.engine: run_complete symbol=MSFT trades=13 entries=13 exits=13 buffer_blocks=0 persistence_blocks=0 delay_bars=0 costs_enabled=True
2025-10-13 14:29:22,004 [INFO] backtest.engine: run_complete symbol=AMZN trades=11 entries=11 exits=11 buffer_blocks=0 persistence_blocks=0 delay_bars=0 costs_enabled=True
2025-10-13 14:29:22,007 [INFO] backtest.engine: run_complete symbol=MSFT trades=16 entries=16 exits=16 buffer_blocks=0 persistence_blocks=0 delay_bars=0 costs_enabled=True
2025-10-13 14:29:22,007 [INFO] backtest.engine: run_complete symbol=AMZN trades=12 entries=12 exits=12 buffer_blocks=0 persistence_blocks=0 delay_bars=0 costs_enabled=True
2025-10-13 14:29:22,012 [INFO] backtest.engine: run_complete symbol=GOOG trades=14 entries=14 exits=14 buffer_blocks=0 persistence_blocks=0 delay_bars=0 costs_enabled=True
2025-10-13 14:29:22,022 [INFO] backtest.engine: run_complete symbol=MSFT trades=7 entries=7 exits=7 buffer_blocks=0 persistence_blocks=0 delay_bars=0 costs_enabled=True
2025-10-13 14:29:22,023 [INFO] backtest.engine: run_complete symbol=AMZN trades=30 entries=30 exits=30 buffer_blocks=0 persistence_blocks=0 delay_bars=0 costs_enabled=True
2025-10-13 14:29:22,025 [INFO] backtest.engine: run_complete symbol=AAPL trades=15 entries=15 exits=15 buffer_blocks=0 persistence_blocks=0 delay_bars=0 costs_enabled=True
2025-10-13 14:29:22,027 [INFO] backtest.engine: run_complete symbol=AMZN trades=21 entries=21 exits=21 buffer_blocks=0 persistence_blocks=0 delay_bars=0 costs_enabled=True
2025-10-13 14:29:22,027 [INFO] backtest.engine: run_complete symbol=GOOG trades=15 entries=15 exits=15 buffer_blocks=0 persistence_blocks=0 delay_bars=0 costs_enabled=True
2025-10-13 14:29:22,029 [INFO] backtest.engine: run_complete symbol=GOOG trades=14 entries=14 exits=14 buffer_blocks=0 persistence_blocks=0 delay_bars=0 costs_enabled=True
2025-10-13 14:29:22,030 [INFO] backtest.engine: run_complete symbol=AMZN trades=20 entries=20 exits=20 buffer_blocks=0 persistence_blocks=0 delay_bars=0 costs_enabled=True
2025-10-13 14:29:22,036 [INFO] backtest.engine: run_complete symbol=META trades=13 entries=13 exits=13 buffer_blocks=0 persistence_blocks=0 delay_bars=0 costs_enabled=True
2025-10-13 14:29:22,044 [INFO] backtest.engine: run_complete symbol=AMZN trades=15 entries=15 exits=15 buffer_blocks=0 persistence_blocks=0 delay_bars=0 costs_enabled=True
2025-10-13 14:29:22,047 [INFO] backtest.engine: run_complete symbol=MSFT trades=16 entries=16 exits=16 buffer_blocks=0 persistence_blocks=0 delay_bars=0 costs_enabled=True
2025-10-13 14:29:22,049 [INFO] backtest.engine: run_complete symbol=GOOG trades=33 entries=34 exits=33 buffer_blocks=0 persistence_blocks=0 delay_bars=0 costs_enabled=True
2025-10-13 14:29:22,050 [INFO] backtest.engine: run_complete symbol=META trades=20 entries=20 exits=20 buffer_blocks=0 persistence_blocks=0 delay_bars=0 costs_enabled=True
2025-10-13 14:29:22,051 [INFO] backtest.engine: run_complete symbol=GOOG trades=23 entries=23 exits=23 buffer_blocks=0 persistence_blocks=0 delay_bars=0 costs_enabled=True
2025-10-13 14:29:22,053 [INFO] backtest.engine: run_complete symbol=META trades=22 entries=22 exits=22 buffer_blocks=0 persistence_blocks=0 delay_bars=0 costs_enabled=True
2025-10-13 14:29:22,055 [INFO] backtest.engine: run_complete symbol=GOOG trades=23 entries=23 exits=23 buffer_blocks=0 persistence_blocks=0 delay_bars=0 costs_enabled=True
2025-10-13 14:29:22,067 [INFO] backtest.engine: run_complete symbol=GOOG trades=15 entries=15 exits=15 buffer_blocks=0 persistence_blocks=0 delay_bars=0 costs_enabled=True
2025-10-13 14:29:22,071 [INFO] backtest.engine: run_complete symbol=AMZN trades=23 entries=23 exits=23 buffer_blocks=0 persistence_blocks=0 delay_bars=0 costs_enabled=True
2025-10-13 14:29:22,075 [INFO] backtest.engine: run_complete symbol=META trades=32 entries=32 exits=32 buffer_blocks=0 persistence_blocks=0 delay_bars=0 costs_enabled=True
2025-10-13 14:29:22,076 [INFO] backtest.engine: run_complete symbol=META trades=23 entries=23 exits=23 buffer_blocks=0 persistence_blocks=0 delay_bars=0 costs_enabled=True
2025-10-13 14:29:22,077 [INFO] backtest.engine: run_complete symbol=AAPL trades=28 entries=28 exits=28 buffer_blocks=0 persistence_blocks=0 delay_bars=0 costs_enabled=True
2025-10-13 14:29:22,080 [INFO] backtest.engine: run_complete symbol=META trades=29 entries=29 exits=29 buffer_blocks=0 persistence_blocks=0 delay_bars=0 costs_enabled=True
2025-10-13 14:29:22,090 [INFO] backtest.engine: run_complete symbol=META trades=16 entries=16 exits=16 buffer_blocks=0 persistence_blocks=0 delay_bars=0 costs_enabled=True
2025-10-13 14:29:22,093 [INFO] backtest.engine: run_complete symbol=AAPL trades=32 entries=32 exits=32 buffer_blocks=0 persistence_blocks=0 delay_bars=0 costs_enabled=True
2025-10-13 14:29:22,095 [INFO] backtest.engine: run_complete symbol=GOOG trades=22 entries=22 exits=22 buffer_blocks=0 persistence_blocks=0 delay_bars=0 costs_enabled=True
2025-10-13 14:29:22,096 [INFO] backtest.engine: run_complete symbol=AAPL trades=44 entries=44 exits=44 buffer_blocks=0 persistence_blocks=0 delay_bars=0 costs_enabled=True
2025-10-13 14:29:22,114 [INFO] backtest.engine: run_complete symbol=AAPL trades=20 entries=20 exits=20 buffer_blocks=0 persistence_blocks=0 delay_bars=0 costs_enabled=True
2025-10-13 14:29:22,118 [INFO] backtest.engine: run_complete symbol=MSFT trades=42 entries=42 exits=42 buffer_blocks=0 persistence_blocks=0 delay_bars=0 costs_enabled=True
2025-10-13 14:29:22,120 [INFO] backtest.engine: run_complete symbol=META trades=34 entries=34 exits=34 buffer_blocks=0 persistence_blocks=0 delay_bars=0 costs_enabled=True
2025-10-13 14:29:22,135 [INFO] backtest.engine: run_complete symbol=MSFT trades=46 entries=46 exits=46 buffer_blocks=0 persistence_blocks=0 delay_bars=0 costs_enabled=True
2025-10-13 14:29:22,139 [INFO] backtest.engine: run_complete symbol=MSFT trades=54 entries=54 exits=54 buffer_blocks=0 persistence_blocks=0 delay_bars=0 costs_enabled=True
2025-10-13 14:29:22,156 [INFO] backtest.engine: run_complete symbol=MSFT trades=45 entries=45 exits=45 buffer_blocks=0 persistence_blocks=0 delay_bars=0 costs_enabled=True
2025-10-13 14:29:22,158 [INFO] backtest.engine: run_complete symbol=AMZN trades=28 entries=28 exits=28 buffer_blocks=0 persistence_blocks=0 delay_bars=0 costs_enabled=True
2025-10-13 14:29:22,174 [INFO] backtest.engine: run_complete symbol=AMZN trades=27 entries=27 exits=27 buffer_blocks=0 persistence_blocks=0 delay_bars=0 costs_enabled=True
2025-10-13 14:29:22,179 [INFO] backtest.engine: run_complete symbol=AMZN trades=34 entries=34 exits=34 buffer_blocks=0 persistence_blocks=0 delay_bars=0 costs_enabled=True
2025-10-13 14:29:22,195 [INFO] backtest.engine: run_complete symbol=AMZN trades=24 entries=24 exits=24 buffer_blocks=0 persistence_blocks=0 delay_bars=0 costs_enabled=True
2025-10-13 14:29:22,199 [INFO] backtest.engine: run_complete symbol=GOOG trades=41 entries=41 exits=41 buffer_blocks=0 persistence_blocks=0 delay_bars=0 costs_enabled=True
2025-10-13 14:29:22,215 [INFO] backtest.engine: run_complete symbol=GOOG trades=39 entries=39 exits=39 buffer_blocks=0 persistence_blocks=0 delay_bars=0 costs_enabled=True
2025-10-13 14:29:22,220 [INFO] backtest.engine: run_complete symbol=GOOG trades=52 entries=53 exits=52 buffer_blocks=0 persistence_blocks=0 delay_bars=0 costs_enabled=True
2025-10-13 14:29:22,235 [INFO] backtest.engine: run_complete symbol=GOOG trades=42 entries=42 exits=42 buffer_blocks=0 persistence_blocks=0 delay_bars=0 costs_enabled=True
2025-10-13 14:29:22,238 [INFO] backtest.engine: run_complete symbol=META trades=35 entries=35 exits=35 buffer_blocks=0 persistence_blocks=0 delay_bars=0 costs_enabled=True
2025-10-13 14:29:22,256 [INFO] backtest.engine: run_complete symbol=META trades=37 entries=37 exits=37 buffer_blocks=0 persistence_blocks=0 delay_bars=0 costs_enabled=True
2025-10-13 14:29:22,264 [INFO] backtest.engine: run_complete symbol=AAPL trades=16 entries=16 exits=16 buffer_blocks=0 persistence_blocks=0 delay_bars=0 costs_enabled=True
2025-10-13 14:29:22,264 [INFO] backtest.engine: run_complete symbol=META trades=52 entries=52 exits=52 buffer_blocks=0 persistence_blocks=0 delay_bars=0 costs_enabled=True
2025-10-13 14:29:22,279 [INFO] backtest.engine: run_complete symbol=META trades=45 entries=45 exits=45 buffer_blocks=0 persistence_blocks=0 delay_bars=0 costs_enabled=True
2025-10-13 14:29:22,282 [INFO] backtest.engine: run_complete symbol=AAPL trades=13 entries=13 exits=13 buffer_blocks=0 persistence_blocks=0 delay_bars=0 costs_enabled=True
2025-10-13 14:29:22,285 [INFO] backtest.engine: run_complete symbol=MSFT trades=11 entries=11 exits=11 buffer_blocks=0 persistence_blocks=0 delay_bars=0 costs_enabled=True
2025-10-13 14:29:22,292 [INFO] backtest.engine: run_complete symbol=AAPL trades=21 entries=21 exits=21 buffer_blocks=0 persistence_blocks=0 delay_bars=0 costs_enabled=True
2025-10-13 14:29:22,302 [INFO] backtest.engine: run_complete symbol=MSFT trades=11 entries=11 exits=11 buffer_blocks=0 persistence_blocks=0 delay_bars=0 costs_enabled=True
2025-10-13 14:29:22,304 [INFO] backtest.engine: run_complete symbol=AAPL trades=12 entries=12 exits=12 buffer_blocks=0 persistence_blocks=0 delay_bars=0 costs_enabled=True
2025-10-13 14:29:22,308 [INFO] backtest.engine: run_complete symbol=AMZN trades=17 entries=17 exits=17 buffer_blocks=0 persistence_blocks=0 delay_bars=0 costs_enabled=True
2025-10-13 14:29:22,314 [INFO] backtest.engine: run_complete symbol=MSFT trades=20 entries=20 exits=20 buffer_blocks=0 persistence_blocks=0 delay_bars=0 costs_enabled=True
2025-10-13 14:29:22,325 [INFO] backtest.engine: run_complete symbol=AMZN trades=19 entries=19 exits=19 buffer_blocks=0 persistence_blocks=0 delay_bars=0 costs_enabled=True
2025-10-13 14:29:22,327 [INFO] backtest.engine: run_complete symbol=MSFT trades=13 entries=13 exits=13 buffer_blocks=0 persistence_blocks=0 delay_bars=0 costs_enabled=True
2025-10-13 14:29:22,331 [INFO] backtest.engine: run_complete symbol=GOOG trades=20 entries=20 exits=20 buffer_blocks=0 persistence_blocks=0 delay_bars=0 costs_enabled=True
2025-10-13 14:29:22,338 [INFO] backtest.engine: run_complete symbol=AMZN trades=21 entries=21 exits=21 buffer_blocks=0 persistence_blocks=0 delay_bars=0 costs_enabled=True
2025-10-13 14:29:22,347 [INFO] backtest.engine: run_complete symbol=AMZN trades=14 entries=14 exits=14 buffer_blocks=0 persistence_blocks=0 delay_bars=0 costs_enabled=True
2025-10-13 14:29:22,348 [INFO] backtest.engine: run_complete symbol=GOOG trades=22 entries=22 exits=22 buffer_blocks=0 persistence_blocks=0 delay_bars=0 costs_enabled=True
2025-10-13 14:29:22,353 [INFO] backtest.engine: run_complete symbol=META trades=18 entries=18 exits=18 buffer_blocks=0 persistence_blocks=0 delay_bars=0 costs_enabled=True
2025-10-13 14:29:22,362 [INFO] backtest.engine: run_complete symbol=GOOG trades=25 entries=25 exits=25 buffer_blocks=0 persistence_blocks=0 delay_bars=0 costs_enabled=True
2025-10-13 14:29:22,369 [INFO] backtest.engine: run_complete symbol=GOOG trades=10 entries=10 exits=10 buffer_blocks=0 persistence_blocks=0 delay_bars=0 costs_enabled=True
2025-10-13 14:29:22,371 [INFO] backtest.engine: run_complete symbol=META trades=22 entries=22 exits=22 buffer_blocks=0 persistence_blocks=0 delay_bars=0 costs_enabled=True
2025-10-13 14:29:22,390 [INFO] backtest.engine: run_complete symbol=META trades=36 entries=36 exits=36 buffer_blocks=0 persistence_blocks=0 delay_bars=0 costs_enabled=True
2025-10-13 14:29:22,393 [INFO] backtest.engine: run_complete symbol=META trades=29 entries=29 exits=29 buffer_blocks=0 persistence_blocks=0 delay_bars=0 costs_enabled=True
2025-10-13 14:29:22,583 [INFO] backtest.engine: run_complete symbol=AAPL trades=10 entries=10 exits=10 buffer_blocks=0 persistence_blocks=0 delay_bars=0 costs_enabled=True
2025-10-13 14:29:22,602 [INFO] backtest.engine: run_complete symbol=MSFT trades=7 entries=7 exits=7 buffer_blocks=0 persistence_blocks=0 delay_bars=0 costs_enabled=True
2025-10-13 14:29:22,624 [INFO] backtest.engine: run_complete symbol=AMZN trades=15 entries=15 exits=15 buffer_blocks=0 persistence_blocks=0 delay_bars=0 costs_enabled=True
2025-10-13 14:29:22,646 [INFO] backtest.engine: run_complete symbol=GOOG trades=15 entries=15 exits=15 buffer_blocks=0 persistence_blocks=0 delay_bars=0 costs_enabled=True
2025-10-13 14:29:22,669 [INFO] backtest.engine: run_complete symbol=META trades=16 entries=16 exits=16 buffer_blocks=0 persistence_blocks=0 delay_bars=0 costs_enabled=True
2025-10-13 14:29:23,571 [INFO] backtest.engine: run_complete symbol=AAPL trades=22 entries=22 exits=22 buffer_blocks=0 persistence_blocks=0 delay_bars=0 costs_enabled=True
2025-10-13 14:29:23,572 [INFO] backtest.engine: run_complete symbol=AAPL trades=27 entries=27 exits=27 buffer_blocks=0 persistence_blocks=0 delay_bars=0 costs_enabled=True
2025-10-13 14:29:23,572 [INFO] backtest.engine: run_complete symbol=AAPL trades=33 entries=33 exits=33 buffer_blocks=0 persistence_blocks=0 delay_bars=0 costs_enabled=True
2025-10-13 14:29:23,580 [INFO] backtest.engine: run_complete symbol=AAPL trades=18 entries=18 exits=18 buffer_blocks=0 persistence_blocks=0 delay_bars=0 costs_enabled=True
2025-10-13 14:29:23,581 [INFO] backtest.engine: run_complete symbol=AAPL trades=22 entries=22 exits=22 buffer_blocks=0 persistence_blocks=0 delay_bars=0 costs_enabled=True
2025-10-13 14:29:23,583 [INFO] backtest.engine: run_complete symbol=AAPL trades=16 entries=16 exits=16 buffer_blocks=0 persistence_blocks=0 delay_bars=0 costs_enabled=True
2025-10-13 14:29:23,583 [INFO] backtest.engine: run_complete symbol=AAPL trades=21 entries=21 exits=21 buffer_blocks=0 persistence_blocks=0 delay_bars=0 costs_enabled=True
2025-10-13 14:29:23,584 [INFO] backtest.engine: run_complete symbol=AAPL trades=26 entries=26 exits=26 buffer_blocks=0 persistence_blocks=0 delay_bars=0 costs_enabled=True
2025-10-13 14:29:23,611 [INFO] backtest.engine: run_complete symbol=MSFT trades=25 entries=25 exits=25 buffer_blocks=0 persistence_blocks=0 delay_bars=0 costs_enabled=True
2025-10-13 14:29:23,613 [INFO] backtest.engine: run_complete symbol=MSFT trades=39 entries=39 exits=39 buffer_blocks=0 persistence_blocks=0 delay_bars=0 costs_enabled=True
2025-10-13 14:29:23,613 [INFO] backtest.engine: run_complete symbol=MSFT trades=43 entries=43 exits=43 buffer_blocks=0 persistence_blocks=0 delay_bars=0 costs_enabled=True
2025-10-13 14:29:23,621 [INFO] backtest.engine: run_complete symbol=MSFT trades=29 entries=29 exits=29 buffer_blocks=0 persistence_blocks=0 delay_bars=0 costs_enabled=True
2025-10-13 14:29:23,621 [INFO] backtest.engine: run_complete symbol=MSFT trades=27 entries=27 exits=27 buffer_blocks=0 persistence_blocks=0 delay_bars=0 costs_enabled=True
2025-10-13 14:29:23,623 [INFO] backtest.engine: run_complete symbol=MSFT trades=33 entries=33 exits=33 buffer_blocks=0 persistence_blocks=0 delay_bars=0 costs_enabled=True
2025-10-13 14:29:23,624 [INFO] backtest.engine: run_complete symbol=MSFT trades=50 entries=50 exits=50 buffer_blocks=0 persistence_blocks=0 delay_bars=0 costs_enabled=True
2025-10-13 14:29:23,625 [INFO] backtest.engine: run_complete symbol=MSFT trades=41 entries=41 exits=41 buffer_blocks=0 persistence_blocks=0 delay_bars=0 costs_enabled=True
2025-10-13 14:29:23,649 [INFO] backtest.engine: run_complete symbol=AMZN trades=17 entries=17 exits=17 buffer_blocks=0 persistence_blocks=0 delay_bars=0 costs_enabled=True
2025-10-13 14:29:23,650 [INFO] backtest.engine: run_complete symbol=AMZN trades=22 entries=23 exits=22 buffer_blocks=0 persistence_blocks=0 delay_bars=0 costs_enabled=True
2025-10-13 14:29:23,653 [INFO] backtest.engine: run_complete symbol=AMZN trades=32 entries=32 exits=32 buffer_blocks=0 persistence_blocks=0 delay_bars=0 costs_enabled=True
2025-10-13 14:29:23,657 [INFO] backtest.engine: run_complete symbol=AMZN trades=16 entries=16 exits=16 buffer_blocks=0 persistence_blocks=0 delay_bars=0 costs_enabled=True
2025-10-13 14:29:23,659 [INFO] backtest.engine: run_complete symbol=AMZN trades=19 entries=19 exits=19 buffer_blocks=0 persistence_blocks=0 delay_bars=0 costs_enabled=True
2025-10-13 14:29:23,660 [INFO] backtest.engine: run_complete symbol=AMZN trades=21 entries=21 exits=21 buffer_blocks=0 persistence_blocks=0 delay_bars=0 costs_enabled=True
2025-10-13 14:29:23,663 [INFO] backtest.engine: run_complete symbol=AMZN trades=27 entries=27 exits=27 buffer_blocks=0 persistence_blocks=0 delay_bars=0 costs_enabled=True
2025-10-13 14:29:23,663 [INFO] backtest.engine: run_complete symbol=AMZN trades=23 entries=23 exits=23 buffer_blocks=0 persistence_blocks=0 delay_bars=0 costs_enabled=True
2025-10-13 14:29:23,686 [INFO] backtest.engine: run_complete symbol=GOOG trades=18 entries=18 exits=18 buffer_blocks=0 persistence_blocks=0 delay_bars=0 costs_enabled=True
2025-10-13 14:29:23,690 [INFO] backtest.engine: run_complete symbol=GOOG trades=31 entries=31 exits=31 buffer_blocks=0 persistence_blocks=0 delay_bars=0 costs_enabled=True
2025-10-13 14:29:23,694 [INFO] backtest.engine: run_complete symbol=GOOG trades=38 entries=38 exits=38 buffer_blocks=0 persistence_blocks=0 delay_bars=0 costs_enabled=True
2025-10-13 14:29:23,696 [INFO] backtest.engine: run_complete symbol=GOOG trades=23 entries=23 exits=23 buffer_blocks=0 persistence_blocks=0 delay_bars=0 costs_enabled=True
2025-10-13 14:29:23,699 [INFO] backtest.engine: run_complete symbol=GOOG trades=28 entries=28 exits=28 buffer_blocks=0 persistence_blocks=0 delay_bars=0 costs_enabled=True
2025-10-13 14:29:23,699 [INFO] backtest.engine: run_complete symbol=GOOG trades=29 entries=29 exits=29 buffer_blocks=0 persistence_blocks=0 delay_bars=0 costs_enabled=True
2025-10-13 14:29:23,704 [INFO] backtest.engine: run_complete symbol=GOOG trades=33 entries=33 exits=33 buffer_blocks=0 persistence_blocks=0 delay_bars=0 costs_enabled=True
2025-10-13 14:29:23,706 [INFO] backtest.engine: run_complete symbol=GOOG trades=46 entries=46 exits=46 buffer_blocks=0 persistence_blocks=0 delay_bars=0 costs_enabled=True
2025-10-13 14:29:23,726 [INFO] backtest.engine: run_complete symbol=META trades=20 entries=20 exits=20 buffer_blocks=0 persistence_blocks=0 delay_bars=0 costs_enabled=True
2025-10-13 14:29:23,731 [INFO] backtest.engine: run_complete symbol=META trades=32 entries=32 exits=32 buffer_blocks=0 persistence_blocks=0 delay_bars=0 costs_enabled=True
2025-10-13 14:29:23,735 [INFO] backtest.engine: run_complete symbol=META trades=27 entries=27 exits=27 buffer_blocks=0 persistence_blocks=0 delay_bars=0 costs_enabled=True
2025-10-13 14:29:23,736 [INFO] backtest.engine: run_complete symbol=META trades=37 entries=37 exits=37 buffer_blocks=0 persistence_blocks=0 delay_bars=0 costs_enabled=True
2025-10-13 14:29:23,738 [INFO] backtest.engine: run_complete symbol=META trades=26 entries=26 exits=26 buffer_blocks=0 persistence_blocks=0 delay_bars=0 costs_enabled=True
2025-10-13 14:29:23,740 [INFO] backtest.engine: run_complete symbol=META trades=31 entries=31 exits=31 buffer_blocks=0 persistence_blocks=0 delay_bars=0 costs_enabled=True
2025-10-13 14:29:23,745 [INFO] backtest.engine: run_complete symbol=META trades=39 entries=39 exits=39 buffer_blocks=0 persistence_blocks=0 delay_bars=0 costs_enabled=True
2025-10-13 14:29:23,748 [INFO] backtest.engine: run_complete symbol=META trades=50 entries=50 exits=50 buffer_blocks=0 persistence_blocks=0 delay_bars=0 costs_enabled=True
2025-10-13 14:29:23,752 [INFO] backtest.engine: run_complete symbol=AAPL trades=9 entries=9 exits=9 buffer_blocks=0 persistence_blocks=0 delay_bars=0 costs_enabled=True
2025-10-13 14:29:23,759 [INFO] backtest.engine: run_complete symbol=AAPL trades=17 entries=17 exits=17 buffer_blocks=0 persistence_blocks=0 delay_bars=0 costs_enabled=True
2025-10-13 14:29:23,759 [INFO] backtest.engine: run_complete symbol=AAPL trades=8 entries=8 exits=8 buffer_blocks=0 persistence_blocks=0 delay_bars=0 costs_enabled=True
2025-10-13 14:29:23,763 [INFO] backtest.engine: run_complete symbol=AAPL trades=18 entries=18 exits=18 buffer_blocks=0 persistence_blocks=0 delay_bars=0 costs_enabled=True
2025-10-13 14:29:23,763 [INFO] backtest.engine: run_complete symbol=AAPL trades=10 entries=10 exits=10 buffer_blocks=0 persistence_blocks=0 delay_bars=0 costs_enabled=True
2025-10-13 14:29:23,766 [INFO] backtest.engine: run_complete symbol=AAPL trades=14 entries=14 exits=14 buffer_blocks=0 persistence_blocks=0 delay_bars=0 costs_enabled=True
2025-10-13 14:29:23,772 [INFO] backtest.engine: run_complete symbol=AAPL trades=13 entries=13 exits=13 buffer_blocks=0 persistence_blocks=0 delay_bars=0 costs_enabled=True
2025-10-13 14:29:23,775 [INFO] backtest.engine: run_complete symbol=MSFT trades=10 entries=10 exits=10 buffer_blocks=0 persistence_blocks=0 delay_bars=0 costs_enabled=True
2025-10-13 14:29:23,775 [INFO] backtest.engine: run_complete symbol=AAPL trades=15 entries=15 exits=15 buffer_blocks=0 persistence_blocks=0 delay_bars=0 costs_enabled=True
2025-10-13 14:29:23,780 [INFO] backtest.engine: run_complete symbol=MSFT trades=12 entries=12 exits=12 buffer_blocks=0 persistence_blocks=0 delay_bars=0 costs_enabled=True
2025-10-13 14:29:23,781 [INFO] backtest.engine: run_complete symbol=MSFT trades=8 entries=8 exits=8 buffer_blocks=0 persistence_blocks=0 delay_bars=0 costs_enabled=True
2025-10-13 14:29:23,783 [INFO] backtest.engine: run_complete symbol=MSFT trades=7 entries=7 exits=7 buffer_blocks=0 persistence_blocks=0 delay_bars=0 costs_enabled=True
2025-10-13 14:29:23,785 [INFO] backtest.engine: run_complete symbol=MSFT trades=12 entries=12 exits=12 buffer_blocks=0 persistence_blocks=0 delay_bars=0 costs_enabled=True
2025-10-13 14:29:23,788 [INFO] backtest.engine: run_complete symbol=MSFT trades=9 entries=9 exits=9 buffer_blocks=0 persistence_blocks=0 delay_bars=0 costs_enabled=True
2025-10-13 14:29:23,794 [INFO] backtest.engine: run_complete symbol=MSFT trades=11 entries=11 exits=11 buffer_blocks=0 persistence_blocks=0 delay_bars=0 costs_enabled=True
2025-10-13 14:29:23,797 [INFO] backtest.engine: run_complete symbol=MSFT trades=14 entries=14 exits=14 buffer_blocks=0 persistence_blocks=0 delay_bars=0 costs_enabled=True
2025-10-13 14:29:23,797 [INFO] backtest.engine: run_complete symbol=AMZN trades=10 entries=10 exits=10 buffer_blocks=0 persistence_blocks=0 delay_bars=0 costs_enabled=True
2025-10-13 14:29:23,802 [INFO] backtest.engine: run_complete symbol=AMZN trades=10 entries=10 exits=10 buffer_blocks=0 persistence_blocks=0 delay_bars=0 costs_enabled=True
2025-10-13 14:29:23,803 [INFO] backtest.engine: run_complete symbol=AMZN trades=13 entries=13 exits=13 buffer_blocks=0 persistence_blocks=0 delay_bars=0 costs_enabled=True
2025-10-13 14:29:23,806 [INFO] backtest.engine: run_complete symbol=AMZN trades=15 entries=15 exits=15 buffer_blocks=0 persistence_blocks=0 delay_bars=0 costs_enabled=True
2025-10-13 14:29:23,809 [INFO] backtest.engine: run_complete symbol=AMZN trades=20 entries=20 exits=20 buffer_blocks=0 persistence_blocks=0 delay_bars=0 costs_enabled=True
2025-10-13 14:29:23,811 [INFO] backtest.engine: run_complete symbol=AMZN trades=16 entries=16 exits=16 buffer_blocks=0 persistence_blocks=0 delay_bars=0 costs_enabled=True
2025-10-13 14:29:23,817 [INFO] backtest.engine: run_complete symbol=AMZN trades=17 entries=17 exits=17 buffer_blocks=0 persistence_blocks=0 delay_bars=0 costs_enabled=True
2025-10-13 14:29:23,819 [INFO] backtest.engine: run_complete symbol=GOOG trades=8 entries=8 exits=8 buffer_blocks=0 persistence_blocks=0 delay_bars=0 costs_enabled=True
2025-10-13 14:29:23,820 [INFO] backtest.engine: run_complete symbol=AMZN trades=17 entries=17 exits=17 buffer_blocks=0 persistence_blocks=0 delay_bars=0 costs_enabled=True
2025-10-13 14:29:23,824 [INFO] backtest.engine: run_complete symbol=GOOG trades=11 entries=11 exits=11 buffer_blocks=0 persistence_blocks=0 delay_bars=0 costs_enabled=True
2025-10-13 14:29:23,827 [INFO] backtest.engine: run_complete symbol=GOOG trades=14 entries=14 exits=14 buffer_blocks=0 persistence_blocks=0 delay_bars=0 costs_enabled=True
2025-10-13 14:29:23,828 [INFO] backtest.engine: run_complete symbol=GOOG trades=15 entries=15 exits=15 buffer_blocks=0 persistence_blocks=0 delay_bars=0 costs_enabled=True
2025-10-13 14:29:23,833 [INFO] backtest.engine: run_complete symbol=GOOG trades=21 entries=21 exits=21 buffer_blocks=0 persistence_blocks=0 delay_bars=0 costs_enabled=True
2025-10-13 14:29:23,835 [INFO] backtest.engine: run_complete symbol=GOOG trades=18 entries=18 exits=18 buffer_blocks=0 persistence_blocks=0 delay_bars=0 costs_enabled=True
2025-10-13 14:29:23,840 [INFO] backtest.engine: run_complete symbol=GOOG trades=18 entries=18 exits=18 buffer_blocks=0 persistence_blocks=0 delay_bars=0 costs_enabled=True
2025-10-13 14:29:23,842 [INFO] backtest.engine: run_complete symbol=GOOG trades=10 entries=11 exits=10 buffer_blocks=0 persistence_blocks=0 delay_bars=0 costs_enabled=True
2025-10-13 14:29:23,843 [INFO] backtest.engine: run_complete symbol=META trades=18 entries=18 exits=18 buffer_blocks=0 persistence_blocks=0 delay_bars=0 costs_enabled=True
2025-10-13 14:29:23,847 [INFO] backtest.engine: run_complete symbol=META trades=15 entries=15 exits=15 buffer_blocks=0 persistence_blocks=0 delay_bars=0 costs_enabled=True
2025-10-13 14:29:23,851 [INFO] backtest.engine: run_complete symbol=META trades=16 entries=16 exits=16 buffer_blocks=0 persistence_blocks=0 delay_bars=0 costs_enabled=True
2025-10-13 14:29:23,852 [INFO] backtest.engine: run_complete symbol=META trades=21 entries=21 exits=21 buffer_blocks=0 persistence_blocks=0 delay_bars=0 costs_enabled=True
2025-10-13 14:29:23,858 [INFO] backtest.engine: run_complete symbol=META trades=24 entries=24 exits=24 buffer_blocks=0 persistence_blocks=0 delay_bars=0 costs_enabled=True
2025-10-13 14:29:23,858 [INFO] backtest.engine: run_complete symbol=META trades=18 entries=18 exits=18 buffer_blocks=0 persistence_blocks=0 delay_bars=0 costs_enabled=True
2025-10-13 14:29:23,863 [INFO] backtest.engine: run_complete symbol=META trades=20 entries=20 exits=20 buffer_blocks=0 persistence_blocks=0 delay_bars=0 costs_enabled=True
2025-10-13 14:29:23,868 [INFO] backtest.engine: run_complete symbol=META trades=29 entries=29 exits=29 buffer_blocks=0 persistence_blocks=0 delay_bars=0 costs_enabled=True
2025-10-13 14:29:23,882 [INFO] backtest.engine: run_complete symbol=AAPL trades=17 entries=17 exits=17 buffer_blocks=0 persistence_blocks=0 delay_bars=0 costs_enabled=True
2025-10-13 14:29:23,885 [INFO] backtest.engine: run_complete symbol=AAPL trades=20 entries=20 exits=20 buffer_blocks=0 persistence_blocks=0 delay_bars=0 costs_enabled=True
2025-10-13 14:29:23,892 [INFO] backtest.engine: run_complete symbol=AAPL trades=26 entries=26 exits=26 buffer_blocks=0 persistence_blocks=0 delay_bars=0 costs_enabled=True
2025-10-13 14:29:23,894 [INFO] backtest.engine: run_complete symbol=AAPL trades=49 entries=49 exits=49 buffer_blocks=0 persistence_blocks=0 delay_bars=0 costs_enabled=True
2025-10-13 14:29:23,897 [INFO] backtest.engine: run_complete symbol=AAPL trades=19 entries=19 exits=19 buffer_blocks=0 persistence_blocks=0 delay_bars=0 costs_enabled=True
2025-10-13 14:29:23,900 [INFO] backtest.engine: run_complete symbol=AAPL trades=38 entries=38 exits=38 buffer_blocks=0 persistence_blocks=0 delay_bars=0 costs_enabled=True
2025-10-13 14:29:23,905 [INFO] backtest.engine: run_complete symbol=AAPL trades=30 entries=30 exits=30 buffer_blocks=0 persistence_blocks=0 delay_bars=0 costs_enabled=True
2025-10-13 14:29:23,913 [INFO] backtest.engine: run_complete symbol=AAPL trades=51 entries=51 exits=51 buffer_blocks=0 persistence_blocks=0 delay_bars=0 costs_enabled=True
2025-10-13 14:29:23,922 [INFO] backtest.engine: run_complete symbol=MSFT trades=29 entries=29 exits=29 buffer_blocks=0 persistence_blocks=0 delay_bars=0 costs_enabled=True
2025-10-13 14:29:23,925 [INFO] backtest.engine: run_complete symbol=MSFT trades=33 entries=33 exits=33 buffer_blocks=0 persistence_blocks=0 delay_bars=0 costs_enabled=True
2025-10-13 14:29:23,934 [INFO] backtest.engine: run_complete symbol=MSFT trades=35 entries=35 exits=35 buffer_blocks=0 persistence_blocks=0 delay_bars=0 costs_enabled=True
2025-10-13 14:29:23,937 [INFO] backtest.engine: run_complete symbol=MSFT trades=27 entries=27 exits=27 buffer_blocks=0 persistence_blocks=0 delay_bars=0 costs_enabled=True
2025-10-13 14:29:23,941 [INFO] backtest.engine: run_complete symbol=MSFT trades=69 entries=69 exits=69 buffer_blocks=0 persistence_blocks=0 delay_bars=0 costs_enabled=True
2025-10-13 14:29:23,946 [INFO] backtest.engine: run_complete symbol=MSFT trades=56 entries=56 exits=56 buffer_blocks=0 persistence_blocks=0 delay_bars=0 costs_enabled=True
2025-10-13 14:29:23,946 [INFO] backtest.engine: run_complete symbol=MSFT trades=39 entries=39 exits=39 buffer_blocks=0 persistence_blocks=0 delay_bars=0 costs_enabled=True
2025-10-13 14:29:23,959 [INFO] backtest.engine: run_complete symbol=AMZN trades=13 entries=13 exits=13 buffer_blocks=0 persistence_blocks=0 delay_bars=0 costs_enabled=True
2025-10-13 14:29:23,960 [INFO] backtest.engine: run_complete symbol=MSFT trades=75 entries=75 exits=75 buffer_blocks=0 persistence_blocks=0 delay_bars=0 costs_enabled=True
2025-10-13 14:29:23,962 [INFO] backtest.engine: run_complete symbol=AMZN trades=22 entries=23 exits=22 buffer_blocks=0 persistence_blocks=0 delay_bars=0 costs_enabled=True
2025-10-13 14:29:23,973 [INFO] backtest.engine: run_complete symbol=AMZN trades=28 entries=28 exits=28 buffer_blocks=0 persistence_blocks=0 delay_bars=0 costs_enabled=True
2025-10-13 14:29:23,974 [INFO] backtest.engine: run_complete symbol=AMZN trades=20 entries=20 exits=20 buffer_blocks=0 persistence_blocks=0 delay_bars=0 costs_enabled=True
2025-10-13 14:29:23,984 [INFO] backtest.engine: run_complete symbol=AMZN trades=27 entries=28 exits=27 buffer_blocks=0 persistence_blocks=0 delay_bars=0 costs_enabled=True
2025-10-13 14:29:23,984 [INFO] backtest.engine: run_complete symbol=AMZN trades=44 entries=44 exits=44 buffer_blocks=0 persistence_blocks=0 delay_bars=0 costs_enabled=True
2025-10-13 14:29:23,985 [INFO] backtest.engine: run_complete symbol=AMZN trades=38 entries=38 exits=38 buffer_blocks=0 persistence_blocks=0 delay_bars=0 costs_enabled=True
2025-10-13 14:29:23,997 [INFO] backtest.engine: run_complete symbol=GOOG trades=21 entries=21 exits=21 buffer_blocks=0 persistence_blocks=0 delay_bars=0 costs_enabled=True
2025-10-13 14:29:24,000 [INFO] backtest.engine: run_complete symbol=GOOG trades=29 entries=29 exits=29 buffer_blocks=0 persistence_blocks=0 delay_bars=0 costs_enabled=True
2025-10-13 14:29:24,004 [INFO] backtest.engine: run_complete symbol=AMZN trades=49 entries=49 exits=49 buffer_blocks=0 persistence_blocks=0 delay_bars=0 costs_enabled=True
2025-10-13 14:29:24,013 [INFO] backtest.engine: run_complete symbol=GOOG trades=26 entries=26 exits=26 buffer_blocks=0 persistence_blocks=0 delay_bars=0 costs_enabled=True
2025-10-13 14:29:24,014 [INFO] backtest.engine: run_complete symbol=GOOG trades=34 entries=34 exits=34 buffer_blocks=0 persistence_blocks=0 delay_bars=0 costs_enabled=True
2025-10-13 14:29:24,025 [INFO] backtest.engine: run_complete symbol=GOOG trades=37 entries=37 exits=37 buffer_blocks=0 persistence_blocks=0 delay_bars=0 costs_enabled=True
2025-10-13 14:29:24,029 [INFO] backtest.engine: run_complete symbol=GOOG trades=55 entries=55 exits=55 buffer_blocks=0 persistence_blocks=0 delay_bars=0 costs_enabled=True
2025-10-13 14:29:24,031 [INFO] backtest.engine: run_complete symbol=GOOG trades=70 entries=70 exits=70 buffer_blocks=0 persistence_blocks=0 delay_bars=0 costs_enabled=True
2025-10-13 14:29:24,050 [INFO] backtest.engine: run_complete symbol=GOOG trades=66 entries=66 exits=66 buffer_blocks=0 persistence_blocks=0 delay_bars=0 costs_enabled=True
2025-10-13 14:29:24,055 [INFO] backtest.engine: run_complete symbol=META trades=23 entries=23 exits=23 buffer_blocks=0 persistence_blocks=0 delay_bars=0 costs_enabled=True
2025-10-13 14:29:24,062 [INFO] backtest.engine: run_complete symbol=META trades=34 entries=34 exits=34 buffer_blocks=0 persistence_blocks=0 delay_bars=0 costs_enabled=True
2025-10-13 14:29:24,073 [INFO] backtest.engine: run_complete symbol=META trades=28 entries=28 exits=28 buffer_blocks=0 persistence_blocks=0 delay_bars=0 costs_enabled=True
2025-10-13 14:29:24,078 [INFO] backtest.engine: run_complete symbol=META trades=28 entries=28 exits=28 buffer_blocks=0 persistence_blocks=0 delay_bars=0 costs_enabled=True
2025-10-13 14:29:24,082 [INFO] backtest.engine: run_complete symbol=AAPL trades=8 entries=8 exits=8 buffer_blocks=0 persistence_blocks=0 delay_bars=0 costs_enabled=True
2025-10-13 14:29:24,087 [INFO] backtest.engine: run_complete symbol=META trades=30 entries=31 exits=30 buffer_blocks=0 persistence_blocks=0 delay_bars=0 costs_enabled=True
2025-10-13 14:29:24,087 [INFO] backtest.engine: run_complete symbol=AAPL trades=10 entries=11 exits=10 buffer_blocks=0 persistence_blocks=0 delay_bars=0 costs_enabled=True
2025-10-13 14:29:24,096 [INFO] backtest.engine: run_complete symbol=META trades=59 entries=59 exits=59 buffer_blocks=0 persistence_blocks=0 delay_bars=0 costs_enabled=True
2025-10-13 14:29:24,097 [INFO] backtest.engine: run_complete symbol=META trades=53 entries=54 exits=53 buffer_blocks=0 persistence_blocks=0 delay_bars=0 costs_enabled=True
2025-10-13 14:29:24,098 [INFO] backtest.engine: run_complete symbol=AAPL trades=11 entries=11 exits=11 buffer_blocks=0 persistence_blocks=0 delay_bars=0 costs_enabled=True
2025-10-13 14:29:24,104 [INFO] backtest.engine: run_complete symbol=AAPL trades=14 entries=14 exits=14 buffer_blocks=0 persistence_blocks=0 delay_bars=0 costs_enabled=True
2025-10-13 14:29:24,105 [INFO] backtest.engine: run_complete symbol=MSFT trades=10 entries=10 exits=10 buffer_blocks=0 persistence_blocks=0 delay_bars=0 costs_enabled=True
2025-10-13 14:29:24,109 [INFO] backtest.engine: run_complete symbol=MSFT trades=9 entries=9 exits=9 buffer_blocks=0 persistence_blocks=0 delay_bars=0 costs_enabled=True
2025-10-13 14:29:24,112 [INFO] backtest.engine: run_complete symbol=META trades=60 entries=60 exits=60 buffer_blocks=0 persistence_blocks=0 delay_bars=0 costs_enabled=True
2025-10-13 14:29:24,114 [INFO] backtest.engine: run_complete symbol=AAPL trades=17 entries=17 exits=17 buffer_blocks=0 persistence_blocks=0 delay_bars=0 costs_enabled=True
2025-10-13 14:29:24,120 [INFO] backtest.engine: run_complete symbol=MSFT trades=9 entries=9 exits=9 buffer_blocks=0 persistence_blocks=0 delay_bars=0 costs_enabled=True
2025-10-13 14:29:24,123 [INFO] backtest.engine: run_complete symbol=AAPL trades=21 entries=21 exits=21 buffer_blocks=0 persistence_blocks=0 delay_bars=0 costs_enabled=True
2025-10-13 14:29:24,124 [INFO] backtest.engine: run_complete symbol=AAPL trades=27 entries=27 exits=27 buffer_blocks=0 persistence_blocks=0 delay_bars=0 costs_enabled=True
2025-10-13 14:29:24,126 [INFO] backtest.engine: run_complete symbol=MSFT trades=11 entries=11 exits=11 buffer_blocks=0 persistence_blocks=0 delay_bars=0 costs_enabled=True
2025-10-13 14:29:24,127 [INFO] backtest.engine: run_complete symbol=AMZN trades=8 entries=8 exits=8 buffer_blocks=0 persistence_blocks=0 delay_bars=0 costs_enabled=True
2025-10-13 14:29:24,131 [INFO] backtest.engine: run_complete symbol=AMZN trades=11 entries=11 exits=11 buffer_blocks=0 persistence_blocks=0 delay_bars=0 costs_enabled=True
2025-10-13 14:29:24,137 [INFO] backtest.engine: run_complete symbol=MSFT trades=18 entries=18 exits=18 buffer_blocks=0 persistence_blocks=0 delay_bars=0 costs_enabled=True
2025-10-13 14:29:24,140 [INFO] backtest.engine: run_complete symbol=AAPL trades=25 entries=25 exits=25 buffer_blocks=0 persistence_blocks=0 delay_bars=0 costs_enabled=True
2025-10-13 14:29:24,142 [INFO] backtest.engine: run_complete symbol=AMZN trades=12 entries=12 exits=12 buffer_blocks=0 persistence_blocks=0 delay_bars=0 costs_enabled=True
2025-10-13 14:29:24,147 [INFO] backtest.engine: run_complete symbol=MSFT trades=18 entries=18 exits=18 buffer_blocks=0 persistence_blocks=0 delay_bars=0 costs_enabled=True
2025-10-13 14:29:24,148 [INFO] backtest.engine: run_complete symbol=MSFT trades=24 entries=25 exits=24 buffer_blocks=0 persistence_blocks=0 delay_bars=0 costs_enabled=True
2025-10-13 14:29:24,149 [INFO] backtest.engine: run_complete symbol=GOOG trades=8 entries=8 exits=8 buffer_blocks=0 persistence_blocks=0 delay_bars=0 costs_enabled=True
2025-10-13 14:29:24,150 [INFO] backtest.engine: run_complete symbol=AMZN trades=14 entries=14 exits=14 buffer_blocks=0 persistence_blocks=0 delay_bars=0 costs_enabled=True
2025-10-13 14:29:24,152 [INFO] backtest.engine: run_complete symbol=GOOG trades=9 entries=9 exits=9 buffer_blocks=0 persistence_blocks=0 delay_bars=0 costs_enabled=True
2025-10-13 14:29:24,161 [INFO] backtest.engine: run_complete symbol=AMZN trades=15 entries=15 exits=15 buffer_blocks=0 persistence_blocks=0 delay_bars=0 costs_enabled=True
2025-10-13 14:29:24,161 [INFO] backtest.engine: run_complete symbol=MSFT trades=19 entries=19 exits=19 buffer_blocks=0 persistence_blocks=0 delay_bars=0 costs_enabled=True
2025-10-13 14:29:24,164 [INFO] backtest.engine: run_complete symbol=GOOG trades=11 entries=11 exits=11 buffer_blocks=0 persistence_blocks=0 delay_bars=0 costs_enabled=True
2025-10-13 14:29:24,171 [INFO] backtest.engine: run_complete symbol=AMZN trades=22 entries=22 exits=22 buffer_blocks=0 persistence_blocks=0 delay_bars=0 costs_enabled=True
2025-10-13 14:29:24,172 [INFO] backtest.engine: run_complete symbol=GOOG trades=17 entries=17 exits=17 buffer_blocks=0 persistence_blocks=0 delay_bars=0 costs_enabled=True
2025-10-13 14:29:24,173 [INFO] backtest.engine: run_complete symbol=AMZN trades=27 entries=27 exits=27 buffer_blocks=0 persistence_blocks=0 delay_bars=0 costs_enabled=True
2025-10-13 14:29:24,173 [INFO] backtest.engine: run_complete symbol=META trades=18 entries=18 exits=18 buffer_blocks=0 persistence_blocks=0 delay_bars=0 costs_enabled=True
2025-10-13 14:29:24,177 [INFO] backtest.engine: run_complete symbol=META trades=25 entries=25 exits=25 buffer_blocks=0 persistence_blocks=0 delay_bars=0 costs_enabled=True
2025-10-13 14:29:24,184 [INFO] backtest.engine: run_complete symbol=GOOG trades=15 entries=15 exits=15 buffer_blocks=0 persistence_blocks=0 delay_bars=0 costs_enabled=True
2025-10-13 14:29:24,187 [INFO] backtest.engine: run_complete symbol=META trades=17 entries=17 exits=17 buffer_blocks=0 persistence_blocks=0 delay_bars=0 costs_enabled=True
2025-10-13 14:29:24,188 [INFO] backtest.engine: run_complete symbol=AMZN trades=33 entries=33 exits=33 buffer_blocks=0 persistence_blocks=0 delay_bars=0 costs_enabled=True
2025-10-13 14:29:24,195 [INFO] backtest.engine: run_complete symbol=GOOG trades=27 entries=27 exits=27 buffer_blocks=0 persistence_blocks=0 delay_bars=0 costs_enabled=True
2025-10-13 14:29:24,195 [INFO] backtest.engine: run_complete symbol=META trades=16 entries=16 exits=16 buffer_blocks=0 persistence_blocks=0 delay_bars=0 costs_enabled=True
2025-10-13 14:29:24,197 [INFO] backtest.engine: run_complete symbol=GOOG trades=27 entries=27 exits=27 buffer_blocks=0 persistence_blocks=0 delay_bars=0 costs_enabled=True
2025-10-13 14:29:24,208 [INFO] backtest.engine: run_complete symbol=META trades=21 entries=21 exits=21 buffer_blocks=0 persistence_blocks=0 delay_bars=0 costs_enabled=True
2025-10-13 14:29:24,214 [INFO] backtest.engine: run_complete symbol=GOOG trades=33 entries=33 exits=33 buffer_blocks=0 persistence_blocks=0 delay_bars=0 costs_enabled=True
2025-10-13 14:29:24,216 [INFO] backtest.engine: run_complete symbol=AAPL trades=36 entries=36 exits=36 buffer_blocks=0 persistence_blocks=0 delay_bars=0 costs_enabled=True
2025-10-13 14:29:24,219 [INFO] backtest.engine: run_complete symbol=AAPL trades=39 entries=39 exits=39 buffer_blocks=0 persistence_blocks=0 delay_bars=0 costs_enabled=True
2025-10-13 14:29:24,220 [INFO] backtest.engine: run_complete symbol=META trades=27 entries=27 exits=27 buffer_blocks=0 persistence_blocks=0 delay_bars=0 costs_enabled=True
2025-10-13 14:29:24,225 [INFO] backtest.engine: run_complete symbol=META trades=38 entries=38 exits=38 buffer_blocks=0 persistence_blocks=0 delay_bars=0 costs_enabled=True
2025-10-13 14:29:24,228 [INFO] backtest.engine: run_complete symbol=AAPL trades=36 entries=36 exits=36 buffer_blocks=0 persistence_blocks=0 delay_bars=0 costs_enabled=True
2025-10-13 14:29:24,237 [INFO] backtest.engine: run_complete symbol=AAPL trades=33 entries=33 exits=33 buffer_blocks=0 persistence_blocks=0 delay_bars=0 costs_enabled=True
2025-10-13 14:29:24,240 [INFO] backtest.engine: run_complete symbol=META trades=33 entries=33 exits=33 buffer_blocks=0 persistence_blocks=0 delay_bars=0 costs_enabled=True
2025-10-13 14:29:24,260 [INFO] backtest.engine: run_complete symbol=MSFT trades=55 entries=55 exits=55 buffer_blocks=0 persistence_blocks=0 delay_bars=0 costs_enabled=True
2025-10-13 14:29:24,265 [INFO] backtest.engine: run_complete symbol=MSFT trades=63 entries=63 exits=63 buffer_blocks=0 persistence_blocks=0 delay_bars=0 costs_enabled=True
2025-10-13 14:29:24,271 [INFO] backtest.engine: run_complete symbol=MSFT trades=52 entries=52 exits=52 buffer_blocks=0 persistence_blocks=0 delay_bars=0 costs_enabled=True
2025-10-13 14:29:24,278 [INFO] backtest.engine: run_complete symbol=MSFT trades=42 entries=42 exits=42 buffer_blocks=0 persistence_blocks=0 delay_bars=0 costs_enabled=True
2025-10-13 14:29:24,299 [INFO] backtest.engine: run_complete symbol=AMZN trades=30 entries=30 exits=30 buffer_blocks=0 persistence_blocks=0 delay_bars=0 costs_enabled=True
2025-10-13 14:29:24,306 [INFO] backtest.engine: run_complete symbol=AMZN trades=40 entries=40 exits=40 buffer_blocks=0 persistence_blocks=0 delay_bars=0 costs_enabled=True
2025-10-13 14:29:24,309 [INFO] backtest.engine: run_complete symbol=AMZN trades=29 entries=29 exits=29 buffer_blocks=0 persistence_blocks=0 delay_bars=0 costs_enabled=True
2025-10-13 14:29:24,316 [INFO] backtest.engine: run_complete symbol=AMZN trades=20 entries=20 exits=20 buffer_blocks=0 persistence_blocks=0 delay_bars=0 costs_enabled=True
2025-10-13 14:29:24,343 [INFO] backtest.engine: run_complete symbol=GOOG trades=54 entries=54 exits=54 buffer_blocks=0 persistence_blocks=0 delay_bars=0 costs_enabled=True
2025-10-13 14:29:24,351 [INFO] backtest.engine: run_complete symbol=GOOG trades=58 entries=58 exits=58 buffer_blocks=0 persistence_blocks=0 delay_bars=0 costs_enabled=True
2025-10-13 14:29:24,351 [INFO] backtest.engine: run_complete symbol=GOOG trades=51 entries=51 exits=51 buffer_blocks=0 persistence_blocks=0 delay_bars=0 costs_enabled=True
2025-10-13 14:29:24,355 [INFO] backtest.engine: run_complete symbol=GOOG trades=32 entries=32 exits=32 buffer_blocks=0 persistence_blocks=0 delay_bars=0 costs_enabled=True
2025-10-13 14:29:24,387 [INFO] backtest.engine: run_complete symbol=META trades=51 entries=52 exits=51 buffer_blocks=0 persistence_blocks=0 delay_bars=0 costs_enabled=True
2025-10-13 14:29:24,394 [INFO] backtest.engine: run_complete symbol=META trades=50 entries=50 exits=50 buffer_blocks=0 persistence_blocks=0 delay_bars=0 costs_enabled=True
2025-10-13 14:29:24,395 [INFO] backtest.engine: run_complete symbol=META trades=32 entries=32 exits=32 buffer_blocks=0 persistence_blocks=0 delay_bars=0 costs_enabled=True
2025-10-13 14:29:24,396 [INFO] backtest.engine: run_complete symbol=META trades=62 entries=62 exits=62 buffer_blocks=0 persistence_blocks=0 delay_bars=0 costs_enabled=True
2025-10-13 14:29:24,414 [INFO] backtest.engine: run_complete symbol=AAPL trades=17 entries=17 exits=17 buffer_blocks=0 persistence_blocks=0 delay_bars=0 costs_enabled=True
2025-10-13 14:29:24,420 [INFO] backtest.engine: run_complete symbol=AAPL trades=14 entries=14 exits=14 buffer_blocks=0 persistence_blocks=0 delay_bars=0 costs_enabled=True
2025-10-13 14:29:24,420 [INFO] backtest.engine: run_complete symbol=AAPL trades=15 entries=15 exits=15 buffer_blocks=0 persistence_blocks=0 delay_bars=0 costs_enabled=True
2025-10-13 14:29:24,424 [INFO] backtest.engine: run_complete symbol=AAPL trades=24 entries=24 exits=24 buffer_blocks=0 persistence_blocks=0 delay_bars=0 costs_enabled=True
2025-10-13 14:29:24,437 [INFO] backtest.engine: run_complete symbol=MSFT trades=17 entries=17 exits=17 buffer_blocks=0 persistence_blocks=0 delay_bars=0 costs_enabled=True
2025-10-13 14:29:24,442 [INFO] backtest.engine: run_complete symbol=MSFT trades=16 entries=16 exits=16 buffer_blocks=0 persistence_blocks=0 delay_bars=0 costs_enabled=True
2025-10-13 14:29:24,442 [INFO] backtest.engine: run_complete symbol=MSFT trades=13 entries=13 exits=13 buffer_blocks=0 persistence_blocks=0 delay_bars=0 costs_enabled=True
2025-10-13 14:29:24,446 [INFO] backtest.engine: run_complete symbol=MSFT trades=16 entries=17 exits=16 buffer_blocks=0 persistence_blocks=0 delay_bars=0 costs_enabled=True
2025-10-13 14:29:24,461 [INFO] backtest.engine: run_complete symbol=AMZN trades=19 entries=19 exits=19 buffer_blocks=0 persistence_blocks=0 delay_bars=0 costs_enabled=True
2025-10-13 14:29:24,464 [INFO] backtest.engine: run_complete symbol=AMZN trades=18 entries=18 exits=18 buffer_blocks=0 persistence_blocks=0 delay_bars=0 costs_enabled=True
2025-10-13 14:29:24,464 [INFO] backtest.engine: run_complete symbol=AMZN trades=10 entries=10 exits=10 buffer_blocks=0 persistence_blocks=0 delay_bars=0 costs_enabled=True
2025-10-13 14:29:24,470 [INFO] backtest.engine: run_complete symbol=AMZN trades=24 entries=24 exits=24 buffer_blocks=0 persistence_blocks=0 delay_bars=0 costs_enabled=True
2025-10-13 14:29:24,485 [INFO] backtest.engine: run_complete symbol=GOOG trades=23 entries=23 exits=23 buffer_blocks=0 persistence_blocks=0 delay_bars=0 costs_enabled=True
2025-10-13 14:29:24,486 [INFO] backtest.engine: run_complete symbol=GOOG trades=13 entries=13 exits=13 buffer_blocks=0 persistence_blocks=0 delay_bars=0 costs_enabled=True
2025-10-13 14:29:24,488 [INFO] backtest.engine: run_complete symbol=GOOG trades=21 entries=21 exits=21 buffer_blocks=0 persistence_blocks=0 delay_bars=0 costs_enabled=True
2025-10-13 14:29:24,495 [INFO] backtest.engine: run_complete symbol=GOOG trades=31 entries=31 exits=31 buffer_blocks=0 persistence_blocks=0 delay_bars=0 costs_enabled=True
2025-10-13 14:29:24,509 [INFO] backtest.engine: run_complete symbol=META trades=29 entries=29 exits=29 buffer_blocks=0 persistence_blocks=0 delay_bars=0 costs_enabled=True
2025-10-13 14:29:24,510 [INFO] backtest.engine: run_complete symbol=META trades=29 entries=29 exits=29 buffer_blocks=0 persistence_blocks=0 delay_bars=0 costs_enabled=True
2025-10-13 14:29:24,512 [INFO] backtest.engine: run_complete symbol=META trades=29 entries=29 exits=29 buffer_blocks=0 persistence_blocks=0 delay_bars=0 costs_enabled=True
2025-10-13 14:29:24,521 [INFO] backtest.engine: run_complete symbol=META trades=30 entries=30 exits=30 buffer_blocks=0 persistence_blocks=0 delay_bars=0 costs_enabled=True
2025-10-13 14:29:25,172 [INFO] backtest.engine: run_complete symbol=AAPL trades=14 entries=14 exits=14 buffer_blocks=0 persistence_blocks=0 delay_bars=0 costs_enabled=True
2025-10-13 14:29:25,174 [INFO] backtest.engine: run_complete symbol=AAPL trades=26 entries=26 exits=26 buffer_blocks=0 persistence_blocks=0 delay_bars=0 costs_enabled=True
2025-10-13 14:29:25,183 [INFO] backtest.engine: run_complete symbol=AAPL trades=25 entries=25 exits=25 buffer_blocks=0 persistence_blocks=0 delay_bars=0 costs_enabled=True
2025-10-13 14:29:25,186 [INFO] backtest.engine: run_complete symbol=AAPL trades=42 entries=42 exits=42 buffer_blocks=0 persistence_blocks=0 delay_bars=0 costs_enabled=True
2025-10-13 14:29:25,192 [INFO] backtest.engine: run_complete symbol=AAPL trades=16 entries=16 exits=16 buffer_blocks=0 persistence_blocks=0 delay_bars=0 costs_enabled=True
2025-10-13 14:29:25,192 [INFO] backtest.engine: run_complete symbol=AAPL trades=26 entries=26 exits=26 buffer_blocks=0 persistence_blocks=0 delay_bars=0 costs_enabled=True
2025-10-13 14:29:25,192 [INFO] backtest.engine: run_complete symbol=AAPL trades=26 entries=26 exits=26 buffer_blocks=0 persistence_blocks=0 delay_bars=0 costs_enabled=True
2025-10-13 14:29:25,194 [INFO] backtest.engine: run_complete symbol=AAPL trades=18 entries=18 exits=18 buffer_blocks=0 persistence_blocks=0 delay_bars=0 costs_enabled=True
2025-10-13 14:29:25,211 [INFO] backtest.engine: run_complete symbol=MSFT trades=27 entries=27 exits=27 buffer_blocks=0 persistence_blocks=0 delay_bars=0 costs_enabled=True
2025-10-13 14:29:25,214 [INFO] backtest.engine: run_complete symbol=MSFT trades=31 entries=31 exits=31 buffer_blocks=0 persistence_blocks=0 delay_bars=0 costs_enabled=True
2025-10-13 14:29:25,223 [INFO] backtest.engine: run_complete symbol=MSFT trades=31 entries=31 exits=31 buffer_blocks=0 persistence_blocks=0 delay_bars=0 costs_enabled=True
2025-10-13 14:29:25,230 [INFO] backtest.engine: run_complete symbol=MSFT trades=64 entries=64 exits=64 buffer_blocks=0 persistence_blocks=0 delay_bars=0 costs_enabled=True
2025-10-13 14:29:25,232 [INFO] backtest.engine: run_complete symbol=MSFT trades=31 entries=31 exits=31 buffer_blocks=0 persistence_blocks=0 delay_bars=0 costs_enabled=True
2025-10-13 14:29:25,233 [INFO] backtest.engine: run_complete symbol=MSFT trades=23 entries=23 exits=23 buffer_blocks=0 persistence_blocks=0 delay_bars=0 costs_enabled=True
2025-10-13 14:29:25,233 [INFO] backtest.engine: run_complete symbol=MSFT trades=26 entries=26 exits=26 buffer_blocks=0 persistence_blocks=0 delay_bars=0 costs_enabled=True
2025-10-13 14:29:25,234 [INFO] backtest.engine: run_complete symbol=MSFT trades=39 entries=39 exits=39 buffer_blocks=0 persistence_blocks=0 delay_bars=0 costs_enabled=True
2025-10-13 14:29:25,247 [INFO] backtest.engine: run_complete symbol=AMZN trades=15 entries=15 exits=15 buffer_blocks=0 persistence_blocks=0 delay_bars=0 costs_enabled=True
2025-10-13 14:29:25,251 [INFO] backtest.engine: run_complete symbol=AMZN trades=23 entries=23 exits=23 buffer_blocks=0 persistence_blocks=0 delay_bars=0 costs_enabled=True
2025-10-13 14:29:25,261 [INFO] backtest.engine: run_complete symbol=AMZN trades=19 entries=20 exits=19 buffer_blocks=0 persistence_blocks=0 delay_bars=0 costs_enabled=True
2025-10-13 14:29:25,268 [INFO] backtest.engine: run_complete symbol=AMZN trades=19 entries=19 exits=19 buffer_blocks=0 persistence_blocks=0 delay_bars=0 costs_enabled=True
2025-10-13 14:29:25,268 [INFO] backtest.engine: run_complete symbol=AMZN trades=12 entries=12 exits=12 buffer_blocks=0 persistence_blocks=0 delay_bars=0 costs_enabled=True
2025-10-13 14:29:25,268 [INFO] backtest.engine: run_complete symbol=AMZN trades=14 entries=14 exits=14 buffer_blocks=0 persistence_blocks=0 delay_bars=0 costs_enabled=True
2025-10-13 14:29:25,269 [INFO] backtest.engine: run_complete symbol=AMZN trades=36 entries=36 exits=36 buffer_blocks=0 persistence_blocks=0 delay_bars=0 costs_enabled=True
2025-10-13 14:29:25,271 [INFO] backtest.engine: run_complete symbol=AMZN trades=20 entries=21 exits=20 buffer_blocks=0 persistence_blocks=0 delay_bars=0 costs_enabled=True
2025-10-13 14:29:25,284 [INFO] backtest.engine: run_complete symbol=GOOG trades=17 entries=17 exits=17 buffer_blocks=0 persistence_blocks=0 delay_bars=0 costs_enabled=True
2025-10-13 14:29:25,291 [INFO] backtest.engine: run_complete symbol=GOOG trades=30 entries=30 exits=30 buffer_blocks=0 persistence_blocks=0 delay_bars=0 costs_enabled=True
2025-10-13 14:29:25,300 [INFO] backtest.engine: run_complete symbol=GOOG trades=30 entries=30 exits=30 buffer_blocks=0 persistence_blocks=0 delay_bars=0 costs_enabled=True
2025-10-13 14:29:25,306 [INFO] backtest.engine: run_complete symbol=GOOG trades=22 entries=22 exits=22 buffer_blocks=0 persistence_blocks=0 delay_bars=0 costs_enabled=True
2025-10-13 14:29:25,307 [INFO] backtest.engine: run_complete symbol=GOOG trades=20 entries=20 exits=20 buffer_blocks=0 persistence_blocks=0 delay_bars=0 costs_enabled=True
2025-10-13 14:29:25,308 [INFO] backtest.engine: run_complete symbol=GOOG trades=31 entries=31 exits=31 buffer_blocks=0 persistence_blocks=0 delay_bars=0 costs_enabled=True
2025-10-13 14:29:25,310 [INFO] backtest.engine: run_complete symbol=GOOG trades=28 entries=28 exits=28 buffer_blocks=0 persistence_blocks=0 delay_bars=0 costs_enabled=True
2025-10-13 14:29:25,313 [INFO] backtest.engine: run_complete symbol=GOOG trades=59 entries=59 exits=59 buffer_blocks=0 persistence_blocks=0 delay_bars=0 costs_enabled=True
2025-10-13 14:29:25,321 [INFO] backtest.engine: run_complete symbol=META trades=20 entries=20 exits=20 buffer_blocks=0 persistence_blocks=0 delay_bars=0 costs_enabled=True
2025-10-13 14:29:25,329 [INFO] backtest.engine: run_complete symbol=META trades=24 entries=24 exits=24 buffer_blocks=0 persistence_blocks=0 delay_bars=0 costs_enabled=True
2025-10-13 14:29:25,341 [INFO] backtest.engine: run_complete symbol=META trades=32 entries=32 exits=32 buffer_blocks=0 persistence_blocks=0 delay_bars=0 costs_enabled=True
2025-10-13 14:29:25,343 [INFO] backtest.engine: run_complete symbol=META trades=21 entries=21 exits=21 buffer_blocks=0 persistence_blocks=0 delay_bars=0 costs_enabled=True
2025-10-13 14:29:25,346 [INFO] backtest.engine: run_complete symbol=AAPL trades=7 entries=7 exits=7 buffer_blocks=0 persistence_blocks=0 delay_bars=0 costs_enabled=True
2025-10-13 14:29:25,346 [INFO] backtest.engine: run_complete symbol=META trades=26 entries=26 exits=26 buffer_blocks=0 persistence_blocks=0 delay_bars=0 costs_enabled=True
2025-10-13 14:29:25,347 [INFO] backtest.engine: run_complete symbol=META trades=23 entries=23 exits=23 buffer_blocks=0 persistence_blocks=0 delay_bars=0 costs_enabled=True
2025-10-13 14:29:25,349 [INFO] backtest.engine: run_complete symbol=META trades=32 entries=32 exits=32 buffer_blocks=0 persistence_blocks=0 delay_bars=0 costs_enabled=True
2025-10-13 14:29:25,356 [INFO] backtest.engine: run_complete symbol=AAPL trades=14 entries=14 exits=14 buffer_blocks=0 persistence_blocks=0 delay_bars=0 costs_enabled=True
2025-10-13 14:29:25,358 [INFO] backtest.engine: run_complete symbol=META trades=60 entries=60 exits=60 buffer_blocks=0 persistence_blocks=0 delay_bars=0 costs_enabled=True
2025-10-13 14:29:25,367 [INFO] backtest.engine: run_complete symbol=AAPL trades=13 entries=13 exits=13 buffer_blocks=0 persistence_blocks=0 delay_bars=0 costs_enabled=True
2025-10-13 14:29:25,367 [INFO] backtest.engine: run_complete symbol=MSFT trades=9 entries=9 exits=9 buffer_blocks=0 persistence_blocks=0 delay_bars=0 costs_enabled=True
2025-10-13 14:29:25,367 [INFO] backtest.engine: run_complete symbol=AAPL trades=9 entries=9 exits=9 buffer_blocks=0 persistence_blocks=0 delay_bars=0 costs_enabled=True
2025-10-13 14:29:25,372 [INFO] backtest.engine: run_complete symbol=AAPL trades=8 entries=8 exits=8 buffer_blocks=0 persistence_blocks=0 delay_bars=0 costs_enabled=True
2025-10-13 14:29:25,373 [INFO] backtest.engine: run_complete symbol=AAPL trades=10 entries=10 exits=10 buffer_blocks=0 persistence_blocks=0 delay_bars=0 costs_enabled=True
2025-10-13 14:29:25,376 [INFO] backtest.engine: run_complete symbol=AAPL trades=13 entries=13 exits=13 buffer_blocks=0 persistence_blocks=0 delay_bars=0 costs_enabled=True
2025-10-13 14:29:25,380 [INFO] backtest.engine: run_complete symbol=MSFT trades=18 entries=18 exits=18 buffer_blocks=0 persistence_blocks=0 delay_bars=0 costs_enabled=True
2025-10-13 14:29:25,386 [INFO] backtest.engine: run_complete symbol=AAPL trades=21 entries=21 exits=21 buffer_blocks=0 persistence_blocks=0 delay_bars=0 costs_enabled=True
2025-10-13 14:29:25,388 [INFO] backtest.engine: run_complete symbol=AMZN trades=8 entries=8 exits=8 buffer_blocks=0 persistence_blocks=0 delay_bars=0 costs_enabled=True
2025-10-13 14:29:25,389 [INFO] backtest.engine: run_complete symbol=MSFT trades=9 entries=9 exits=9 buffer_blocks=0 persistence_blocks=0 delay_bars=0 costs_enabled=True
2025-10-13 14:29:25,389 [INFO] backtest.engine: run_complete symbol=MSFT trades=15 entries=15 exits=15 buffer_blocks=0 persistence_blocks=0 delay_bars=0 costs_enabled=True
2025-10-13 14:29:25,394 [INFO] backtest.engine: run_complete symbol=MSFT trades=7 entries=7 exits=7 buffer_blocks=0 persistence_blocks=0 delay_bars=0 costs_enabled=True
2025-10-13 14:29:25,396 [INFO] backtest.engine: run_complete symbol=MSFT trades=15 entries=15 exits=15 buffer_blocks=0 persistence_blocks=0 delay_bars=0 costs_enabled=True
2025-10-13 14:29:25,398 [INFO] backtest.engine: run_complete symbol=MSFT trades=11 entries=11 exits=11 buffer_blocks=0 persistence_blocks=0 delay_bars=0 costs_enabled=True
2025-10-13 14:29:25,403 [INFO] backtest.engine: run_complete symbol=AMZN trades=14 entries=14 exits=14 buffer_blocks=0 persistence_blocks=0 delay_bars=0 costs_enabled=True
2025-10-13 14:29:25,409 [INFO] backtest.engine: run_complete symbol=GOOG trades=6 entries=6 exits=6 buffer_blocks=0 persistence_blocks=0 delay_bars=0 costs_enabled=True
2025-10-13 14:29:25,410 [INFO] backtest.engine: run_complete symbol=MSFT trades=17 entries=17 exits=17 buffer_blocks=0 persistence_blocks=0 delay_bars=0 costs_enabled=True
2025-10-13 14:29:25,410 [INFO] backtest.engine: run_complete symbol=AMZN trades=9 entries=9 exits=9 buffer_blocks=0 persistence_blocks=0 delay_bars=0 costs_enabled=True
2025-10-13 14:29:25,411 [INFO] backtest.engine: run_complete symbol=AMZN trades=13 entries=13 exits=13 buffer_blocks=0 persistence_blocks=0 delay_bars=0 costs_enabled=True
2025-10-13 14:29:25,417 [INFO] backtest.engine: run_complete symbol=AMZN trades=10 entries=10 exits=10 buffer_blocks=0 persistence_blocks=0 delay_bars=0 costs_enabled=True
2025-10-13 14:29:25,418 [INFO] backtest.engine: run_complete symbol=AMZN trades=13 entries=13 exits=13 buffer_blocks=0 persistence_blocks=0 delay_bars=0 costs_enabled=True
2025-10-13 14:29:25,420 [INFO] backtest.engine: run_complete symbol=AMZN trades=13 entries=13 exits=13 buffer_blocks=0 persistence_blocks=0 delay_bars=0 costs_enabled=True
2025-10-13 14:29:25,426 [INFO] backtest.engine: run_complete symbol=GOOG trades=12 entries=12 exits=12 buffer_blocks=0 persistence_blocks=0 delay_bars=0 costs_enabled=True
2025-10-13 14:29:25,432 [INFO] backtest.engine: run_complete symbol=GOOG trades=9 entries=9 exits=9 buffer_blocks=0 persistence_blocks=0 delay_bars=0 costs_enabled=True
2025-10-13 14:29:25,432 [INFO] backtest.engine: run_complete symbol=GOOG trades=14 entries=14 exits=14 buffer_blocks=0 persistence_blocks=0 delay_bars=0 costs_enabled=True
2025-10-13 14:29:25,433 [INFO] backtest.engine: run_complete symbol=META trades=20 entries=20 exits=20 buffer_blocks=0 persistence_blocks=0 delay_bars=0 costs_enabled=True
2025-10-13 14:29:25,434 [INFO] backtest.engine: run_complete symbol=AMZN trades=24 entries=24 exits=24 buffer_blocks=0 persistence_blocks=0 delay_bars=0 costs_enabled=True
2025-10-13 14:29:25,440 [INFO] backtest.engine: run_complete symbol=GOOG trades=11 entries=11 exits=11 buffer_blocks=0 persistence_blocks=0 delay_bars=0 costs_enabled=True
2025-10-13 14:29:25,441 [INFO] backtest.engine: run_complete symbol=GOOG trades=14 entries=14 exits=14 buffer_blocks=0 persistence_blocks=0 delay_bars=0 costs_enabled=True
2025-10-13 14:29:25,443 [INFO] backtest.engine: run_complete symbol=GOOG trades=15 entries=15 exits=15 buffer_blocks=0 persistence_blocks=0 delay_bars=0 costs_enabled=True
2025-10-13 14:29:25,450 [INFO] backtest.engine: run_complete symbol=META trades=20 entries=20 exits=20 buffer_blocks=0 persistence_blocks=0 delay_bars=0 costs_enabled=True
2025-10-13 14:29:25,454 [INFO] backtest.engine: run_complete symbol=META trades=15 entries=15 exits=15 buffer_blocks=0 persistence_blocks=0 delay_bars=0 costs_enabled=True
2025-10-13 14:29:25,456 [INFO] backtest.engine: run_complete symbol=META trades=18 entries=18 exits=18 buffer_blocks=0 persistence_blocks=0 delay_bars=0 costs_enabled=True
2025-10-13 14:29:25,458 [INFO] backtest.engine: run_complete symbol=GOOG trades=29 entries=30 exits=29 buffer_blocks=0 persistence_blocks=0 delay_bars=0 costs_enabled=True
2025-10-13 14:29:25,464 [INFO] backtest.engine: run_complete symbol=META trades=13 entries=13 exits=13 buffer_blocks=0 persistence_blocks=0 delay_bars=0 costs_enabled=True
2025-10-13 14:29:25,465 [INFO] backtest.engine: run_complete symbol=META trades=20 entries=20 exits=20 buffer_blocks=0 persistence_blocks=0 delay_bars=0 costs_enabled=True
2025-10-13 14:29:25,468 [INFO] backtest.engine: run_complete symbol=META trades=19 entries=19 exits=19 buffer_blocks=0 persistence_blocks=0 delay_bars=0 costs_enabled=True
2025-10-13 14:29:25,474 [INFO] backtest.engine: run_complete symbol=AAPL trades=28 entries=28 exits=28 buffer_blocks=0 persistence_blocks=0 delay_bars=0 costs_enabled=True
2025-10-13 14:29:25,484 [INFO] backtest.engine: run_complete symbol=META trades=31 entries=31 exits=31 buffer_blocks=0 persistence_blocks=0 delay_bars=0 costs_enabled=True
2025-10-13 14:29:25,491 [INFO] backtest.engine: run_complete symbol=AAPL trades=25 entries=25 exits=25 buffer_blocks=0 persistence_blocks=0 delay_bars=0 costs_enabled=True
2025-10-13 14:29:25,496 [INFO] backtest.engine: run_complete symbol=AAPL trades=26 entries=26 exits=26 buffer_blocks=0 persistence_blocks=0 delay_bars=0 costs_enabled=True
2025-10-13 14:29:25,499 [INFO] backtest.engine: run_complete symbol=AAPL trades=36 entries=36 exits=36 buffer_blocks=0 persistence_blocks=0 delay_bars=0 costs_enabled=True
2025-10-13 14:29:25,505 [INFO] backtest.engine: run_complete symbol=AAPL trades=18 entries=18 exits=18 buffer_blocks=0 persistence_blocks=0 delay_bars=0 costs_enabled=True
2025-10-13 14:29:25,507 [INFO] backtest.engine: run_complete symbol=AAPL trades=31 entries=31 exits=31 buffer_blocks=0 persistence_blocks=0 delay_bars=0 costs_enabled=True
2025-10-13 14:29:25,511 [INFO] backtest.engine: run_complete symbol=AAPL trades=34 entries=34 exits=34 buffer_blocks=0 persistence_blocks=0 delay_bars=0 costs_enabled=True
2025-10-13 14:29:25,515 [INFO] backtest.engine: run_complete symbol=MSFT trades=35 entries=35 exits=35 buffer_blocks=0 persistence_blocks=0 delay_bars=0 costs_enabled=True
2025-10-13 14:29:25,528 [INFO] backtest.engine: run_complete symbol=AAPL trades=52 entries=52 exits=52 buffer_blocks=0 persistence_blocks=0 delay_bars=0 costs_enabled=True
2025-10-13 14:29:25,532 [INFO] backtest.engine: run_complete symbol=MSFT trades=32 entries=32 exits=32 buffer_blocks=0 persistence_blocks=0 delay_bars=0 costs_enabled=True
2025-10-13 14:29:25,538 [INFO] backtest.engine: run_complete symbol=MSFT trades=39 entries=39 exits=39 buffer_blocks=0 persistence_blocks=0 delay_bars=0 costs_enabled=True
2025-10-13 14:29:25,543 [INFO] backtest.engine: run_complete symbol=MSFT trades=53 entries=53 exits=53 buffer_blocks=0 persistence_blocks=0 delay_bars=0 costs_enabled=True
2025-10-13 14:29:25,544 [INFO] backtest.engine: run_complete symbol=MSFT trades=29 entries=29 exits=29 buffer_blocks=0 persistence_blocks=0 delay_bars=0 costs_enabled=True
2025-10-13 14:29:25,551 [INFO] backtest.engine: run_complete symbol=MSFT trades=46 entries=46 exits=46 buffer_blocks=0 persistence_blocks=0 delay_bars=0 costs_enabled=True
2025-10-13 14:29:25,553 [INFO] backtest.engine: run_complete symbol=MSFT trades=51 entries=51 exits=51 buffer_blocks=0 persistence_blocks=0 delay_bars=0 costs_enabled=True
2025-10-13 14:29:25,554 [INFO] backtest.engine: run_complete symbol=AMZN trades=24 entries=24 exits=24 buffer_blocks=0 persistence_blocks=0 delay_bars=0 costs_enabled=True
2025-10-13 14:29:25,571 [INFO] backtest.engine: run_complete symbol=AMZN trades=24 entries=24 exits=24 buffer_blocks=0 persistence_blocks=0 delay_bars=0 costs_enabled=True
2025-10-13 14:29:25,576 [INFO] backtest.engine: run_complete symbol=MSFT trades=75 entries=75 exits=75 buffer_blocks=0 persistence_blocks=0 delay_bars=0 costs_enabled=True
2025-10-13 14:29:25,579 [INFO] backtest.engine: run_complete symbol=AMZN trades=32 entries=32 exits=32 buffer_blocks=0 persistence_blocks=0 delay_bars=0 costs_enabled=True
2025-10-13 14:29:25,581 [INFO] backtest.engine: run_complete symbol=AMZN trades=19 entries=19 exits=19 buffer_blocks=0 persistence_blocks=0 delay_bars=0 costs_enabled=True
2025-10-13 14:29:25,581 [INFO] backtest.engine: run_complete symbol=AMZN trades=30 entries=30 exits=30 buffer_blocks=0 persistence_blocks=0 delay_bars=0 costs_enabled=True
2025-10-13 14:29:25,592 [INFO] backtest.engine: run_complete symbol=AMZN trades=27 entries=27 exits=27 buffer_blocks=0 persistence_blocks=0 delay_bars=0 costs_enabled=True
2025-10-13 14:29:25,592 [INFO] backtest.engine: run_complete symbol=AMZN trades=29 entries=29 exits=29 buffer_blocks=0 persistence_blocks=0 delay_bars=0 costs_enabled=True
2025-10-13 14:29:25,594 [INFO] backtest.engine: run_complete symbol=GOOG trades=31 entries=31 exits=31 buffer_blocks=0 persistence_blocks=0 delay_bars=0 costs_enabled=True
2025-10-13 14:29:25,611 [INFO] backtest.engine: run_complete symbol=GOOG trades=33 entries=33 exits=33 buffer_blocks=0 persistence_blocks=0 delay_bars=0 costs_enabled=True
2025-10-13 14:29:25,619 [INFO] backtest.engine: run_complete symbol=AMZN trades=53 entries=53 exits=53 buffer_blocks=0 persistence_blocks=0 delay_bars=0 costs_enabled=True
2025-10-13 14:29:25,620 [INFO] backtest.engine: run_complete symbol=GOOG trades=32 entries=32 exits=32 buffer_blocks=0 persistence_blocks=0 delay_bars=0 costs_enabled=True
2025-10-13 14:29:25,621 [INFO] backtest.engine: run_complete symbol=GOOG trades=28 entries=28 exits=28 buffer_blocks=0 persistence_blocks=0 delay_bars=0 costs_enabled=True
2025-10-13 14:29:25,625 [INFO] backtest.engine: run_complete symbol=GOOG trades=50 entries=50 exits=50 buffer_blocks=0 persistence_blocks=0 delay_bars=0 costs_enabled=True
2025-10-13 14:29:25,635 [INFO] backtest.engine: run_complete symbol=GOOG trades=38 entries=38 exits=38 buffer_blocks=0 persistence_blocks=0 delay_bars=0 costs_enabled=True
2025-10-13 14:29:25,636 [INFO] backtest.engine: run_complete symbol=GOOG trades=47 entries=47 exits=47 buffer_blocks=0 persistence_blocks=0 delay_bars=0 costs_enabled=True
2025-10-13 14:29:25,650 [INFO] backtest.engine: run_complete symbol=META trades=33 entries=33 exits=33 buffer_blocks=0 persistence_blocks=0 delay_bars=0 costs_enabled=True
2025-10-13 14:29:25,674 [INFO] backtest.engine: run_complete symbol=META trades=24 entries=24 exits=24 buffer_blocks=0 persistence_blocks=0 delay_bars=0 costs_enabled=True
2025-10-13 14:29:25,677 [INFO] backtest.engine: run_complete symbol=AAPL trades=12 entries=12 exits=12 buffer_blocks=0 persistence_blocks=0 delay_bars=0 costs_enabled=True
2025-10-13 14:29:25,685 [INFO] backtest.engine: run_complete symbol=META trades=26 entries=26 exits=26 buffer_blocks=0 persistence_blocks=0 delay_bars=0 costs_enabled=True
2025-10-13 14:29:25,685 [INFO] backtest.engine: run_complete symbol=META trades=28 entries=28 exits=28 buffer_blocks=0 persistence_blocks=0 delay_bars=0 costs_enabled=True
2025-10-13 14:29:25,685 [INFO] backtest.engine: run_complete symbol=META trades=50 entries=50 exits=50 buffer_blocks=0 persistence_blocks=0 delay_bars=0 costs_enabled=True
2025-10-13 14:29:25,688 [INFO] backtest.engine: run_complete symbol=GOOG trades=69 entries=69 exits=69 buffer_blocks=0 persistence_blocks=0 delay_bars=0 costs_enabled=True
2025-10-13 14:29:25,698 [INFO] backtest.engine: run_complete symbol=META trades=49 entries=49 exits=49 buffer_blocks=0 persistence_blocks=0 delay_bars=0 costs_enabled=True
2025-10-13 14:29:25,698 [INFO] backtest.engine: run_complete symbol=MSFT trades=12 entries=12 exits=12 buffer_blocks=0 persistence_blocks=0 delay_bars=0 costs_enabled=True
2025-10-13 14:29:25,699 [INFO] backtest.engine: run_complete symbol=AAPL trades=11 entries=11 exits=11 buffer_blocks=0 persistence_blocks=0 delay_bars=0 costs_enabled=True
2025-10-13 14:29:25,700 [INFO] backtest.engine: run_complete symbol=META trades=34 entries=34 exits=34 buffer_blocks=0 persistence_blocks=0 delay_bars=0 costs_enabled=True
2025-10-13 14:29:25,710 [INFO] backtest.engine: run_complete symbol=AAPL trades=10 entries=10 exits=10 buffer_blocks=0 persistence_blocks=0 delay_bars=0 costs_enabled=True
2025-10-13 14:29:25,710 [INFO] backtest.engine: run_complete symbol=AAPL trades=14 entries=14 exits=14 buffer_blocks=0 persistence_blocks=0 delay_bars=0 costs_enabled=True
2025-10-13 14:29:25,710 [INFO] backtest.engine: run_complete symbol=AAPL trades=14 entries=14 exits=14 buffer_blocks=0 persistence_blocks=0 delay_bars=0 costs_enabled=True
2025-10-13 14:29:25,720 [INFO] backtest.engine: run_complete symbol=AMZN trades=13 entries=13 exits=13 buffer_blocks=0 persistence_blocks=0 delay_bars=0 costs_enabled=True
2025-10-13 14:29:25,720 [INFO] backtest.engine: run_complete symbol=MSFT trades=8 entries=8 exits=8 buffer_blocks=0 persistence_blocks=0 delay_bars=0 costs_enabled=True
2025-10-13 14:29:25,723 [INFO] backtest.engine: run_complete symbol=AAPL trades=13 entries=13 exits=13 buffer_blocks=0 persistence_blocks=0 delay_bars=0 costs_enabled=True
2025-10-13 14:29:25,728 [INFO] backtest.engine: run_complete symbol=AAPL trades=19 entries=19 exits=19 buffer_blocks=0 persistence_blocks=0 delay_bars=0 costs_enabled=True
2025-10-13 14:29:25,731 [INFO] backtest.engine: run_complete symbol=MSFT trades=7 entries=7 exits=7 buffer_blocks=0 persistence_blocks=0 delay_bars=0 costs_enabled=True
2025-10-13 14:29:25,732 [INFO] backtest.engine: run_complete symbol=MSFT trades=12 entries=12 exits=12 buffer_blocks=0 persistence_blocks=0 delay_bars=0 costs_enabled=True
2025-10-13 14:29:25,733 [INFO] backtest.engine: run_complete symbol=MSFT trades=17 entries=17 exits=17 buffer_blocks=0 persistence_blocks=0 delay_bars=0 costs_enabled=True
2025-10-13 14:29:25,734 [INFO] backtest.engine: run_complete symbol=META trades=64 entries=64 exits=64 buffer_blocks=0 persistence_blocks=0 delay_bars=0 costs_enabled=True
2025-10-13 14:29:25,742 [INFO] backtest.engine: run_complete symbol=AMZN trades=12 entries=12 exits=12 buffer_blocks=0 persistence_blocks=0 delay_bars=0 costs_enabled=True
2025-10-13 14:29:25,742 [INFO] backtest.engine: run_complete symbol=GOOG trades=16 entries=16 exits=16 buffer_blocks=0 persistence_blocks=0 delay_bars=0 costs_enabled=True
2025-10-13 14:29:25,746 [INFO] backtest.engine: run_complete symbol=MSFT trades=16 entries=16 exits=16 buffer_blocks=0 persistence_blocks=0 delay_bars=0 costs_enabled=True
2025-10-13 14:29:25,751 [INFO] backtest.engine: run_complete symbol=MSFT trades=14 entries=14 exits=14 buffer_blocks=0 persistence_blocks=0 delay_bars=0 costs_enabled=True
2025-10-13 14:29:25,754 [INFO] backtest.engine: run_complete symbol=AMZN trades=15 entries=15 exits=15 buffer_blocks=0 persistence_blocks=0 delay_bars=0 costs_enabled=True
2025-10-13 14:29:25,755 [INFO] backtest.engine: run_complete symbol=AMZN trades=14 entries=14 exits=14 buffer_blocks=0 persistence_blocks=0 delay_bars=0 costs_enabled=True
2025-10-13 14:29:25,756 [INFO] backtest.engine: run_complete symbol=AMZN trades=19 entries=19 exits=19 buffer_blocks=0 persistence_blocks=0 delay_bars=0 costs_enabled=True
2025-10-13 14:29:25,762 [INFO] backtest.engine: run_complete symbol=AAPL trades=29 entries=29 exits=29 buffer_blocks=0 persistence_blocks=0 delay_bars=0 costs_enabled=True
2025-10-13 14:29:25,763 [INFO] backtest.engine: run_complete symbol=GOOG trades=17 entries=17 exits=17 buffer_blocks=0 persistence_blocks=0 delay_bars=0 costs_enabled=True
2025-10-13 14:29:25,767 [INFO] backtest.engine: run_complete symbol=META trades=21 entries=21 exits=21 buffer_blocks=0 persistence_blocks=0 delay_bars=0 costs_enabled=True
2025-10-13 14:29:25,770 [INFO] backtest.engine: run_complete symbol=AMZN trades=18 entries=18 exits=18 buffer_blocks=0 persistence_blocks=0 delay_bars=0 costs_enabled=True
2025-10-13 14:29:25,775 [INFO] backtest.engine: run_complete symbol=AMZN trades=17 entries=17 exits=17 buffer_blocks=0 persistence_blocks=0 delay_bars=0 costs_enabled=True
2025-10-13 14:29:25,776 [INFO] backtest.engine: run_complete symbol=GOOG trades=15 entries=15 exits=15 buffer_blocks=0 persistence_blocks=0 delay_bars=0 costs_enabled=True
2025-10-13 14:29:25,778 [INFO] backtest.engine: run_complete symbol=GOOG trades=15 entries=15 exits=15 buffer_blocks=0 persistence_blocks=0 delay_bars=0 costs_enabled=True
2025-10-13 14:29:25,780 [INFO] backtest.engine: run_complete symbol=GOOG trades=21 entries=21 exits=21 buffer_blocks=0 persistence_blocks=0 delay_bars=0 costs_enabled=True
2025-10-13 14:29:25,786 [INFO] backtest.engine: run_complete symbol=MSFT trades=19 entries=19 exits=19 buffer_blocks=0 persistence_blocks=0 delay_bars=0 costs_enabled=True
2025-10-13 14:29:25,787 [INFO] backtest.engine: run_complete symbol=META trades=16 entries=16 exits=16 buffer_blocks=0 persistence_blocks=0 delay_bars=0 costs_enabled=True
2025-10-13 14:29:25,793 [INFO] backtest.engine: run_complete symbol=GOOG trades=21 entries=21 exits=21 buffer_blocks=0 persistence_blocks=0 delay_bars=0 costs_enabled=True
2025-10-13 14:29:25,799 [INFO] backtest.engine: run_complete symbol=META trades=16 entries=16 exits=16 buffer_blocks=0 persistence_blocks=0 delay_bars=0 costs_enabled=True
2025-10-13 14:29:25,800 [INFO] backtest.engine: run_complete symbol=GOOG trades=17 entries=17 exits=17 buffer_blocks=0 persistence_blocks=0 delay_bars=0 costs_enabled=True
2025-10-13 14:29:25,801 [INFO] backtest.engine: run_complete symbol=META trades=17 entries=17 exits=17 buffer_blocks=0 persistence_blocks=0 delay_bars=0 costs_enabled=True
2025-10-13 14:29:25,805 [INFO] backtest.engine: run_complete symbol=META trades=29 entries=29 exits=29 buffer_blocks=0 persistence_blocks=0 delay_bars=0 costs_enabled=True
2025-10-13 14:29:25,808 [INFO] backtest.engine: run_complete symbol=AAPL trades=29 entries=29 exits=29 buffer_blocks=0 persistence_blocks=0 delay_bars=0 costs_enabled=True
2025-10-13 14:29:25,812 [INFO] backtest.engine: run_complete symbol=AMZN trades=33 entries=33 exits=33 buffer_blocks=0 persistence_blocks=0 delay_bars=0 costs_enabled=True
2025-10-13 14:29:25,819 [INFO] backtest.engine: run_complete symbol=META trades=29 entries=29 exits=29 buffer_blocks=0 persistence_blocks=0 delay_bars=0 costs_enabled=True
2025-10-13 14:29:25,825 [INFO] backtest.engine: run_complete symbol=META trades=17 entries=17 exits=17 buffer_blocks=0 persistence_blocks=0 delay_bars=0 costs_enabled=True
2025-10-13 14:29:25,827 [INFO] backtest.engine: run_complete symbol=AAPL trades=23 entries=23 exits=23 buffer_blocks=0 persistence_blocks=0 delay_bars=0 costs_enabled=True
2025-10-13 14:29:25,837 [INFO] backtest.engine: run_complete symbol=AAPL trades=17 entries=17 exits=17 buffer_blocks=0 persistence_blocks=0 delay_bars=0 costs_enabled=True
2025-10-13 14:29:25,838 [INFO] backtest.engine: run_complete symbol=GOOG trades=33 entries=33 exits=33 buffer_blocks=0 persistence_blocks=0 delay_bars=0 costs_enabled=True
2025-10-13 14:29:25,844 [INFO] backtest.engine: run_complete symbol=AAPL trades=39 entries=39 exits=39 buffer_blocks=0 persistence_blocks=0 delay_bars=0 costs_enabled=True
2025-10-13 14:29:25,850 [INFO] backtest.engine: run_complete symbol=MSFT trades=38 entries=38 exits=38 buffer_blocks=0 persistence_blocks=0 delay_bars=0 costs_enabled=True
2025-10-13 14:29:25,863 [INFO] backtest.engine: run_complete symbol=META trades=32 entries=32 exits=32 buffer_blocks=0 persistence_blocks=0 delay_bars=0 costs_enabled=True
2025-10-13 14:29:25,868 [INFO] backtest.engine: run_complete symbol=MSFT trades=38 entries=38 exits=38 buffer_blocks=0 persistence_blocks=0 delay_bars=0 costs_enabled=True
2025-10-13 14:29:25,877 [INFO] backtest.engine: run_complete symbol=MSFT trades=28 entries=28 exits=28 buffer_blocks=0 persistence_blocks=0 delay_bars=0 costs_enabled=True
2025-10-13 14:29:25,889 [INFO] backtest.engine: run_complete symbol=AMZN trades=26 entries=26 exits=26 buffer_blocks=0 persistence_blocks=0 delay_bars=0 costs_enabled=True
2025-10-13 14:29:25,889 [INFO] backtest.engine: run_complete symbol=MSFT trades=63 entries=63 exits=63 buffer_blocks=0 persistence_blocks=0 delay_bars=0 costs_enabled=True
2025-10-13 14:29:25,907 [INFO] backtest.engine: run_complete symbol=AMZN trades=22 entries=22 exits=22 buffer_blocks=0 persistence_blocks=0 delay_bars=0 costs_enabled=True
2025-10-13 14:29:25,913 [INFO] backtest.engine: run_complete symbol=AMZN trades=14 entries=14 exits=14 buffer_blocks=0 persistence_blocks=0 delay_bars=0 costs_enabled=True
2025-10-13 14:29:25,929 [INFO] backtest.engine: run_complete symbol=AMZN trades=40 entries=40 exits=40 buffer_blocks=0 persistence_blocks=0 delay_bars=0 costs_enabled=True
2025-10-13 14:29:25,929 [INFO] backtest.engine: run_complete symbol=GOOG trades=32 entries=32 exits=32 buffer_blocks=0 persistence_blocks=0 delay_bars=0 costs_enabled=True
2025-10-13 14:29:25,947 [INFO] backtest.engine: run_complete symbol=GOOG trades=34 entries=34 exits=34 buffer_blocks=0 persistence_blocks=0 delay_bars=0 costs_enabled=True
2025-10-13 14:29:25,951 [INFO] backtest.engine: run_complete symbol=GOOG trades=23 entries=23 exits=23 buffer_blocks=0 persistence_blocks=0 delay_bars=0 costs_enabled=True
2025-10-13 14:29:25,969 [INFO] backtest.engine: run_complete symbol=META trades=31 entries=31 exits=31 buffer_blocks=0 persistence_blocks=0 delay_bars=0 costs_enabled=True
2025-10-13 14:29:25,972 [INFO] backtest.engine: run_complete symbol=GOOG trades=58 entries=58 exits=58 buffer_blocks=0 persistence_blocks=0 delay_bars=0 costs_enabled=True
2025-10-13 14:29:25,988 [INFO] backtest.engine: run_complete symbol=META trades=36 entries=36 exits=36 buffer_blocks=0 persistence_blocks=0 delay_bars=0 costs_enabled=True
2025-10-13 14:29:25,989 [INFO] backtest.engine: run_complete symbol=META trades=23 entries=23 exits=23 buffer_blocks=0 persistence_blocks=0 delay_bars=0 costs_enabled=True
2025-10-13 14:29:25,997 [INFO] backtest.engine: run_complete symbol=AAPL trades=18 entries=18 exits=18 buffer_blocks=0 persistence_blocks=0 delay_bars=0 costs_enabled=True
2025-10-13 14:29:26,014 [INFO] backtest.engine: run_complete symbol=AAPL trades=10 entries=10 exits=10 buffer_blocks=0 persistence_blocks=0 delay_bars=0 costs_enabled=True
2025-10-13 14:29:26,014 [INFO] backtest.engine: run_complete symbol=AAPL trades=13 entries=13 exits=13 buffer_blocks=0 persistence_blocks=0 delay_bars=0 costs_enabled=True
2025-10-13 14:29:26,018 [INFO] backtest.engine: run_complete symbol=META trades=62 entries=62 exits=62 buffer_blocks=0 persistence_blocks=0 delay_bars=0 costs_enabled=True
2025-10-13 14:29:26,018 [INFO] backtest.engine: run_complete symbol=MSFT trades=10 entries=10 exits=10 buffer_blocks=0 persistence_blocks=0 delay_bars=0 costs_enabled=True
2025-10-13 14:29:26,035 [INFO] backtest.engine: run_complete symbol=MSFT trades=8 entries=8 exits=8 buffer_blocks=0 persistence_blocks=0 delay_bars=0 costs_enabled=True
2025-10-13 14:29:26,036 [INFO] backtest.engine: run_complete symbol=MSFT trades=10 entries=10 exits=10 buffer_blocks=0 persistence_blocks=0 delay_bars=0 costs_enabled=True
2025-10-13 14:29:26,040 [INFO] backtest.engine: run_complete symbol=AMZN trades=14 entries=14 exits=14 buffer_blocks=0 persistence_blocks=0 delay_bars=0 costs_enabled=True
2025-10-13 14:29:26,044 [INFO] backtest.engine: run_complete symbol=AAPL trades=24 entries=24 exits=24 buffer_blocks=0 persistence_blocks=0 delay_bars=0 costs_enabled=True
2025-10-13 14:29:26,057 [INFO] backtest.engine: run_complete symbol=AMZN trades=11 entries=11 exits=11 buffer_blocks=0 persistence_blocks=0 delay_bars=0 costs_enabled=True
2025-10-13 14:29:26,057 [INFO] backtest.engine: run_complete symbol=AMZN trades=15 entries=15 exits=15 buffer_blocks=0 persistence_blocks=0 delay_bars=0 costs_enabled=True
2025-10-13 14:29:26,063 [INFO] backtest.engine: run_complete symbol=GOOG trades=17 entries=17 exits=17 buffer_blocks=0 persistence_blocks=0 delay_bars=0 costs_enabled=True
2025-10-13 14:29:26,066 [INFO] backtest.engine: run_complete symbol=MSFT trades=16 entries=17 exits=16 buffer_blocks=0 persistence_blocks=0 delay_bars=0 costs_enabled=True
2025-10-13 14:29:26,079 [INFO] backtest.engine: run_complete symbol=GOOG trades=12 entries=12 exits=12 buffer_blocks=0 persistence_blocks=0 delay_bars=0 costs_enabled=True
2025-10-13 14:29:26,080 [INFO] backtest.engine: run_complete symbol=GOOG trades=19 entries=19 exits=19 buffer_blocks=0 persistence_blocks=0 delay_bars=0 costs_enabled=True
2025-10-13 14:29:26,086 [INFO] backtest.engine: run_complete symbol=META trades=16 entries=16 exits=16 buffer_blocks=0 persistence_blocks=0 delay_bars=0 costs_enabled=True
2025-10-13 14:29:26,090 [INFO] backtest.engine: run_complete symbol=AMZN trades=24 entries=24 exits=24 buffer_blocks=0 persistence_blocks=0 delay_bars=0 costs_enabled=True
2025-10-13 14:29:26,101 [INFO] backtest.engine: run_complete symbol=META trades=16 entries=16 exits=16 buffer_blocks=0 persistence_blocks=0 delay_bars=0 costs_enabled=True
2025-10-13 14:29:26,103 [INFO] backtest.engine: run_complete symbol=META trades=21 entries=21 exits=21 buffer_blocks=0 persistence_blocks=0 delay_bars=0 costs_enabled=True
2025-10-13 14:29:26,114 [INFO] backtest.engine: run_complete symbol=GOOG trades=31 entries=31 exits=31 buffer_blocks=0 persistence_blocks=0 delay_bars=0 costs_enabled=True
2025-10-13 14:29:26,139 [INFO] backtest.engine: run_complete symbol=META trades=30 entries=30 exits=30 buffer_blocks=0 persistence_blocks=0 delay_bars=0 costs_enabled=True
2025-10-13 14:29:26,800 [INFO] backtest.engine: run_complete symbol=AAPL trades=27 entries=27 exits=27 buffer_blocks=0 persistence_blocks=0 delay_bars=0 costs_enabled=True
2025-10-13 14:29:26,803 [INFO] backtest.engine: run_complete symbol=AAPL trades=29 entries=29 exits=29 buffer_blocks=0 persistence_blocks=0 delay_bars=0 costs_enabled=True
2025-10-13 14:29:26,803 [INFO] backtest.engine: run_complete symbol=AAPL trades=28 entries=28 exits=28 buffer_blocks=0 persistence_blocks=0 delay_bars=0 costs_enabled=True
2025-10-13 14:29:26,805 [INFO] backtest.engine: run_complete symbol=AAPL trades=26 entries=26 exits=26 buffer_blocks=0 persistence_blocks=0 delay_bars=0 costs_enabled=True
2025-10-13 14:29:26,810 [INFO] backtest.engine: run_complete symbol=AAPL trades=18 entries=18 exits=18 buffer_blocks=0 persistence_blocks=0 delay_bars=0 costs_enabled=True
2025-10-13 14:29:26,812 [INFO] backtest.engine: run_complete symbol=AAPL trades=34 entries=34 exits=34 buffer_blocks=0 persistence_blocks=0 delay_bars=0 costs_enabled=True
2025-10-13 14:29:26,816 [INFO] backtest.engine: run_complete symbol=AAPL trades=23 entries=23 exits=23 buffer_blocks=0 persistence_blocks=0 delay_bars=0 costs_enabled=True
2025-10-13 14:29:26,818 [INFO] backtest.engine: run_complete symbol=AAPL trades=34 entries=34 exits=34 buffer_blocks=0 persistence_blocks=0 delay_bars=0 costs_enabled=True
2025-10-13 14:29:26,842 [INFO] backtest.engine: run_complete symbol=MSFT trades=43 entries=43 exits=43 buffer_blocks=0 persistence_blocks=0 delay_bars=0 costs_enabled=True
2025-10-13 14:29:26,843 [INFO] backtest.engine: run_complete symbol=MSFT trades=32 entries=32 exits=32 buffer_blocks=0 persistence_blocks=0 delay_bars=0 costs_enabled=True
2025-10-13 14:29:26,847 [INFO] backtest.engine: run_complete symbol=MSFT trades=44 entries=44 exits=44 buffer_blocks=0 persistence_blocks=0 delay_bars=0 costs_enabled=True
2025-10-13 14:29:26,847 [INFO] backtest.engine: run_complete symbol=MSFT trades=43 entries=43 exits=43 buffer_blocks=0 persistence_blocks=0 delay_bars=0 costs_enabled=True
2025-10-13 14:29:26,849 [INFO] backtest.engine: run_complete symbol=MSFT trades=25 entries=25 exits=25 buffer_blocks=0 persistence_blocks=0 delay_bars=0 costs_enabled=True
2025-10-13 14:29:26,856 [INFO] backtest.engine: run_complete symbol=MSFT trades=51 entries=51 exits=51 buffer_blocks=0 persistence_blocks=0 delay_bars=0 costs_enabled=True
2025-10-13 14:29:26,856 [INFO] backtest.engine: run_complete symbol=MSFT trades=29 entries=29 exits=29 buffer_blocks=0 persistence_blocks=0 delay_bars=0 costs_enabled=True
2025-10-13 14:29:26,860 [INFO] backtest.engine: run_complete symbol=MSFT trades=47 entries=47 exits=47 buffer_blocks=0 persistence_blocks=0 delay_bars=0 costs_enabled=True
2025-10-13 14:29:26,881 [INFO] backtest.engine: run_complete symbol=AMZN trades=19 entries=20 exits=19 buffer_blocks=0 persistence_blocks=0 delay_bars=0 costs_enabled=True
2025-10-13 14:29:26,882 [INFO] backtest.engine: run_complete symbol=AMZN trades=32 entries=32 exits=32 buffer_blocks=0 persistence_blocks=0 delay_bars=0 costs_enabled=True
2025-10-13 14:29:26,886 [INFO] backtest.engine: run_complete symbol=AMZN trades=25 entries=25 exits=25 buffer_blocks=0 persistence_blocks=0 delay_bars=0 costs_enabled=True
2025-10-13 14:29:26,887 [INFO] backtest.engine: run_complete symbol=AMZN trades=16 entries=16 exits=16 buffer_blocks=0 persistence_blocks=0 delay_bars=0 costs_enabled=True
2025-10-13 14:29:26,888 [INFO] backtest.engine: run_complete symbol=AMZN trades=36 entries=36 exits=36 buffer_blocks=0 persistence_blocks=0 delay_bars=0 costs_enabled=True
2025-10-13 14:29:26,894 [INFO] backtest.engine: run_complete symbol=AMZN trades=28 entries=28 exits=28 buffer_blocks=0 persistence_blocks=0 delay_bars=0 costs_enabled=True
2025-10-13 14:29:26,895 [INFO] backtest.engine: run_complete symbol=AMZN trades=21 entries=21 exits=21 buffer_blocks=0 persistence_blocks=0 delay_bars=0 costs_enabled=True
2025-10-13 14:29:26,899 [INFO] backtest.engine: run_complete symbol=AMZN trades=28 entries=28 exits=28 buffer_blocks=0 persistence_blocks=0 delay_bars=0 costs_enabled=True
2025-10-13 14:29:26,921 [INFO] backtest.engine: run_complete symbol=GOOG trades=30 entries=30 exits=30 buffer_blocks=0 persistence_blocks=0 delay_bars=0 costs_enabled=True
2025-10-13 14:29:26,924 [INFO] backtest.engine: run_complete symbol=GOOG trades=36 entries=36 exits=36 buffer_blocks=0 persistence_blocks=0 delay_bars=0 costs_enabled=True
2025-10-13 14:29:26,926 [INFO] backtest.engine: run_complete symbol=GOOG trades=31 entries=31 exits=31 buffer_blocks=0 persistence_blocks=0 delay_bars=0 costs_enabled=True
2025-10-13 14:29:26,926 [INFO] backtest.engine: run_complete symbol=GOOG trades=27 entries=27 exits=27 buffer_blocks=0 persistence_blocks=0 delay_bars=0 costs_enabled=True
2025-10-13 14:29:26,929 [INFO] backtest.engine: run_complete symbol=GOOG trades=33 entries=33 exits=33 buffer_blocks=0 persistence_blocks=0 delay_bars=0 costs_enabled=True
2025-10-13 14:29:26,933 [INFO] backtest.engine: run_complete symbol=GOOG trades=25 entries=25 exits=25 buffer_blocks=0 persistence_blocks=0 delay_bars=0 costs_enabled=True
2025-10-13 14:29:26,937 [INFO] backtest.engine: run_complete symbol=GOOG trades=47 entries=47 exits=47 buffer_blocks=0 persistence_blocks=0 delay_bars=0 costs_enabled=True
2025-10-13 14:29:26,941 [INFO] backtest.engine: run_complete symbol=GOOG trades=46 entries=46 exits=46 buffer_blocks=0 persistence_blocks=0 delay_bars=0 costs_enabled=True
2025-10-13 14:29:26,961 [INFO] backtest.engine: run_complete symbol=META trades=32 entries=32 exits=32 buffer_blocks=0 persistence_blocks=0 delay_bars=0 costs_enabled=True
2025-10-13 14:29:26,964 [INFO] backtest.engine: run_complete symbol=META trades=33 entries=33 exits=33 buffer_blocks=0 persistence_blocks=0 delay_bars=0 costs_enabled=True
2025-10-13 14:29:26,964 [INFO] backtest.engine: run_complete symbol=META trades=27 entries=27 exits=27 buffer_blocks=0 persistence_blocks=0 delay_bars=0 costs_enabled=True
2025-10-13 14:29:26,966 [INFO] backtest.engine: run_complete symbol=META trades=35 entries=35 exits=35 buffer_blocks=0 persistence_blocks=0 delay_bars=0 costs_enabled=True
2025-10-13 14:29:26,970 [INFO] backtest.engine: run_complete symbol=META trades=29 entries=29 exits=29 buffer_blocks=0 persistence_blocks=0 delay_bars=0 costs_enabled=True
2025-10-13 14:29:26,972 [INFO] backtest.engine: run_complete symbol=META trades=28 entries=28 exits=28 buffer_blocks=0 persistence_blocks=0 delay_bars=0 costs_enabled=True
2025-10-13 14:29:26,980 [INFO] backtest.engine: run_complete symbol=META trades=49 entries=49 exits=49 buffer_blocks=0 persistence_blocks=0 delay_bars=0 costs_enabled=True
2025-10-13 14:29:26,982 [INFO] backtest.engine: run_complete symbol=META trades=45 entries=45 exits=45 buffer_blocks=0 persistence_blocks=0 delay_bars=0 costs_enabled=True
2025-10-13 14:29:26,986 [INFO] backtest.engine: run_complete symbol=AAPL trades=13 entries=13 exits=13 buffer_blocks=0 persistence_blocks=0 delay_bars=0 costs_enabled=True
2025-10-13 14:29:26,990 [INFO] backtest.engine: run_complete symbol=AAPL trades=14 entries=14 exits=14 buffer_blocks=0 persistence_blocks=0 delay_bars=0 costs_enabled=True
2025-10-13 14:29:26,991 [INFO] backtest.engine: run_complete symbol=AAPL trades=12 entries=12 exits=12 buffer_blocks=0 persistence_blocks=0 delay_bars=0 costs_enabled=True
2025-10-13 14:29:26,992 [INFO] backtest.engine: run_complete symbol=AAPL trades=13 entries=13 exits=13 buffer_blocks=0 persistence_blocks=0 delay_bars=0 costs_enabled=True
2025-10-13 14:29:26,997 [INFO] backtest.engine: run_complete symbol=AAPL trades=15 entries=15 exits=15 buffer_blocks=0 persistence_blocks=0 delay_bars=0 costs_enabled=True
2025-10-13 14:29:26,997 [INFO] backtest.engine: run_complete symbol=AAPL trades=13 entries=13 exits=13 buffer_blocks=0 persistence_blocks=0 delay_bars=0 costs_enabled=True
2025-10-13 14:29:27,005 [INFO] backtest.engine: run_complete symbol=AAPL trades=13 entries=13 exits=13 buffer_blocks=0 persistence_blocks=0 delay_bars=0 costs_enabled=True
2025-10-13 14:29:27,007 [INFO] backtest.engine: run_complete symbol=AAPL trades=15 entries=15 exits=15 buffer_blocks=0 persistence_blocks=0 delay_bars=0 costs_enabled=True
2025-10-13 14:29:27,009 [INFO] backtest.engine: run_complete symbol=MSFT trades=15 entries=15 exits=15 buffer_blocks=0 persistence_blocks=0 delay_bars=0 costs_enabled=True
2025-10-13 14:29:27,012 [INFO] backtest.engine: run_complete symbol=MSFT trades=12 entries=12 exits=12 buffer_blocks=0 persistence_blocks=0 delay_bars=0 costs_enabled=True
2025-10-13 14:29:27,013 [INFO] backtest.engine: run_complete symbol=MSFT trades=11 entries=11 exits=11 buffer_blocks=0 persistence_blocks=0 delay_bars=0 costs_enabled=True
2025-10-13 14:29:27,014 [INFO] backtest.engine: run_complete symbol=MSFT trades=13 entries=13 exits=13 buffer_blocks=0 persistence_blocks=0 delay_bars=0 costs_enabled=True
2025-10-13 14:29:27,019 [INFO] backtest.engine: run_complete symbol=MSFT trades=11 entries=11 exits=11 buffer_blocks=0 persistence_blocks=0 delay_bars=0 costs_enabled=True
2025-10-13 14:29:27,020 [INFO] backtest.engine: run_complete symbol=MSFT trades=13 entries=13 exits=13 buffer_blocks=0 persistence_blocks=0 delay_bars=0 costs_enabled=True
2025-10-13 14:29:27,028 [INFO] backtest.engine: run_complete symbol=MSFT trades=16 entries=16 exits=16 buffer_blocks=0 persistence_blocks=0 delay_bars=0 costs_enabled=True
2025-10-13 14:29:27,029 [INFO] backtest.engine: run_complete symbol=MSFT trades=17 entries=17 exits=17 buffer_blocks=0 persistence_blocks=0 delay_bars=0 costs_enabled=True
2025-10-13 14:29:27,032 [INFO] backtest.engine: run_complete symbol=AMZN trades=13 entries=13 exits=13 buffer_blocks=0 persistence_blocks=0 delay_bars=0 costs_enabled=True
2025-10-13 14:29:27,035 [INFO] backtest.engine: run_complete symbol=AMZN trades=12 entries=12 exits=12 buffer_blocks=0 persistence_blocks=0 delay_bars=0 costs_enabled=True
2025-10-13 14:29:27,036 [INFO] backtest.engine: run_complete symbol=AMZN trades=16 entries=16 exits=16 buffer_blocks=0 persistence_blocks=0 delay_bars=0 costs_enabled=True
2025-10-13 14:29:27,036 [INFO] backtest.engine: run_complete symbol=AMZN trades=13 entries=13 exits=13 buffer_blocks=0 persistence_blocks=0 delay_bars=0 costs_enabled=True
2025-10-13 14:29:27,041 [INFO] backtest.engine: run_complete symbol=AMZN trades=11 entries=11 exits=11 buffer_blocks=0 persistence_blocks=0 delay_bars=0 costs_enabled=True
2025-10-13 14:29:27,045 [INFO] backtest.engine: run_complete symbol=AMZN trades=17 entries=17 exits=17 buffer_blocks=0 persistence_blocks=0 delay_bars=0 costs_enabled=True
2025-10-13 14:29:27,050 [INFO] backtest.engine: run_complete symbol=AMZN trades=17 entries=17 exits=17 buffer_blocks=0 persistence_blocks=0 delay_bars=0 costs_enabled=True
2025-10-13 14:29:27,053 [INFO] backtest.engine: run_complete symbol=AMZN trades=16 entries=16 exits=16 buffer_blocks=0 persistence_blocks=0 delay_bars=0 costs_enabled=True
2025-10-13 14:29:27,054 [INFO] backtest.engine: run_complete symbol=GOOG trades=16 entries=16 exits=16 buffer_blocks=0 persistence_blocks=0 delay_bars=0 costs_enabled=True
2025-10-13 14:29:27,058 [INFO] backtest.engine: run_complete symbol=GOOG trades=13 entries=13 exits=13 buffer_blocks=0 persistence_blocks=0 delay_bars=0 costs_enabled=True
2025-10-13 14:29:27,060 [INFO] backtest.engine: run_complete symbol=GOOG trades=18 entries=18 exits=18 buffer_blocks=0 persistence_blocks=0 delay_bars=0 costs_enabled=True
2025-10-13 14:29:27,061 [INFO] backtest.engine: run_complete symbol=GOOG trades=15 entries=15 exits=15 buffer_blocks=0 persistence_blocks=0 delay_bars=0 costs_enabled=True
2025-10-13 14:29:27,065 [INFO] backtest.engine: run_complete symbol=GOOG trades=14 entries=14 exits=14 buffer_blocks=0 persistence_blocks=0 delay_bars=0 costs_enabled=True
2025-10-13 14:29:27,067 [INFO] backtest.engine: run_complete symbol=GOOG trades=15 entries=15 exits=15 buffer_blocks=0 persistence_blocks=0 delay_bars=0 costs_enabled=True
2025-10-13 14:29:27,073 [INFO] backtest.engine: run_complete symbol=GOOG trades=20 entries=20 exits=20 buffer_blocks=0 persistence_blocks=0 delay_bars=0 costs_enabled=True
2025-10-13 14:29:27,077 [INFO] backtest.engine: run_complete symbol=GOOG trades=20 entries=20 exits=20 buffer_blocks=0 persistence_blocks=0 delay_bars=0 costs_enabled=True
2025-10-13 14:29:27,078 [INFO] backtest.engine: run_complete symbol=META trades=19 entries=19 exits=19 buffer_blocks=0 persistence_blocks=0 delay_bars=0 costs_enabled=True
2025-10-13 14:29:27,082 [INFO] backtest.engine: run_complete symbol=META trades=18 entries=18 exits=18 buffer_blocks=0 persistence_blocks=0 delay_bars=0 costs_enabled=True
2025-10-13 14:29:27,083 [INFO] backtest.engine: run_complete symbol=META trades=18 entries=18 exits=18 buffer_blocks=0 persistence_blocks=0 delay_bars=0 costs_enabled=True
2025-10-13 14:29:27,085 [INFO] backtest.engine: run_complete symbol=META trades=23 entries=23 exits=23 buffer_blocks=0 persistence_blocks=0 delay_bars=0 costs_enabled=True
2025-10-13 14:29:27,087 [INFO] backtest.engine: run_complete symbol=META trades=17 entries=17 exits=17 buffer_blocks=0 persistence_blocks=0 delay_bars=0 costs_enabled=True
2025-10-13 14:29:27,092 [INFO] backtest.engine: run_complete symbol=META trades=18 entries=18 exits=18 buffer_blocks=0 persistence_blocks=0 delay_bars=0 costs_enabled=True
2025-10-13 14:29:27,098 [INFO] backtest.engine: run_complete symbol=META trades=29 entries=29 exits=29 buffer_blocks=0 persistence_blocks=0 delay_bars=0 costs_enabled=True
2025-10-13 14:29:27,102 [INFO] backtest.engine: run_complete symbol=META trades=25 entries=25 exits=25 buffer_blocks=0 persistence_blocks=0 delay_bars=0 costs_enabled=True
2025-10-13 14:29:27,122 [INFO] backtest.engine: run_complete symbol=AAPL trades=38 entries=38 exits=38 buffer_blocks=0 persistence_blocks=0 delay_bars=0 costs_enabled=True
2025-10-13 14:29:27,123 [INFO] backtest.engine: run_complete symbol=AAPL trades=22 entries=22 exits=22 buffer_blocks=0 persistence_blocks=0 delay_bars=0 costs_enabled=True
2025-10-13 14:29:27,124 [INFO] backtest.engine: run_complete symbol=AAPL trades=32 entries=32 exits=32 buffer_blocks=0 persistence_blocks=0 delay_bars=0 costs_enabled=True
2025-10-13 14:29:27,126 [INFO] backtest.engine: run_complete symbol=AAPL trades=26 entries=26 exits=26 buffer_blocks=0 persistence_blocks=0 delay_bars=0 costs_enabled=True
2025-10-13 14:29:27,131 [INFO] backtest.engine: run_complete symbol=AAPL trades=45 entries=45 exits=45 buffer_blocks=0 persistence_blocks=0 delay_bars=0 costs_enabled=True
2025-10-13 14:29:27,133 [INFO] backtest.engine: run_complete symbol=AAPL trades=26 entries=26 exits=26 buffer_blocks=0 persistence_blocks=0 delay_bars=0 costs_enabled=True
2025-10-13 14:29:27,140 [INFO] backtest.engine: run_complete symbol=AAPL trades=26 entries=26 exits=26 buffer_blocks=0 persistence_blocks=0 delay_bars=0 costs_enabled=True
2025-10-13 14:29:27,141 [INFO] backtest.engine: run_complete symbol=AAPL trades=18 entries=18 exits=18 buffer_blocks=0 persistence_blocks=0 delay_bars=0 costs_enabled=True
2025-10-13 14:29:27,163 [INFO] backtest.engine: run_complete symbol=MSFT trades=32 entries=32 exits=32 buffer_blocks=0 persistence_blocks=0 delay_bars=0 costs_enabled=True
2025-10-13 14:29:27,165 [INFO] backtest.engine: run_complete symbol=MSFT trades=44 entries=44 exits=44 buffer_blocks=0 persistence_blocks=0 delay_bars=0 costs_enabled=True
2025-10-13 14:29:27,166 [INFO] backtest.engine: run_complete symbol=MSFT trades=44 entries=44 exits=44 buffer_blocks=0 persistence_blocks=0 delay_bars=0 costs_enabled=True
2025-10-13 14:29:27,167 [INFO] backtest.engine: run_complete symbol=MSFT trades=39 entries=39 exits=39 buffer_blocks=0 persistence_blocks=0 delay_bars=0 costs_enabled=True
2025-10-13 14:29:27,176 [INFO] backtest.engine: run_complete symbol=MSFT trades=40 entries=40 exits=40 buffer_blocks=0 persistence_blocks=0 delay_bars=0 costs_enabled=True
2025-10-13 14:29:27,177 [INFO] backtest.engine: run_complete symbol=MSFT trades=68 entries=68 exits=68 buffer_blocks=0 persistence_blocks=0 delay_bars=0 costs_enabled=True
2025-10-13 14:29:27,179 [INFO] backtest.engine: run_complete symbol=MSFT trades=31 entries=31 exits=31 buffer_blocks=0 persistence_blocks=0 delay_bars=0 costs_enabled=True
2025-10-13 14:29:27,179 [INFO] backtest.engine: run_complete symbol=MSFT trades=29 entries=29 exits=29 buffer_blocks=0 persistence_blocks=0 delay_bars=0 costs_enabled=True
2025-10-13 14:29:27,201 [INFO] backtest.engine: run_complete symbol=AMZN trades=18 entries=19 exits=18 buffer_blocks=0 persistence_blocks=0 delay_bars=0 costs_enabled=True
2025-10-13 14:29:27,205 [INFO] backtest.engine: run_complete symbol=AMZN trades=22 entries=23 exits=22 buffer_blocks=0 persistence_blocks=0 delay_bars=0 costs_enabled=True
2025-10-13 14:29:27,205 [INFO] backtest.engine: run_complete symbol=AMZN trades=32 entries=32 exits=32 buffer_blocks=0 persistence_blocks=0 delay_bars=0 costs_enabled=True
2025-10-13 14:29:27,206 [INFO] backtest.engine: run_complete symbol=AMZN trades=25 entries=25 exits=25 buffer_blocks=0 persistence_blocks=0 delay_bars=0 costs_enabled=True
2025-10-13 14:29:27,215 [INFO] backtest.engine: run_complete symbol=AMZN trades=26 entries=26 exits=26 buffer_blocks=0 persistence_blocks=0 delay_bars=0 costs_enabled=True
2025-10-13 14:29:27,216 [INFO] backtest.engine: run_complete symbol=AMZN trades=20 entries=20 exits=20 buffer_blocks=0 persistence_blocks=0 delay_bars=0 costs_enabled=True
2025-10-13 14:29:27,216 [INFO] backtest.engine: run_complete symbol=AMZN trades=19 entries=19 exits=19 buffer_blocks=0 persistence_blocks=0 delay_bars=0 costs_enabled=True
2025-10-13 14:29:27,218 [INFO] backtest.engine: run_complete symbol=AMZN trades=44 entries=44 exits=44 buffer_blocks=0 persistence_blocks=0 delay_bars=0 costs_enabled=True
2025-10-13 14:29:27,240 [INFO] backtest.engine: run_complete symbol=GOOG trades=29 entries=29 exits=29 buffer_blocks=0 persistence_blocks=0 delay_bars=0 costs_enabled=True
2025-10-13 14:29:27,246 [INFO] backtest.engine: run_complete symbol=GOOG trades=34 entries=34 exits=34 buffer_blocks=0 persistence_blocks=0 delay_bars=0 costs_enabled=True
2025-10-13 14:29:27,246 [INFO] backtest.engine: run_complete symbol=GOOG trades=34 entries=34 exits=34 buffer_blocks=0 persistence_blocks=0 delay_bars=0 costs_enabled=True
2025-10-13 14:29:27,248 [INFO] backtest.engine: run_complete symbol=GOOG trades=42 entries=42 exits=42 buffer_blocks=0 persistence_blocks=0 delay_bars=0 costs_enabled=True
2025-10-13 14:29:27,255 [INFO] backtest.engine: run_complete symbol=GOOG trades=28 entries=28 exits=28 buffer_blocks=0 persistence_blocks=0 delay_bars=0 costs_enabled=True
2025-10-13 14:29:27,255 [INFO] backtest.engine: run_complete symbol=GOOG trades=30 entries=30 exits=30 buffer_blocks=0 persistence_blocks=0 delay_bars=0 costs_enabled=True
2025-10-13 14:29:27,258 [INFO] backtest.engine: run_complete symbol=GOOG trades=34 entries=34 exits=34 buffer_blocks=0 persistence_blocks=0 delay_bars=0 costs_enabled=True
2025-10-13 14:29:27,264 [INFO] backtest.engine: run_complete symbol=GOOG trades=61 entries=61 exits=61 buffer_blocks=0 persistence_blocks=0 delay_bars=0 costs_enabled=True
2025-10-13 14:29:27,303 [INFO] backtest.engine: run_complete symbol=META trades=29 entries=30 exits=29 buffer_blocks=0 persistence_blocks=0 delay_bars=0 costs_enabled=True
2025-10-13 14:29:27,307 [INFO] backtest.engine: run_complete symbol=META trades=34 entries=34 exits=34 buffer_blocks=0 persistence_blocks=0 delay_bars=0 costs_enabled=True
2025-10-13 14:29:27,312 [INFO] backtest.engine: run_complete symbol=META trades=41 entries=41 exits=41 buffer_blocks=0 persistence_blocks=0 delay_bars=0 costs_enabled=True
2025-10-13 14:29:27,312 [INFO] backtest.engine: run_complete symbol=META trades=37 entries=37 exits=37 buffer_blocks=0 persistence_blocks=0 delay_bars=0 costs_enabled=True
2025-10-13 14:29:27,317 [INFO] backtest.engine: run_complete symbol=META trades=35 entries=35 exits=35 buffer_blocks=0 persistence_blocks=0 delay_bars=0 costs_enabled=True
2025-10-13 14:29:27,317 [INFO] backtest.engine: run_complete symbol=META trades=26 entries=26 exits=26 buffer_blocks=0 persistence_blocks=0 delay_bars=0 costs_enabled=True
2025-10-13 14:29:27,320 [INFO] backtest.engine: run_complete symbol=META trades=24 entries=24 exits=24 buffer_blocks=0 persistence_blocks=0 delay_bars=0 costs_enabled=True
2025-10-13 14:29:27,329 [INFO] backtest.engine: run_complete symbol=META trades=63 entries=63 exits=63 buffer_blocks=0 persistence_blocks=0 delay_bars=0 costs_enabled=True
2025-10-13 14:29:27,329 [INFO] backtest.engine: run_complete symbol=AAPL trades=13 entries=13 exits=13 buffer_blocks=0 persistence_blocks=0 delay_bars=0 costs_enabled=True
2025-10-13 14:29:27,333 [INFO] backtest.engine: run_complete symbol=AAPL trades=14 entries=14 exits=14 buffer_blocks=0 persistence_blocks=0 delay_bars=0 costs_enabled=True
2025-10-13 14:29:27,339 [INFO] backtest.engine: run_complete symbol=AAPL trades=15 entries=15 exits=15 buffer_blocks=0 persistence_blocks=0 delay_bars=0 costs_enabled=True
2025-10-13 14:29:27,339 [INFO] backtest.engine: run_complete symbol=AAPL trades=20 entries=20 exits=20 buffer_blocks=0 persistence_blocks=0 delay_bars=0 costs_enabled=True
2025-10-13 14:29:27,342 [INFO] backtest.engine: run_complete symbol=AAPL trades=10 entries=10 exits=10 buffer_blocks=0 persistence_blocks=0 delay_bars=0 costs_enabled=True
2025-10-13 14:29:27,343 [INFO] backtest.engine: run_complete symbol=AAPL trades=15 entries=15 exits=15 buffer_blocks=0 persistence_blocks=0 delay_bars=0 costs_enabled=True
2025-10-13 14:29:27,344 [INFO] backtest.engine: run_complete symbol=AAPL trades=13 entries=13 exits=13 buffer_blocks=0 persistence_blocks=0 delay_bars=0 costs_enabled=True
2025-10-13 14:29:27,351 [INFO] backtest.engine: run_complete symbol=MSFT trades=9 entries=9 exits=9 buffer_blocks=0 persistence_blocks=0 delay_bars=0 costs_enabled=True
2025-10-13 14:29:27,355 [INFO] backtest.engine: run_complete symbol=MSFT trades=9 entries=9 exits=9 buffer_blocks=0 persistence_blocks=0 delay_bars=0 costs_enabled=True
2025-10-13 14:29:27,357 [INFO] backtest.engine: run_complete symbol=AAPL trades=26 entries=26 exits=26 buffer_blocks=0 persistence_blocks=0 delay_bars=0 costs_enabled=True
2025-10-13 14:29:27,361 [INFO] backtest.engine: run_complete symbol=MSFT trades=14 entries=14 exits=14 buffer_blocks=0 persistence_blocks=0 delay_bars=0 costs_enabled=True
2025-10-13 14:29:27,362 [INFO] backtest.engine: run_complete symbol=MSFT trades=17 entries=17 exits=17 buffer_blocks=0 persistence_blocks=0 delay_bars=0 costs_enabled=True
2025-10-13 14:29:27,363 [INFO] backtest.engine: run_complete symbol=MSFT trades=7 entries=7 exits=7 buffer_blocks=0 persistence_blocks=0 delay_bars=0 costs_enabled=True
2025-10-13 14:29:27,365 [INFO] backtest.engine: run_complete symbol=MSFT trades=8 entries=8 exits=8 buffer_blocks=0 persistence_blocks=0 delay_bars=0 costs_enabled=True
2025-10-13 14:29:27,366 [INFO] backtest.engine: run_complete symbol=MSFT trades=14 entries=14 exits=14 buffer_blocks=0 persistence_blocks=0 delay_bars=0 costs_enabled=True
2025-10-13 14:29:27,374 [INFO] backtest.engine: run_complete symbol=AMZN trades=13 entries=13 exits=13 buffer_blocks=0 persistence_blocks=0 delay_bars=0 costs_enabled=True
2025-10-13 14:29:27,377 [INFO] backtest.engine: run_complete symbol=AMZN trades=17 entries=17 exits=17 buffer_blocks=0 persistence_blocks=0 delay_bars=0 costs_enabled=True
2025-10-13 14:29:27,380 [INFO] backtest.engine: run_complete symbol=MSFT trades=17 entries=18 exits=17 buffer_blocks=0 persistence_blocks=0 delay_bars=0 costs_enabled=True
2025-10-13 14:29:27,385 [INFO] backtest.engine: run_complete symbol=AMZN trades=15 entries=15 exits=15 buffer_blocks=0 persistence_blocks=0 delay_bars=0 costs_enabled=True
2025-10-13 14:29:27,385 [INFO] backtest.engine: run_complete symbol=AMZN trades=15 entries=15 exits=15 buffer_blocks=0 persistence_blocks=0 delay_bars=0 costs_enabled=True
2025-10-13 14:29:27,387 [INFO] backtest.engine: run_complete symbol=AMZN trades=21 entries=21 exits=21 buffer_blocks=0 persistence_blocks=0 delay_bars=0 costs_enabled=True
2025-10-13 14:29:27,388 [INFO] backtest.engine: run_complete symbol=AMZN trades=14 entries=14 exits=14 buffer_blocks=0 persistence_blocks=0 delay_bars=0 costs_enabled=True
2025-10-13 14:29:27,388 [INFO] backtest.engine: run_complete symbol=AMZN trades=17 entries=17 exits=17 buffer_blocks=0 persistence_blocks=0 delay_bars=0 costs_enabled=True
2025-10-13 14:29:27,395 [INFO] backtest.engine: run_complete symbol=GOOG trades=15 entries=15 exits=15 buffer_blocks=0 persistence_blocks=0 delay_bars=0 costs_enabled=True
2025-10-13 14:29:27,399 [INFO] backtest.engine: run_complete symbol=GOOG trades=19 entries=19 exits=19 buffer_blocks=0 persistence_blocks=0 delay_bars=0 costs_enabled=True
2025-10-13 14:29:27,405 [INFO] backtest.engine: run_complete symbol=AMZN trades=24 entries=24 exits=24 buffer_blocks=0 persistence_blocks=0 delay_bars=0 costs_enabled=True
2025-10-13 14:29:27,407 [INFO] backtest.engine: run_complete symbol=GOOG trades=15 entries=15 exits=15 buffer_blocks=0 persistence_blocks=0 delay_bars=0 costs_enabled=True
2025-10-13 14:29:27,408 [INFO] backtest.engine: run_complete symbol=GOOG trades=13 entries=13 exits=13 buffer_blocks=0 persistence_blocks=0 delay_bars=0 costs_enabled=True
2025-10-13 14:29:27,409 [INFO] backtest.engine: run_complete symbol=GOOG trades=20 entries=20 exits=20 buffer_blocks=0 persistence_blocks=0 delay_bars=0 costs_enabled=True
2025-10-13 14:29:27,410 [INFO] backtest.engine: run_complete symbol=GOOG trades=12 entries=12 exits=12 buffer_blocks=0 persistence_blocks=0 delay_bars=0 costs_enabled=True
2025-10-13 14:29:27,412 [INFO] backtest.engine: run_complete symbol=GOOG trades=19 entries=19 exits=19 buffer_blocks=0 persistence_blocks=0 delay_bars=0 costs_enabled=True
2025-10-13 14:29:27,419 [INFO] backtest.engine: run_complete symbol=META trades=19 entries=19 exits=19 buffer_blocks=0 persistence_blocks=0 delay_bars=0 costs_enabled=True
2025-10-13 14:29:27,424 [INFO] backtest.engine: run_complete symbol=META trades=18 entries=18 exits=18 buffer_blocks=0 persistence_blocks=0 delay_bars=0 costs_enabled=True
2025-10-13 14:29:27,430 [INFO] backtest.engine: run_complete symbol=META trades=16 entries=16 exits=16 buffer_blocks=0 persistence_blocks=0 delay_bars=0 costs_enabled=True
2025-10-13 14:29:27,431 [INFO] backtest.engine: run_complete symbol=GOOG trades=33 entries=33 exits=33 buffer_blocks=0 persistence_blocks=0 delay_bars=0 costs_enabled=True
2025-10-13 14:29:27,432 [INFO] backtest.engine: run_complete symbol=META trades=27 entries=27 exits=27 buffer_blocks=0 persistence_blocks=0 delay_bars=0 costs_enabled=True
2025-10-13 14:29:27,432 [INFO] backtest.engine: run_complete symbol=META trades=24 entries=24 exits=24 buffer_blocks=0 persistence_blocks=0 delay_bars=0 costs_enabled=True
2025-10-13 14:29:27,433 [INFO] backtest.engine: run_complete symbol=META trades=19 entries=19 exits=19 buffer_blocks=0 persistence_blocks=0 delay_bars=0 costs_enabled=True
2025-10-13 14:29:27,435 [INFO] backtest.engine: run_complete symbol=META trades=18 entries=18 exits=18 buffer_blocks=0 persistence_blocks=0 delay_bars=0 costs_enabled=True
2025-10-13 14:29:27,456 [INFO] backtest.engine: run_complete symbol=META trades=31 entries=31 exits=31 buffer_blocks=0 persistence_blocks=0 delay_bars=0 costs_enabled=True
2025-10-13 14:29:27,459 [INFO] backtest.engine: run_complete symbol=AAPL trades=25 entries=25 exits=25 buffer_blocks=0 persistence_blocks=0 delay_bars=0 costs_enabled=True
2025-10-13 14:29:27,464 [INFO] backtest.engine: run_complete symbol=AAPL trades=26 entries=26 exits=26 buffer_blocks=0 persistence_blocks=0 delay_bars=0 costs_enabled=True
2025-10-13 14:29:27,471 [INFO] backtest.engine: run_complete symbol=AAPL trades=30 entries=30 exits=30 buffer_blocks=0 persistence_blocks=0 delay_bars=0 costs_enabled=True
2025-10-13 14:29:27,474 [INFO] backtest.engine: run_complete symbol=AAPL trades=37 entries=37 exits=37 buffer_blocks=0 persistence_blocks=0 delay_bars=0 costs_enabled=True
2025-10-13 14:29:27,499 [INFO] backtest.engine: run_complete symbol=MSFT trades=44 entries=44 exits=44 buffer_blocks=0 persistence_blocks=0 delay_bars=0 costs_enabled=True
2025-10-13 14:29:27,504 [INFO] backtest.engine: run_complete symbol=MSFT trades=31 entries=31 exits=31 buffer_blocks=0 persistence_blocks=0 delay_bars=0 costs_enabled=True
2025-10-13 14:29:27,513 [INFO] backtest.engine: run_complete symbol=MSFT trades=44 entries=44 exits=44 buffer_blocks=0 persistence_blocks=0 delay_bars=0 costs_enabled=True
2025-10-13 14:29:27,518 [INFO] backtest.engine: run_complete symbol=MSFT trades=61 entries=61 exits=61 buffer_blocks=0 persistence_blocks=0 delay_bars=0 costs_enabled=True
2025-10-13 14:29:27,537 [INFO] backtest.engine: run_complete symbol=AMZN trades=26 entries=26 exits=26 buffer_blocks=0 persistence_blocks=0 delay_bars=0 costs_enabled=True
2025-10-13 14:29:27,542 [INFO] backtest.engine: run_complete symbol=AMZN trades=21 entries=21 exits=21 buffer_blocks=0 persistence_blocks=0 delay_bars=0 costs_enabled=True
2025-10-13 14:29:27,551 [INFO] backtest.engine: run_complete symbol=AMZN trades=25 entries=25 exits=25 buffer_blocks=0 persistence_blocks=0 delay_bars=0 costs_enabled=True
2025-10-13 14:29:27,558 [INFO] backtest.engine: run_complete symbol=AMZN trades=34 entries=34 exits=34 buffer_blocks=0 persistence_blocks=0 delay_bars=0 costs_enabled=True
2025-10-13 14:29:27,578 [INFO] backtest.engine: run_complete symbol=GOOG trades=39 entries=39 exits=39 buffer_blocks=0 persistence_blocks=0 delay_bars=0 costs_enabled=True
2025-10-13 14:29:27,582 [INFO] backtest.engine: run_complete symbol=GOOG trades=32 entries=32 exits=32 buffer_blocks=0 persistence_blocks=0 delay_bars=0 costs_enabled=True
2025-10-13 14:29:27,592 [INFO] backtest.engine: run_complete symbol=GOOG trades=41 entries=41 exits=41 buffer_blocks=0 persistence_blocks=0 delay_bars=0 costs_enabled=True
2025-10-13 14:29:27,602 [INFO] backtest.engine: run_complete symbol=GOOG trades=55 entries=55 exits=55 buffer_blocks=0 persistence_blocks=0 delay_bars=0 costs_enabled=True
2025-10-13 14:29:27,619 [INFO] backtest.engine: run_complete symbol=META trades=39 entries=39 exits=39 buffer_blocks=0 persistence_blocks=0 delay_bars=0 costs_enabled=True
2025-10-13 14:29:27,619 [INFO] backtest.engine: run_complete symbol=META trades=27 entries=27 exits=27 buffer_blocks=0 persistence_blocks=0 delay_bars=0 costs_enabled=True
2025-10-13 14:29:27,633 [INFO] backtest.engine: run_complete symbol=META trades=43 entries=43 exits=43 buffer_blocks=0 persistence_blocks=0 delay_bars=0 costs_enabled=True
2025-10-13 14:29:27,643 [INFO] backtest.engine: run_complete symbol=AAPL trades=11 entries=11 exits=11 buffer_blocks=0 persistence_blocks=0 delay_bars=0 costs_enabled=True
2025-10-13 14:29:27,644 [INFO] backtest.engine: run_complete symbol=AAPL trades=18 entries=18 exits=18 buffer_blocks=0 persistence_blocks=0 delay_bars=0 costs_enabled=True
2025-10-13 14:29:27,647 [INFO] backtest.engine: run_complete symbol=META trades=58 entries=58 exits=58 buffer_blocks=0 persistence_blocks=0 delay_bars=0 costs_enabled=True
2025-10-13 14:29:27,659 [INFO] backtest.engine: run_complete symbol=AAPL trades=16 entries=16 exits=16 buffer_blocks=0 persistence_blocks=0 delay_bars=0 costs_enabled=True
2025-10-13 14:29:27,666 [INFO] backtest.engine: run_complete symbol=MSFT trades=15 entries=15 exits=15 buffer_blocks=0 persistence_blocks=0 delay_bars=0 costs_enabled=True
2025-10-13 14:29:27,667 [INFO] backtest.engine: run_complete symbol=MSFT trades=11 entries=11 exits=11 buffer_blocks=0 persistence_blocks=0 delay_bars=0 costs_enabled=True
2025-10-13 14:29:27,674 [INFO] backtest.engine: run_complete symbol=AAPL trades=22 entries=22 exits=22 buffer_blocks=0 persistence_blocks=0 delay_bars=0 costs_enabled=True
2025-10-13 14:29:27,682 [INFO] backtest.engine: run_complete symbol=MSFT trades=15 entries=15 exits=15 buffer_blocks=0 persistence_blocks=0 delay_bars=0 costs_enabled=True
2025-10-13 14:29:27,688 [INFO] backtest.engine: run_complete symbol=AMZN trades=14 entries=14 exits=14 buffer_blocks=0 persistence_blocks=0 delay_bars=0 costs_enabled=True
2025-10-13 14:29:27,689 [INFO] backtest.engine: run_complete symbol=AMZN trades=16 entries=16 exits=16 buffer_blocks=0 persistence_blocks=0 delay_bars=0 costs_enabled=True
2025-10-13 14:29:27,695 [INFO] backtest.engine: run_complete symbol=MSFT trades=14 entries=15 exits=14 buffer_blocks=0 persistence_blocks=0 delay_bars=0 costs_enabled=True
2025-10-13 14:29:27,704 [INFO] backtest.engine: run_complete symbol=AMZN trades=19 entries=19 exits=19 buffer_blocks=0 persistence_blocks=0 delay_bars=0 costs_enabled=True
2025-10-13 14:29:27,710 [INFO] backtest.engine: run_complete symbol=GOOG trades=14 entries=14 exits=14 buffer_blocks=0 persistence_blocks=0 delay_bars=0 costs_enabled=True
2025-10-13 14:29:27,712 [INFO] backtest.engine: run_complete symbol=GOOG trades=18 entries=18 exits=18 buffer_blocks=0 persistence_blocks=0 delay_bars=0 costs_enabled=True
2025-10-13 14:29:27,719 [INFO] backtest.engine: run_complete symbol=AMZN trades=24 entries=24 exits=24 buffer_blocks=0 persistence_blocks=0 delay_bars=0 costs_enabled=True
2025-10-13 14:29:27,726 [INFO] backtest.engine: run_complete symbol=GOOG trades=19 entries=19 exits=19 buffer_blocks=0 persistence_blocks=0 delay_bars=0 costs_enabled=True
2025-10-13 14:29:27,733 [INFO] backtest.engine: run_complete symbol=META trades=20 entries=20 exits=20 buffer_blocks=0 persistence_blocks=0 delay_bars=0 costs_enabled=True
2025-10-13 14:29:27,735 [INFO] backtest.engine: run_complete symbol=META trades=23 entries=23 exits=23 buffer_blocks=0 persistence_blocks=0 delay_bars=0 costs_enabled=True
2025-10-13 14:29:27,744 [INFO] backtest.engine: run_complete symbol=GOOG trades=28 entries=28 exits=28 buffer_blocks=0 persistence_blocks=0 delay_bars=0 costs_enabled=True
2025-10-13 14:29:27,749 [INFO] backtest.engine: run_complete symbol=META trades=23 entries=23 exits=23 buffer_blocks=0 persistence_blocks=0 delay_bars=0 costs_enabled=True
2025-10-13 14:29:27,768 [INFO] backtest.engine: run_complete symbol=META trades=29 entries=29 exits=29 buffer_blocks=0 persistence_blocks=0 delay_bars=0 costs_enabled=True
2025-10-13 14:29:28,424 [INFO] backtest.engine: run_complete symbol=AAPL trades=25 entries=25 exits=25 buffer_blocks=0 persistence_blocks=0 delay_bars=0 costs_enabled=True
2025-10-13 14:29:28,434 [INFO] backtest.engine: run_complete symbol=AAPL trades=33 entries=33 exits=33 buffer_blocks=0 persistence_blocks=0 delay_bars=0 costs_enabled=True
2025-10-13 14:29:28,436 [INFO] backtest.engine: run_complete symbol=AAPL trades=18 entries=18 exits=18 buffer_blocks=0 persistence_blocks=0 delay_bars=0 costs_enabled=True
2025-10-13 14:29:28,437 [INFO] backtest.engine: run_complete symbol=AAPL trades=30 entries=30 exits=30 buffer_blocks=0 persistence_blocks=0 delay_bars=0 costs_enabled=True
2025-10-13 14:29:28,445 [INFO] backtest.engine: run_complete symbol=AAPL trades=26 entries=26 exits=26 buffer_blocks=0 persistence_blocks=0 delay_bars=0 costs_enabled=True
2025-10-13 14:29:28,447 [INFO] backtest.engine: run_complete symbol=AAPL trades=27 entries=27 exits=27 buffer_blocks=0 persistence_blocks=0 delay_bars=0 costs_enabled=True
2025-10-13 14:29:28,452 [INFO] backtest.engine: run_complete symbol=AAPL trades=21 entries=21 exits=21 buffer_blocks=0 persistence_blocks=0 delay_bars=0 costs_enabled=True
2025-10-13 14:29:28,454 [INFO] backtest.engine: run_complete symbol=AAPL trades=23 entries=23 exits=23 buffer_blocks=0 persistence_blocks=0 delay_bars=0 costs_enabled=True
2025-10-13 14:29:28,465 [INFO] backtest.engine: run_complete symbol=MSFT trades=39 entries=39 exits=39 buffer_blocks=0 persistence_blocks=0 delay_bars=0 costs_enabled=True
2025-10-13 14:29:28,477 [INFO] backtest.engine: run_complete symbol=MSFT trades=29 entries=29 exits=29 buffer_blocks=0 persistence_blocks=0 delay_bars=0 costs_enabled=True
2025-10-13 14:29:28,478 [INFO] backtest.engine: run_complete symbol=MSFT trades=43 entries=43 exits=43 buffer_blocks=0 persistence_blocks=0 delay_bars=0 costs_enabled=True
2025-10-13 14:29:28,479 [INFO] backtest.engine: run_complete symbol=MSFT trades=51 entries=51 exits=51 buffer_blocks=0 persistence_blocks=0 delay_bars=0 costs_enabled=True
2025-10-13 14:29:28,487 [INFO] backtest.engine: run_complete symbol=MSFT trades=39 entries=39 exits=39 buffer_blocks=0 persistence_blocks=0 delay_bars=0 costs_enabled=True
2025-10-13 14:29:28,488 [INFO] backtest.engine: run_complete symbol=MSFT trades=41 entries=41 exits=41 buffer_blocks=0 persistence_blocks=0 delay_bars=0 costs_enabled=True
2025-10-13 14:29:28,493 [INFO] backtest.engine: run_complete symbol=MSFT trades=32 entries=32 exits=32 buffer_blocks=0 persistence_blocks=0 delay_bars=0 costs_enabled=True
2025-10-13 14:29:28,495 [INFO] backtest.engine: run_complete symbol=MSFT trades=39 entries=39 exits=39 buffer_blocks=0 persistence_blocks=0 delay_bars=0 costs_enabled=True
2025-10-13 14:29:28,503 [INFO] backtest.engine: run_complete symbol=AMZN trades=26 entries=26 exits=26 buffer_blocks=0 persistence_blocks=0 delay_bars=0 costs_enabled=True
2025-10-13 14:29:28,514 [INFO] backtest.engine: run_complete symbol=AMZN trades=19 entries=19 exits=19 buffer_blocks=0 persistence_blocks=0 delay_bars=0 costs_enabled=True
2025-10-13 14:29:28,519 [INFO] backtest.engine: run_complete symbol=AMZN trades=36 entries=36 exits=36 buffer_blocks=0 persistence_blocks=0 delay_bars=0 costs_enabled=True
2025-10-13 14:29:28,519 [INFO] backtest.engine: run_complete symbol=AMZN trades=35 entries=35 exits=35 buffer_blocks=0 persistence_blocks=0 delay_bars=0 costs_enabled=True
2025-10-13 14:29:28,526 [INFO] backtest.engine: run_complete symbol=AMZN trades=27 entries=27 exits=27 buffer_blocks=0 persistence_blocks=0 delay_bars=0 costs_enabled=True
2025-10-13 14:29:28,528 [INFO] backtest.engine: run_complete symbol=AMZN trades=35 entries=35 exits=35 buffer_blocks=0 persistence_blocks=0 delay_bars=0 costs_enabled=True
2025-10-13 14:29:28,530 [INFO] backtest.engine: run_complete symbol=AMZN trades=18 entries=18 exits=18 buffer_blocks=0 persistence_blocks=0 delay_bars=0 costs_enabled=True
2025-10-13 14:29:28,533 [INFO] backtest.engine: run_complete symbol=AMZN trades=21 entries=21 exits=21 buffer_blocks=0 persistence_blocks=0 delay_bars=0 costs_enabled=True
2025-10-13 14:29:28,543 [INFO] backtest.engine: run_complete symbol=GOOG trades=37 entries=37 exits=37 buffer_blocks=0 persistence_blocks=0 delay_bars=0 costs_enabled=True
2025-10-13 14:29:28,554 [INFO] backtest.engine: run_complete symbol=GOOG trades=28 entries=28 exits=28 buffer_blocks=0 persistence_blocks=0 delay_bars=0 costs_enabled=True
2025-10-13 14:29:28,560 [INFO] backtest.engine: run_complete symbol=GOOG trades=40 entries=40 exits=40 buffer_blocks=0 persistence_blocks=0 delay_bars=0 costs_enabled=True
2025-10-13 14:29:28,562 [INFO] backtest.engine: run_complete symbol=GOOG trades=43 entries=43 exits=43 buffer_blocks=0 persistence_blocks=0 delay_bars=0 costs_enabled=True
2025-10-13 14:29:28,567 [INFO] backtest.engine: run_complete symbol=GOOG trades=35 entries=35 exits=35 buffer_blocks=0 persistence_blocks=0 delay_bars=0 costs_enabled=True
2025-10-13 14:29:28,567 [INFO] backtest.engine: run_complete symbol=GOOG trades=32 entries=32 exits=32 buffer_blocks=0 persistence_blocks=0 delay_bars=0 costs_enabled=True
2025-10-13 14:29:28,570 [INFO] backtest.engine: run_complete symbol=GOOG trades=28 entries=28 exits=28 buffer_blocks=0 persistence_blocks=0 delay_bars=0 costs_enabled=True
2025-10-13 14:29:28,572 [INFO] backtest.engine: run_complete symbol=GOOG trades=34 entries=34 exits=34 buffer_blocks=0 persistence_blocks=0 delay_bars=0 costs_enabled=True
2025-10-13 14:29:28,584 [INFO] backtest.engine: run_complete symbol=META trades=34 entries=34 exits=34 buffer_blocks=0 persistence_blocks=0 delay_bars=0 costs_enabled=True
2025-10-13 14:29:28,591 [INFO] backtest.engine: run_complete symbol=META trades=26 entries=26 exits=26 buffer_blocks=0 persistence_blocks=0 delay_bars=0 costs_enabled=True
2025-10-13 14:29:28,599 [INFO] backtest.engine: run_complete symbol=META trades=33 entries=33 exits=33 buffer_blocks=0 persistence_blocks=0 delay_bars=0 costs_enabled=True
2025-10-13 14:29:28,602 [INFO] backtest.engine: run_complete symbol=META trades=39 entries=39 exits=39 buffer_blocks=0 persistence_blocks=0 delay_bars=0 costs_enabled=True
2025-10-13 14:29:28,606 [INFO] backtest.engine: run_complete symbol=META trades=28 entries=28 exits=28 buffer_blocks=0 persistence_blocks=0 delay_bars=0 costs_enabled=True
2025-10-13 14:29:28,606 [INFO] backtest.engine: run_complete symbol=META trades=31 entries=31 exits=31 buffer_blocks=0 persistence_blocks=0 delay_bars=0 costs_enabled=True
2025-10-13 14:29:28,608 [INFO] backtest.engine: run_complete symbol=META trades=24 entries=24 exits=24 buffer_blocks=0 persistence_blocks=0 delay_bars=0 costs_enabled=True
2025-10-13 14:29:28,609 [INFO] backtest.engine: run_complete symbol=AAPL trades=13 entries=13 exits=13 buffer_blocks=0 persistence_blocks=0 delay_bars=0 costs_enabled=True
2025-10-13 14:29:28,613 [INFO] backtest.engine: run_complete symbol=META trades=37 entries=37 exits=37 buffer_blocks=0 persistence_blocks=0 delay_bars=0 costs_enabled=True
2025-10-13 14:29:28,615 [INFO] backtest.engine: run_complete symbol=AAPL trades=10 entries=10 exits=10 buffer_blocks=0 persistence_blocks=0 delay_bars=0 costs_enabled=True
2025-10-13 14:29:28,626 [INFO] backtest.engine: run_complete symbol=AAPL trades=17 entries=17 exits=17 buffer_blocks=0 persistence_blocks=0 delay_bars=0 costs_enabled=True
2025-10-13 14:29:28,629 [INFO] backtest.engine: run_complete symbol=AAPL trades=18 entries=18 exits=18 buffer_blocks=0 persistence_blocks=0 delay_bars=0 costs_enabled=True
2025-10-13 14:29:28,632 [INFO] backtest.engine: run_complete symbol=MSFT trades=9 entries=9 exits=9 buffer_blocks=0 persistence_blocks=0 delay_bars=0 costs_enabled=True
2025-10-13 14:29:28,632 [INFO] backtest.engine: run_complete symbol=AAPL trades=13 entries=13 exits=13 buffer_blocks=0 persistence_blocks=0 delay_bars=0 costs_enabled=True
2025-10-13 14:29:28,634 [INFO] backtest.engine: run_complete symbol=AAPL trades=13 entries=13 exits=13 buffer_blocks=0 persistence_blocks=0 delay_bars=0 costs_enabled=True
2025-10-13 14:29:28,634 [INFO] backtest.engine: run_complete symbol=AAPL trades=16 entries=16 exits=16 buffer_blocks=0 persistence_blocks=0 delay_bars=0 costs_enabled=True
2025-10-13 14:29:28,636 [INFO] backtest.engine: run_complete symbol=MSFT trades=7 entries=7 exits=7 buffer_blocks=0 persistence_blocks=0 delay_bars=0 costs_enabled=True
2025-10-13 14:29:28,638 [INFO] backtest.engine: run_complete symbol=AAPL trades=13 entries=13 exits=13 buffer_blocks=0 persistence_blocks=0 delay_bars=0 costs_enabled=True
2025-10-13 14:29:28,649 [INFO] backtest.engine: run_complete symbol=MSFT trades=14 entries=14 exits=14 buffer_blocks=0 persistence_blocks=0 delay_bars=0 costs_enabled=True
2025-10-13 14:29:28,651 [INFO] backtest.engine: run_complete symbol=MSFT trades=16 entries=16 exits=16 buffer_blocks=0 persistence_blocks=0 delay_bars=0 costs_enabled=True
2025-10-13 14:29:28,654 [INFO] backtest.engine: run_complete symbol=MSFT trades=13 entries=13 exits=13 buffer_blocks=0 persistence_blocks=0 delay_bars=0 costs_enabled=True
2025-10-13 14:29:28,654 [INFO] backtest.engine: run_complete symbol=AMZN trades=15 entries=15 exits=15 buffer_blocks=0 persistence_blocks=0 delay_bars=0 costs_enabled=True
2025-10-13 14:29:28,655 [INFO] backtest.engine: run_complete symbol=MSFT trades=7 entries=7 exits=7 buffer_blocks=0 persistence_blocks=0 delay_bars=0 costs_enabled=True
2025-10-13 14:29:28,656 [INFO] backtest.engine: run_complete symbol=MSFT trades=12 entries=12 exits=12 buffer_blocks=0 persistence_blocks=0 delay_bars=0 costs_enabled=True
2025-10-13 14:29:28,659 [INFO] backtest.engine: run_complete symbol=AMZN trades=15 entries=15 exits=15 buffer_blocks=0 persistence_blocks=0 delay_bars=0 costs_enabled=True
2025-10-13 14:29:28,659 [INFO] backtest.engine: run_complete symbol=MSFT trades=9 entries=9 exits=9 buffer_blocks=0 persistence_blocks=0 delay_bars=0 costs_enabled=True
2025-10-13 14:29:28,672 [INFO] backtest.engine: run_complete symbol=AMZN trades=18 entries=18 exits=18 buffer_blocks=0 persistence_blocks=0 delay_bars=0 costs_enabled=True
2025-10-13 14:29:28,675 [INFO] backtest.engine: run_complete symbol=AMZN trades=17 entries=17 exits=17 buffer_blocks=0 persistence_blocks=0 delay_bars=0 costs_enabled=True
2025-10-13 14:29:28,677 [INFO] backtest.engine: run_complete symbol=AMZN trades=16 entries=16 exits=16 buffer_blocks=0 persistence_blocks=0 delay_bars=0 costs_enabled=True
2025-10-13 14:29:28,678 [INFO] backtest.engine: run_complete symbol=GOOG trades=17 entries=17 exits=17 buffer_blocks=0 persistence_blocks=0 delay_bars=0 costs_enabled=True
2025-10-13 14:29:28,678 [INFO] backtest.engine: run_complete symbol=AMZN trades=14 entries=14 exits=14 buffer_blocks=0 persistence_blocks=0 delay_bars=0 costs_enabled=True
2025-10-13 14:29:28,679 [INFO] backtest.engine: run_complete symbol=AMZN trades=16 entries=16 exits=16 buffer_blocks=0 persistence_blocks=0 delay_bars=0 costs_enabled=True
2025-10-13 14:29:28,680 [INFO] backtest.engine: run_complete symbol=AMZN trades=14 entries=14 exits=14 buffer_blocks=0 persistence_blocks=0 delay_bars=0 costs_enabled=True
2025-10-13 14:29:28,682 [INFO] backtest.engine: run_complete symbol=GOOG trades=15 entries=15 exits=15 buffer_blocks=0 persistence_blocks=0 delay_bars=0 costs_enabled=True
2025-10-13 14:29:28,697 [INFO] backtest.engine: run_complete symbol=GOOG trades=21 entries=21 exits=21 buffer_blocks=0 persistence_blocks=0 delay_bars=0 costs_enabled=True
2025-10-13 14:29:28,699 [INFO] backtest.engine: run_complete symbol=GOOG trades=20 entries=20 exits=20 buffer_blocks=0 persistence_blocks=0 delay_bars=0 costs_enabled=True
2025-10-13 14:29:28,700 [INFO] backtest.engine: run_complete symbol=GOOG trades=15 entries=15 exits=15 buffer_blocks=0 persistence_blocks=0 delay_bars=0 costs_enabled=True
2025-10-13 14:29:28,701 [INFO] backtest.engine: run_complete symbol=GOOG trades=14 entries=14 exits=14 buffer_blocks=0 persistence_blocks=0 delay_bars=0 costs_enabled=True
2025-10-13 14:29:28,702 [INFO] backtest.engine: run_complete symbol=META trades=20 entries=20 exits=20 buffer_blocks=0 persistence_blocks=0 delay_bars=0 costs_enabled=True
2025-10-13 14:29:28,703 [INFO] backtest.engine: run_complete symbol=GOOG trades=16 entries=16 exits=16 buffer_blocks=0 persistence_blocks=0 delay_bars=0 costs_enabled=True
2025-10-13 14:29:28,703 [INFO] backtest.engine: run_complete symbol=GOOG trades=18 entries=18 exits=18 buffer_blocks=0 persistence_blocks=0 delay_bars=0 costs_enabled=True
2025-10-13 14:29:28,706 [INFO] backtest.engine: run_complete symbol=META trades=16 entries=16 exits=16 buffer_blocks=0 persistence_blocks=0 delay_bars=0 costs_enabled=True
2025-10-13 14:29:28,720 [INFO] backtest.engine: run_complete symbol=META trades=19 entries=19 exits=19 buffer_blocks=0 persistence_blocks=0 delay_bars=0 costs_enabled=True
2025-10-13 14:29:28,723 [INFO] backtest.engine: run_complete symbol=META trades=15 entries=15 exits=15 buffer_blocks=0 persistence_blocks=0 delay_bars=0 costs_enabled=True
2025-10-13 14:29:28,724 [INFO] backtest.engine: run_complete symbol=META trades=20 entries=20 exits=20 buffer_blocks=0 persistence_blocks=0 delay_bars=0 costs_enabled=True
2025-10-13 14:29:28,724 [INFO] backtest.engine: run_complete symbol=META trades=15 entries=15 exits=15 buffer_blocks=0 persistence_blocks=0 delay_bars=0 costs_enabled=True
2025-10-13 14:29:28,727 [INFO] backtest.engine: run_complete symbol=META trades=19 entries=19 exits=19 buffer_blocks=0 persistence_blocks=0 delay_bars=0 costs_enabled=True
2025-10-13 14:29:28,727 [INFO] backtest.engine: run_complete symbol=META trades=19 entries=19 exits=19 buffer_blocks=0 persistence_blocks=0 delay_bars=0 costs_enabled=True
2025-10-13 14:29:28,742 [INFO] backtest.engine: run_complete symbol=AAPL trades=21 entries=21 exits=21 buffer_blocks=0 persistence_blocks=0 delay_bars=0 costs_enabled=True
2025-10-13 14:29:28,744 [INFO] backtest.engine: run_complete symbol=AAPL trades=19 entries=19 exits=19 buffer_blocks=0 persistence_blocks=0 delay_bars=0 costs_enabled=True
2025-10-13 14:29:28,760 [INFO] backtest.engine: run_complete symbol=AAPL trades=25 entries=25 exits=25 buffer_blocks=0 persistence_blocks=0 delay_bars=0 costs_enabled=True
2025-10-13 14:29:28,763 [INFO] backtest.engine: run_complete symbol=AAPL trades=23 entries=23 exits=23 buffer_blocks=0 persistence_blocks=0 delay_bars=0 costs_enabled=True
2025-10-13 14:29:28,764 [INFO] backtest.engine: run_complete symbol=AAPL trades=27 entries=27 exits=27 buffer_blocks=0 persistence_blocks=0 delay_bars=0 costs_enabled=True
2025-10-13 14:29:28,765 [INFO] backtest.engine: run_complete symbol=AAPL trades=31 entries=31 exits=31 buffer_blocks=0 persistence_blocks=0 delay_bars=0 costs_enabled=True
2025-10-13 14:29:28,765 [INFO] backtest.engine: run_complete symbol=AAPL trades=20 entries=20 exits=20 buffer_blocks=0 persistence_blocks=0 delay_bars=0 costs_enabled=True
2025-10-13 14:29:28,767 [INFO] backtest.engine: run_complete symbol=AAPL trades=27 entries=27 exits=27 buffer_blocks=0 persistence_blocks=0 delay_bars=0 costs_enabled=True
2025-10-13 14:29:28,782 [INFO] backtest.engine: run_complete symbol=MSFT trades=29 entries=29 exits=29 buffer_blocks=0 persistence_blocks=0 delay_bars=0 costs_enabled=True
2025-10-13 14:29:28,783 [INFO] backtest.engine: run_complete symbol=MSFT trades=27 entries=27 exits=27 buffer_blocks=0 persistence_blocks=0 delay_bars=0 costs_enabled=True
2025-10-13 14:29:28,801 [INFO] backtest.engine: run_complete symbol=MSFT trades=32 entries=32 exits=32 buffer_blocks=0 persistence_blocks=0 delay_bars=0 costs_enabled=True
2025-10-13 14:29:28,805 [INFO] backtest.engine: run_complete symbol=MSFT trades=38 entries=38 exits=38 buffer_blocks=0 persistence_blocks=0 delay_bars=0 costs_enabled=True
2025-10-13 14:29:28,806 [INFO] backtest.engine: run_complete symbol=MSFT trades=33 entries=33 exits=33 buffer_blocks=0 persistence_blocks=0 delay_bars=0 costs_enabled=True
2025-10-13 14:29:28,806 [INFO] backtest.engine: run_complete symbol=MSFT trades=51 entries=51 exits=51 buffer_blocks=0 persistence_blocks=0 delay_bars=0 costs_enabled=True
2025-10-13 14:29:28,807 [INFO] backtest.engine: run_complete symbol=MSFT trades=43 entries=43 exits=43 buffer_blocks=0 persistence_blocks=0 delay_bars=0 costs_enabled=True
2025-10-13 14:29:28,808 [INFO] backtest.engine: run_complete symbol=MSFT trades=43 entries=43 exits=43 buffer_blocks=0 persistence_blocks=0 delay_bars=0 costs_enabled=True
2025-10-13 14:29:28,819 [INFO] backtest.engine: run_complete symbol=AMZN trades=18 entries=18 exits=18 buffer_blocks=0 persistence_blocks=0 delay_bars=0 costs_enabled=True
2025-10-13 14:29:28,820 [INFO] backtest.engine: run_complete symbol=AMZN trades=20 entries=20 exits=20 buffer_blocks=0 persistence_blocks=0 delay_bars=0 costs_enabled=True
2025-10-13 14:29:28,837 [INFO] backtest.engine: run_complete symbol=AMZN trades=19 entries=19 exits=19 buffer_blocks=0 persistence_blocks=0 delay_bars=0 costs_enabled=True
2025-10-13 14:29:28,844 [INFO] backtest.engine: run_complete symbol=AMZN trades=28 entries=28 exits=28 buffer_blocks=0 persistence_blocks=0 delay_bars=0 costs_enabled=True
2025-10-13 14:29:28,844 [INFO] backtest.engine: run_complete symbol=AMZN trades=25 entries=25 exits=25 buffer_blocks=0 persistence_blocks=0 delay_bars=0 costs_enabled=True
2025-10-13 14:29:28,845 [INFO] backtest.engine: run_complete symbol=AMZN trades=24 entries=24 exits=24 buffer_blocks=0 persistence_blocks=0 delay_bars=0 costs_enabled=True
2025-10-13 14:29:28,847 [INFO] backtest.engine: run_complete symbol=AMZN trades=27 entries=27 exits=27 buffer_blocks=0 persistence_blocks=0 delay_bars=0 costs_enabled=True
2025-10-13 14:29:28,847 [INFO] backtest.engine: run_complete symbol=AMZN trades=34 entries=34 exits=34 buffer_blocks=0 persistence_blocks=0 delay_bars=0 costs_enabled=True
2025-10-13 14:29:28,858 [INFO] backtest.engine: run_complete symbol=GOOG trades=26 entries=26 exits=26 buffer_blocks=0 persistence_blocks=0 delay_bars=0 costs_enabled=True
2025-10-13 14:29:28,860 [INFO] backtest.engine: run_complete symbol=GOOG trades=23 entries=23 exits=23 buffer_blocks=0 persistence_blocks=0 delay_bars=0 costs_enabled=True
2025-10-13 14:29:28,877 [INFO] backtest.engine: run_complete symbol=GOOG trades=31 entries=31 exits=31 buffer_blocks=0 persistence_blocks=0 delay_bars=0 costs_enabled=True
2025-10-13 14:29:28,885 [INFO] backtest.engine: run_complete symbol=GOOG trades=31 entries=31 exits=31 buffer_blocks=0 persistence_blocks=0 delay_bars=0 costs_enabled=True
2025-10-13 14:29:28,886 [INFO] backtest.engine: run_complete symbol=GOOG trades=37 entries=37 exits=37 buffer_blocks=0 persistence_blocks=0 delay_bars=0 costs_enabled=True
2025-10-13 14:29:28,888 [INFO] backtest.engine: run_complete symbol=GOOG trades=39 entries=39 exits=39 buffer_blocks=0 persistence_blocks=0 delay_bars=0 costs_enabled=True
2025-10-13 14:29:28,888 [INFO] backtest.engine: run_complete symbol=GOOG trades=46 entries=46 exits=46 buffer_blocks=0 persistence_blocks=0 delay_bars=0 costs_enabled=True
2025-10-13 14:29:28,890 [INFO] backtest.engine: run_complete symbol=GOOG trades=37 entries=37 exits=37 buffer_blocks=0 persistence_blocks=0 delay_bars=0 costs_enabled=True
2025-10-13 14:29:28,918 [INFO] backtest.engine: run_complete symbol=META trades=29 entries=29 exits=29 buffer_blocks=0 persistence_blocks=0 delay_bars=0 costs_enabled=True
2025-10-13 14:29:28,921 [INFO] backtest.engine: run_complete symbol=META trades=23 entries=23 exits=23 buffer_blocks=0 persistence_blocks=0 delay_bars=0 costs_enabled=True
2025-10-13 14:29:28,941 [INFO] backtest.engine: run_complete symbol=META trades=30 entries=30 exits=30 buffer_blocks=0 persistence_blocks=0 delay_bars=0 costs_enabled=True
2025-10-13 14:29:28,944 [INFO] backtest.engine: run_complete symbol=AAPL trades=11 entries=11 exits=11 buffer_blocks=0 persistence_blocks=0 delay_bars=0 costs_enabled=True
2025-10-13 14:29:28,945 [INFO] backtest.engine: run_complete symbol=AAPL trades=12 entries=12 exits=12 buffer_blocks=0 persistence_blocks=0 delay_bars=0 costs_enabled=True
2025-10-13 14:29:28,950 [INFO] backtest.engine: run_complete symbol=META trades=27 entries=27 exits=27 buffer_blocks=0 persistence_blocks=0 delay_bars=0 costs_enabled=True
2025-10-13 14:29:28,953 [INFO] backtest.engine: run_complete symbol=META trades=33 entries=33 exits=33 buffer_blocks=0 persistence_blocks=0 delay_bars=0 costs_enabled=True
2025-10-13 14:29:28,954 [INFO] backtest.engine: run_complete symbol=META trades=41 entries=41 exits=41 buffer_blocks=0 persistence_blocks=0 delay_bars=0 costs_enabled=True
2025-10-13 14:29:28,954 [INFO] backtest.engine: run_complete symbol=META trades=50 entries=50 exits=50 buffer_blocks=0 persistence_blocks=0 delay_bars=0 costs_enabled=True
2025-10-13 14:29:28,954 [INFO] backtest.engine: run_complete symbol=META trades=33 entries=33 exits=33 buffer_blocks=0 persistence_blocks=0 delay_bars=0 costs_enabled=True
2025-10-13 14:29:28,965 [INFO] backtest.engine: run_complete symbol=MSFT trades=8 entries=8 exits=8 buffer_blocks=0 persistence_blocks=0 delay_bars=0 costs_enabled=True
2025-10-13 14:29:28,966 [INFO] backtest.engine: run_complete symbol=AAPL trades=11 entries=11 exits=11 buffer_blocks=0 persistence_blocks=0 delay_bars=0 costs_enabled=True
2025-10-13 14:29:28,967 [INFO] backtest.engine: run_complete symbol=MSFT trades=10 entries=10 exits=10 buffer_blocks=0 persistence_blocks=0 delay_bars=0 costs_enabled=True
2025-10-13 14:29:28,975 [INFO] backtest.engine: run_complete symbol=AAPL trades=11 entries=11 exits=11 buffer_blocks=0 persistence_blocks=0 delay_bars=0 costs_enabled=True
2025-10-13 14:29:28,978 [INFO] backtest.engine: run_complete symbol=AAPL trades=13 entries=13 exits=13 buffer_blocks=0 persistence_blocks=0 delay_bars=0 costs_enabled=True
2025-10-13 14:29:28,979 [INFO] backtest.engine: run_complete symbol=AAPL trades=14 entries=14 exits=14 buffer_blocks=0 persistence_blocks=0 delay_bars=0 costs_enabled=True
2025-10-13 14:29:28,980 [INFO] backtest.engine: run_complete symbol=AAPL trades=15 entries=15 exits=15 buffer_blocks=0 persistence_blocks=0 delay_bars=0 costs_enabled=True
2025-10-13 14:29:28,980 [INFO] backtest.engine: run_complete symbol=AAPL trades=15 entries=15 exits=15 buffer_blocks=0 persistence_blocks=0 delay_bars=0 costs_enabled=True
2025-10-13 14:29:28,987 [INFO] backtest.engine: run_complete symbol=AMZN trades=9 entries=9 exits=9 buffer_blocks=0 persistence_blocks=0 delay_bars=0 costs_enabled=True
2025-10-13 14:29:28,987 [INFO] backtest.engine: run_complete symbol=MSFT trades=10 entries=10 exits=10 buffer_blocks=0 persistence_blocks=0 delay_bars=0 costs_enabled=True
2025-10-13 14:29:28,988 [INFO] backtest.engine: run_complete symbol=AMZN trades=10 entries=10 exits=10 buffer_blocks=0 persistence_blocks=0 delay_bars=0 costs_enabled=True
2025-10-13 14:29:28,996 [INFO] backtest.engine: run_complete symbol=MSFT trades=7 entries=7 exits=7 buffer_blocks=0 persistence_blocks=0 delay_bars=0 costs_enabled=True
2025-10-13 14:29:28,999 [INFO] backtest.engine: run_complete symbol=MSFT trades=12 entries=12 exits=12 buffer_blocks=0 persistence_blocks=0 delay_bars=0 costs_enabled=True
2025-10-13 14:29:29,001 [INFO] backtest.engine: run_complete symbol=MSFT trades=13 entries=13 exits=13 buffer_blocks=0 persistence_blocks=0 delay_bars=0 costs_enabled=True
2025-10-13 14:29:29,001 [INFO] backtest.engine: run_complete symbol=MSFT trades=12 entries=12 exits=12 buffer_blocks=0 persistence_blocks=0 delay_bars=0 costs_enabled=True
2025-10-13 14:29:29,002 [INFO] backtest.engine: run_complete symbol=MSFT trades=14 entries=14 exits=14 buffer_blocks=0 persistence_blocks=0 delay_bars=0 costs_enabled=True
2025-10-13 14:29:29,009 [INFO] backtest.engine: run_complete symbol=AMZN trades=12 entries=12 exits=12 buffer_blocks=0 persistence_blocks=0 delay_bars=0 costs_enabled=True
2025-10-13 14:29:29,009 [INFO] backtest.engine: run_complete symbol=GOOG trades=12 entries=12 exits=12 buffer_blocks=0 persistence_blocks=0 delay_bars=0 costs_enabled=True
2025-10-13 14:29:29,009 [INFO] backtest.engine: run_complete symbol=GOOG trades=11 entries=11 exits=11 buffer_blocks=0 persistence_blocks=0 delay_bars=0 costs_enabled=True
2025-10-13 14:29:29,019 [INFO] backtest.engine: run_complete symbol=AMZN trades=14 entries=14 exits=14 buffer_blocks=0 persistence_blocks=0 delay_bars=0 costs_enabled=True
2025-10-13 14:29:29,021 [INFO] backtest.engine: run_complete symbol=AMZN trades=13 entries=13 exits=13 buffer_blocks=0 persistence_blocks=0 delay_bars=0 costs_enabled=True
2025-10-13 14:29:29,023 [INFO] backtest.engine: run_complete symbol=AMZN trades=16 entries=16 exits=16 buffer_blocks=0 persistence_blocks=0 delay_bars=0 costs_enabled=True
2025-10-13 14:29:29,024 [INFO] backtest.engine: run_complete symbol=AMZN trades=16 entries=16 exits=16 buffer_blocks=0 persistence_blocks=0 delay_bars=0 costs_enabled=True
2025-10-13 14:29:29,025 [INFO] backtest.engine: run_complete symbol=AMZN trades=16 entries=16 exits=16 buffer_blocks=0 persistence_blocks=0 delay_bars=0 costs_enabled=True
2025-10-13 14:29:29,032 [INFO] backtest.engine: run_complete symbol=GOOG trades=14 entries=14 exits=14 buffer_blocks=0 persistence_blocks=0 delay_bars=0 costs_enabled=True
2025-10-13 14:29:29,032 [INFO] backtest.engine: run_complete symbol=META trades=16 entries=16 exits=16 buffer_blocks=0 persistence_blocks=0 delay_bars=0 costs_enabled=True
2025-10-13 14:29:29,034 [INFO] backtest.engine: run_complete symbol=META trades=20 entries=20 exits=20 buffer_blocks=0 persistence_blocks=0 delay_bars=0 costs_enabled=True
2025-10-13 14:29:29,042 [INFO] backtest.engine: run_complete symbol=GOOG trades=16 entries=16 exits=16 buffer_blocks=0 persistence_blocks=0 delay_bars=0 costs_enabled=True
2025-10-13 14:29:29,042 [INFO] backtest.engine: run_complete symbol=GOOG trades=16 entries=16 exits=16 buffer_blocks=0 persistence_blocks=0 delay_bars=0 costs_enabled=True
2025-10-13 14:29:29,045 [INFO] backtest.engine: run_complete symbol=GOOG trades=13 entries=14 exits=13 buffer_blocks=0 persistence_blocks=0 delay_bars=0 costs_enabled=True
2025-10-13 14:29:29,047 [INFO] backtest.engine: run_complete symbol=GOOG trades=18 entries=18 exits=18 buffer_blocks=0 persistence_blocks=0 delay_bars=0 costs_enabled=True
2025-10-13 14:29:29,048 [INFO] backtest.engine: run_complete symbol=GOOG trades=18 entries=18 exits=18 buffer_blocks=0 persistence_blocks=0 delay_bars=0 costs_enabled=True
2025-10-13 14:29:29,055 [INFO] backtest.engine: run_complete symbol=META trades=21 entries=21 exits=21 buffer_blocks=0 persistence_blocks=0 delay_bars=0 costs_enabled=True
2025-10-13 14:29:29,064 [INFO] backtest.engine: run_complete symbol=META trades=16 entries=16 exits=16 buffer_blocks=0 persistence_blocks=0 delay_bars=0 costs_enabled=True
2025-10-13 14:29:29,067 [INFO] backtest.engine: run_complete symbol=META trades=21 entries=21 exits=21 buffer_blocks=0 persistence_blocks=0 delay_bars=0 costs_enabled=True
2025-10-13 14:29:29,071 [INFO] backtest.engine: run_complete symbol=META trades=18 entries=18 exits=18 buffer_blocks=0 persistence_blocks=0 delay_bars=0 costs_enabled=True
2025-10-13 14:29:29,071 [INFO] backtest.engine: run_complete symbol=META trades=34 entries=34 exits=34 buffer_blocks=0 persistence_blocks=0 delay_bars=0 costs_enabled=True
2025-10-13 14:29:29,071 [INFO] backtest.engine: run_complete symbol=META trades=21 entries=21 exits=21 buffer_blocks=0 persistence_blocks=0 delay_bars=0 costs_enabled=True
2025-10-13 14:29:29,073 [INFO] backtest.engine: run_complete symbol=AAPL trades=26 entries=26 exits=26 buffer_blocks=0 persistence_blocks=0 delay_bars=0 costs_enabled=True
2025-10-13 14:29:29,076 [INFO] backtest.engine: run_complete symbol=AAPL trades=36 entries=36 exits=36 buffer_blocks=0 persistence_blocks=0 delay_bars=0 costs_enabled=True
2025-10-13 14:29:29,096 [INFO] backtest.engine: run_complete symbol=AAPL trades=33 entries=33 exits=33 buffer_blocks=0 persistence_blocks=0 delay_bars=0 costs_enabled=True
2025-10-13 14:29:29,106 [INFO] backtest.engine: run_complete symbol=AAPL trades=34 entries=34 exits=34 buffer_blocks=0 persistence_blocks=0 delay_bars=0 costs_enabled=True
2025-10-13 14:29:29,114 [INFO] backtest.engine: run_complete symbol=MSFT trades=41 entries=41 exits=41 buffer_blocks=0 persistence_blocks=0 delay_bars=0 costs_enabled=True
2025-10-13 14:29:29,118 [INFO] backtest.engine: run_complete symbol=MSFT trades=42 entries=42 exits=42 buffer_blocks=0 persistence_blocks=0 delay_bars=0 costs_enabled=True
2025-10-13 14:29:29,138 [INFO] backtest.engine: run_complete symbol=MSFT trades=46 entries=46 exits=46 buffer_blocks=0 persistence_blocks=0 delay_bars=0 costs_enabled=True
2025-10-13 14:29:29,147 [INFO] backtest.engine: run_complete symbol=MSFT trades=42 entries=42 exits=42 buffer_blocks=0 persistence_blocks=0 delay_bars=0 costs_enabled=True
2025-10-13 14:29:29,152 [INFO] backtest.engine: run_complete symbol=AMZN trades=27 entries=27 exits=27 buffer_blocks=0 persistence_blocks=0 delay_bars=0 costs_enabled=True
2025-10-13 14:29:29,156 [INFO] backtest.engine: run_complete symbol=AMZN trades=32 entries=32 exits=32 buffer_blocks=0 persistence_blocks=0 delay_bars=0 costs_enabled=True
2025-10-13 14:29:29,176 [INFO] backtest.engine: run_complete symbol=AMZN trades=31 entries=31 exits=31 buffer_blocks=0 persistence_blocks=0 delay_bars=0 costs_enabled=True
2025-10-13 14:29:29,185 [INFO] backtest.engine: run_complete symbol=AMZN trades=28 entries=28 exits=28 buffer_blocks=0 persistence_blocks=0 delay_bars=0 costs_enabled=True
2025-10-13 14:29:29,192 [INFO] backtest.engine: run_complete symbol=GOOG trades=35 entries=35 exits=35 buffer_blocks=0 persistence_blocks=0 delay_bars=0 costs_enabled=True
2025-10-13 14:29:29,196 [INFO] backtest.engine: run_complete symbol=GOOG trades=41 entries=41 exits=41 buffer_blocks=0 persistence_blocks=0 delay_bars=0 costs_enabled=True
2025-10-13 14:29:29,218 [INFO] backtest.engine: run_complete symbol=GOOG trades=44 entries=44 exits=44 buffer_blocks=0 persistence_blocks=0 delay_bars=0 costs_enabled=True
2025-10-13 14:29:29,225 [INFO] backtest.engine: run_complete symbol=GOOG trades=37 entries=37 exits=37 buffer_blocks=0 persistence_blocks=0 delay_bars=0 costs_enabled=True
2025-10-13 14:29:29,231 [INFO] backtest.engine: run_complete symbol=META trades=30 entries=30 exits=30 buffer_blocks=0 persistence_blocks=0 delay_bars=0 costs_enabled=True
2025-10-13 14:29:29,237 [INFO] backtest.engine: run_complete symbol=META trades=40 entries=40 exits=40 buffer_blocks=0 persistence_blocks=0 delay_bars=0 costs_enabled=True
2025-10-13 14:29:29,257 [INFO] backtest.engine: run_complete symbol=AAPL trades=17 entries=17 exits=17 buffer_blocks=0 persistence_blocks=0 delay_bars=0 costs_enabled=True
2025-10-13 14:29:29,258 [INFO] backtest.engine: run_complete symbol=META trades=41 entries=42 exits=41 buffer_blocks=0 persistence_blocks=0 delay_bars=0 costs_enabled=True
2025-10-13 14:29:29,264 [INFO] backtest.engine: run_complete symbol=AAPL trades=20 entries=20 exits=20 buffer_blocks=0 persistence_blocks=0 delay_bars=0 costs_enabled=True
2025-10-13 14:29:29,267 [INFO] backtest.engine: run_complete symbol=META trades=37 entries=37 exits=37 buffer_blocks=0 persistence_blocks=0 delay_bars=0 costs_enabled=True
2025-10-13 14:29:29,279 [INFO] backtest.engine: run_complete symbol=MSFT trades=13 entries=13 exits=13 buffer_blocks=0 persistence_blocks=0 delay_bars=0 costs_enabled=True
2025-10-13 14:29:29,283 [INFO] backtest.engine: run_complete symbol=AAPL trades=16 entries=16 exits=16 buffer_blocks=0 persistence_blocks=0 delay_bars=0 costs_enabled=True
2025-10-13 14:29:29,286 [INFO] backtest.engine: run_complete symbol=MSFT trades=17 entries=17 exits=17 buffer_blocks=0 persistence_blocks=0 delay_bars=0 costs_enabled=True
2025-10-13 14:29:29,292 [INFO] backtest.engine: run_complete symbol=AAPL trades=18 entries=18 exits=18 buffer_blocks=0 persistence_blocks=0 delay_bars=0 costs_enabled=True
2025-10-13 14:29:29,300 [INFO] backtest.engine: run_complete symbol=AMZN trades=15 entries=15 exits=15 buffer_blocks=0 persistence_blocks=0 delay_bars=0 costs_enabled=True
2025-10-13 14:29:29,305 [INFO] backtest.engine: run_complete symbol=MSFT trades=14 entries=14 exits=14 buffer_blocks=0 persistence_blocks=0 delay_bars=0 costs_enabled=True
2025-10-13 14:29:29,310 [INFO] backtest.engine: run_complete symbol=AMZN trades=21 entries=21 exits=21 buffer_blocks=0 persistence_blocks=0 delay_bars=0 costs_enabled=True
2025-10-13 14:29:29,314 [INFO] backtest.engine: run_complete symbol=MSFT trades=15 entries=15 exits=15 buffer_blocks=0 persistence_blocks=0 delay_bars=0 costs_enabled=True
2025-10-13 14:29:29,323 [INFO] backtest.engine: run_complete symbol=GOOG trades=18 entries=18 exits=18 buffer_blocks=0 persistence_blocks=0 delay_bars=0 costs_enabled=True
2025-10-13 14:29:29,327 [INFO] backtest.engine: run_complete symbol=AMZN trades=19 entries=19 exits=19 buffer_blocks=0 persistence_blocks=0 delay_bars=0 costs_enabled=True
2025-10-13 14:29:29,333 [INFO] backtest.engine: run_complete symbol=GOOG trades=20 entries=20 exits=20 buffer_blocks=0 persistence_blocks=0 delay_bars=0 costs_enabled=True
2025-10-13 14:29:29,336 [INFO] backtest.engine: run_complete symbol=AMZN trades=17 entries=17 exits=17 buffer_blocks=0 persistence_blocks=0 delay_bars=0 costs_enabled=True
2025-10-13 14:29:29,346 [INFO] backtest.engine: run_complete symbol=META trades=18 entries=18 exits=18 buffer_blocks=0 persistence_blocks=0 delay_bars=0 costs_enabled=True
2025-10-13 14:29:29,349 [INFO] backtest.engine: run_complete symbol=GOOG trades=18 entries=18 exits=18 buffer_blocks=0 persistence_blocks=0 delay_bars=0 costs_enabled=True
2025-10-13 14:29:29,356 [INFO] backtest.engine: run_complete symbol=META trades=24 entries=24 exits=24 buffer_blocks=0 persistence_blocks=0 delay_bars=0 costs_enabled=True
2025-10-13 14:29:29,358 [INFO] backtest.engine: run_complete symbol=GOOG trades=18 entries=18 exits=18 buffer_blocks=0 persistence_blocks=0 delay_bars=0 costs_enabled=True
2025-10-13 14:29:29,373 [INFO] backtest.engine: run_complete symbol=META trades=27 entries=27 exits=27 buffer_blocks=0 persistence_blocks=0 delay_bars=0 costs_enabled=True
2025-10-13 14:29:29,383 [INFO] backtest.engine: run_complete symbol=META trades=23 entries=23 exits=23 buffer_blocks=0 persistence_blocks=0 delay_bars=0 costs_enabled=True
2025-10-13 14:29:30,069 [INFO] backtest.engine: run_complete symbol=AAPL trades=30 entries=30 exits=30 buffer_blocks=0 persistence_blocks=0 delay_bars=0 costs_enabled=True
2025-10-13 14:29:30,069 [INFO] backtest.engine: run_complete symbol=AAPL trades=25 entries=25 exits=25 buffer_blocks=0 persistence_blocks=0 delay_bars=0 costs_enabled=True
2025-10-13 14:29:30,072 [INFO] backtest.engine: run_complete symbol=AAPL trades=21 entries=21 exits=21 buffer_blocks=0 persistence_blocks=0 delay_bars=0 costs_enabled=True
2025-10-13 14:29:30,072 [INFO] backtest.engine: run_complete symbol=AAPL trades=23 entries=23 exits=23 buffer_blocks=0 persistence_blocks=0 delay_bars=0 costs_enabled=True
2025-10-13 14:29:30,077 [INFO] backtest.engine: run_complete symbol=AAPL trades=18 entries=18 exits=18 buffer_blocks=0 persistence_blocks=0 delay_bars=0 costs_enabled=True
2025-10-13 14:29:30,082 [INFO] backtest.engine: run_complete symbol=AAPL trades=21 entries=21 exits=21 buffer_blocks=0 persistence_blocks=0 delay_bars=0 costs_enabled=True
2025-10-13 14:29:30,082 [INFO] backtest.engine: run_complete symbol=AAPL trades=32 entries=32 exits=32 buffer_blocks=0 persistence_blocks=0 delay_bars=0 costs_enabled=True
2025-10-13 14:29:30,097 [INFO] backtest.engine: run_complete symbol=AAPL trades=48 entries=48 exits=48 buffer_blocks=0 persistence_blocks=0 delay_bars=0 costs_enabled=True
2025-10-13 14:29:30,113 [INFO] backtest.engine: run_complete symbol=MSFT trades=35 entries=35 exits=35 buffer_blocks=0 persistence_blocks=0 delay_bars=0 costs_enabled=True
2025-10-13 14:29:30,114 [INFO] backtest.engine: run_complete symbol=MSFT trades=42 entries=42 exits=42 buffer_blocks=0 persistence_blocks=0 delay_bars=0 costs_enabled=True
2025-10-13 14:29:30,115 [INFO] backtest.engine: run_complete symbol=MSFT trades=47 entries=47 exits=47 buffer_blocks=0 persistence_blocks=0 delay_bars=0 costs_enabled=True
2025-10-13 14:29:30,115 [INFO] backtest.engine: run_complete symbol=MSFT trades=21 entries=21 exits=21 buffer_blocks=0 persistence_blocks=0 delay_bars=0 costs_enabled=True
2025-10-13 14:29:30,116 [INFO] backtest.engine: run_complete symbol=MSFT trades=39 entries=39 exits=39 buffer_blocks=0 persistence_blocks=0 delay_bars=0 costs_enabled=True
2025-10-13 14:29:30,125 [INFO] backtest.engine: run_complete symbol=MSFT trades=39 entries=39 exits=39 buffer_blocks=0 persistence_blocks=0 delay_bars=0 costs_enabled=True
2025-10-13 14:29:30,125 [INFO] backtest.engine: run_complete symbol=MSFT trades=36 entries=36 exits=36 buffer_blocks=0 persistence_blocks=0 delay_bars=0 costs_enabled=True
2025-10-13 14:29:30,143 [INFO] backtest.engine: run_complete symbol=MSFT trades=65 entries=65 exits=65 buffer_blocks=0 persistence_blocks=0 delay_bars=0 costs_enabled=True
2025-10-13 14:29:30,151 [INFO] backtest.engine: run_complete symbol=AMZN trades=10 entries=10 exits=10 buffer_blocks=0 persistence_blocks=0 delay_bars=0 costs_enabled=True
2025-10-13 14:29:30,152 [INFO] backtest.engine: run_complete symbol=AMZN trades=27 entries=27 exits=27 buffer_blocks=0 persistence_blocks=0 delay_bars=0 costs_enabled=True
2025-10-13 14:29:30,152 [INFO] backtest.engine: run_complete symbol=AMZN trades=22 entries=22 exits=22 buffer_blocks=0 persistence_blocks=0 delay_bars=0 costs_enabled=True
2025-10-13 14:29:30,154 [INFO] backtest.engine: run_complete symbol=AMZN trades=26 entries=26 exits=26 buffer_blocks=0 persistence_blocks=0 delay_bars=0 costs_enabled=True
2025-10-13 14:29:30,155 [INFO] backtest.engine: run_complete symbol=AMZN trades=22 entries=22 exits=22 buffer_blocks=0 persistence_blocks=0 delay_bars=0 costs_enabled=True
2025-10-13 14:29:30,163 [INFO] backtest.engine: run_complete symbol=AMZN trades=24 entries=24 exits=24 buffer_blocks=0 persistence_blocks=0 delay_bars=0 costs_enabled=True
2025-10-13 14:29:30,164 [INFO] backtest.engine: run_complete symbol=AMZN trades=28 entries=28 exits=28 buffer_blocks=0 persistence_blocks=0 delay_bars=0 costs_enabled=True
2025-10-13 14:29:30,186 [INFO] backtest.engine: run_complete symbol=AMZN trades=42 entries=42 exits=42 buffer_blocks=0 persistence_blocks=0 delay_bars=0 costs_enabled=True
2025-10-13 14:29:30,188 [INFO] backtest.engine: run_complete symbol=GOOG trades=17 entries=17 exits=17 buffer_blocks=0 persistence_blocks=0 delay_bars=0 costs_enabled=True
2025-10-13 14:29:30,193 [INFO] backtest.engine: run_complete symbol=GOOG trades=33 entries=33 exits=33 buffer_blocks=0 persistence_blocks=0 delay_bars=0 costs_enabled=True
2025-10-13 14:29:30,193 [INFO] backtest.engine: run_complete symbol=GOOG trades=32 entries=32 exits=32 buffer_blocks=0 persistence_blocks=0 delay_bars=0 costs_enabled=True
2025-10-13 14:29:30,194 [INFO] backtest.engine: run_complete symbol=GOOG trades=40 entries=40 exits=40 buffer_blocks=0 persistence_blocks=0 delay_bars=0 costs_enabled=True
2025-10-13 14:29:30,196 [INFO] backtest.engine: run_complete symbol=GOOG trades=36 entries=36 exits=36 buffer_blocks=0 persistence_blocks=0 delay_bars=0 costs_enabled=True
2025-10-13 14:29:30,203 [INFO] backtest.engine: run_complete symbol=GOOG trades=30 entries=31 exits=30 buffer_blocks=0 persistence_blocks=0 delay_bars=0 costs_enabled=True
2025-10-13 14:29:30,205 [INFO] backtest.engine: run_complete symbol=GOOG trades=40 entries=40 exits=40 buffer_blocks=0 persistence_blocks=0 delay_bars=0 costs_enabled=True
2025-10-13 14:29:30,226 [INFO] backtest.engine: run_complete symbol=META trades=20 entries=20 exits=20 buffer_blocks=0 persistence_blocks=0 delay_bars=0 costs_enabled=True
2025-10-13 14:29:30,230 [INFO] backtest.engine: run_complete symbol=GOOG trades=61 entries=61 exits=61 buffer_blocks=0 persistence_blocks=0 delay_bars=0 costs_enabled=True
2025-10-13 14:29:30,235 [INFO] backtest.engine: run_complete symbol=META trades=31 entries=31 exits=31 buffer_blocks=0 persistence_blocks=0 delay_bars=0 costs_enabled=True
2025-10-13 14:29:30,236 [INFO] backtest.engine: run_complete symbol=META trades=41 entries=41 exits=41 buffer_blocks=0 persistence_blocks=0 delay_bars=0 costs_enabled=True
2025-10-13 14:29:30,236 [INFO] backtest.engine: run_complete symbol=META trades=36 entries=36 exits=36 buffer_blocks=0 persistence_blocks=0 delay_bars=0 costs_enabled=True
2025-10-13 14:29:30,238 [INFO] backtest.engine: run_complete symbol=META trades=40 entries=40 exits=40 buffer_blocks=0 persistence_blocks=0 delay_bars=0 costs_enabled=True
2025-10-13 14:29:30,244 [INFO] backtest.engine: run_complete symbol=META trades=29 entries=29 exits=29 buffer_blocks=0 persistence_blocks=0 delay_bars=0 costs_enabled=True
2025-10-13 14:29:30,246 [INFO] backtest.engine: run_complete symbol=META trades=36 entries=36 exits=36 buffer_blocks=0 persistence_blocks=0 delay_bars=0 costs_enabled=True
2025-10-13 14:29:30,252 [INFO] backtest.engine: run_complete symbol=AAPL trades=7 entries=7 exits=7 buffer_blocks=0 persistence_blocks=0 delay_bars=0 costs_enabled=True
2025-10-13 14:29:30,263 [INFO] backtest.engine: run_complete symbol=AAPL trades=17 entries=17 exits=17 buffer_blocks=0 persistence_blocks=0 delay_bars=0 costs_enabled=True
2025-10-13 14:29:30,264 [INFO] backtest.engine: run_complete symbol=AAPL trades=12 entries=12 exits=12 buffer_blocks=0 persistence_blocks=0 delay_bars=0 costs_enabled=True
2025-10-13 14:29:30,264 [INFO] backtest.engine: run_complete symbol=AAPL trades=19 entries=19 exits=19 buffer_blocks=0 persistence_blocks=0 delay_bars=0 costs_enabled=True
2025-10-13 14:29:30,266 [INFO] backtest.engine: run_complete symbol=AAPL trades=14 entries=14 exits=14 buffer_blocks=0 persistence_blocks=0 delay_bars=0 costs_enabled=True
2025-10-13 14:29:30,270 [INFO] backtest.engine: run_complete symbol=AAPL trades=12 entries=12 exits=12 buffer_blocks=0 persistence_blocks=0 delay_bars=0 costs_enabled=True
2025-10-13 14:29:30,273 [INFO] backtest.engine: run_complete symbol=AAPL trades=18 entries=18 exits=18 buffer_blocks=0 persistence_blocks=0 delay_bars=0 costs_enabled=True
2025-10-13 14:29:30,274 [INFO] backtest.engine: run_complete symbol=MSFT trades=8 entries=8 exits=8 buffer_blocks=0 persistence_blocks=0 delay_bars=0 costs_enabled=True
2025-10-13 14:29:30,277 [INFO] backtest.engine: run_complete symbol=META trades=60 entries=60 exits=60 buffer_blocks=0 persistence_blocks=0 delay_bars=0 costs_enabled=True
2025-10-13 14:29:30,287 [INFO] backtest.engine: run_complete symbol=MSFT trades=13 entries=13 exits=13 buffer_blocks=0 persistence_blocks=0 delay_bars=0 costs_enabled=True
2025-10-13 14:29:30,287 [INFO] backtest.engine: run_complete symbol=MSFT trades=10 entries=10 exits=10 buffer_blocks=0 persistence_blocks=0 delay_bars=0 costs_enabled=True
2025-10-13 14:29:30,287 [INFO] backtest.engine: run_complete symbol=MSFT trades=13 entries=13 exits=13 buffer_blocks=0 persistence_blocks=0 delay_bars=0 costs_enabled=True
2025-10-13 14:29:30,287 [INFO] backtest.engine: run_complete symbol=MSFT trades=10 entries=10 exits=10 buffer_blocks=0 persistence_blocks=0 delay_bars=0 costs_enabled=True
2025-10-13 14:29:30,292 [INFO] backtest.engine: run_complete symbol=MSFT trades=8 entries=8 exits=8 buffer_blocks=0 persistence_blocks=0 delay_bars=0 costs_enabled=True
2025-10-13 14:29:30,295 [INFO] backtest.engine: run_complete symbol=AMZN trades=7 entries=7 exits=7 buffer_blocks=0 persistence_blocks=0 delay_bars=0 costs_enabled=True
2025-10-13 14:29:30,298 [INFO] backtest.engine: run_complete symbol=MSFT trades=14 entries=14 exits=14 buffer_blocks=0 persistence_blocks=0 delay_bars=0 costs_enabled=True
2025-10-13 14:29:30,306 [INFO] backtest.engine: run_complete symbol=AAPL trades=24 entries=24 exits=24 buffer_blocks=0 persistence_blocks=0 delay_bars=0 costs_enabled=True
2025-10-13 14:29:30,309 [INFO] backtest.engine: run_complete symbol=AMZN trades=11 entries=11 exits=11 buffer_blocks=0 persistence_blocks=0 delay_bars=0 costs_enabled=True
2025-10-13 14:29:30,310 [INFO] backtest.engine: run_complete symbol=AMZN trades=17 entries=17 exits=17 buffer_blocks=0 persistence_blocks=0 delay_bars=0 costs_enabled=True
2025-10-13 14:29:30,311 [INFO] backtest.engine: run_complete symbol=AMZN trades=15 entries=15 exits=15 buffer_blocks=0 persistence_blocks=0 delay_bars=0 costs_enabled=True
2025-10-13 14:29:30,311 [INFO] backtest.engine: run_complete symbol=AMZN trades=19 entries=19 exits=19 buffer_blocks=0 persistence_blocks=0 delay_bars=0 costs_enabled=True
2025-10-13 14:29:30,316 [INFO] backtest.engine: run_complete symbol=AMZN trades=15 entries=15 exits=15 buffer_blocks=0 persistence_blocks=0 delay_bars=0 costs_enabled=True
2025-10-13 14:29:30,317 [INFO] backtest.engine: run_complete symbol=GOOG trades=8 entries=8 exits=8 buffer_blocks=0 persistence_blocks=0 delay_bars=0 costs_enabled=True
2025-10-13 14:29:30,321 [INFO] backtest.engine: run_complete symbol=AMZN trades=16 entries=16 exits=16 buffer_blocks=0 persistence_blocks=0 delay_bars=0 costs_enabled=True
2025-10-13 14:29:30,331 [INFO] backtest.engine: run_complete symbol=MSFT trades=22 entries=22 exits=22 buffer_blocks=0 persistence_blocks=0 delay_bars=0 costs_enabled=True
2025-10-13 14:29:30,332 [INFO] backtest.engine: run_complete symbol=GOOG trades=13 entries=13 exits=13 buffer_blocks=0 persistence_blocks=0 delay_bars=0 costs_enabled=True
2025-10-13 14:29:30,334 [INFO] backtest.engine: run_complete symbol=GOOG trades=16 entries=16 exits=16 buffer_blocks=0 persistence_blocks=0 delay_bars=0 costs_enabled=True
2025-10-13 14:29:30,334 [INFO] backtest.engine: run_complete symbol=GOOG trades=17 entries=17 exits=17 buffer_blocks=0 persistence_blocks=0 delay_bars=0 costs_enabled=True
2025-10-13 14:29:30,335 [INFO] backtest.engine: run_complete symbol=GOOG trades=21 entries=21 exits=21 buffer_blocks=0 persistence_blocks=0 delay_bars=0 costs_enabled=True
2025-10-13 14:29:30,339 [INFO] backtest.engine: run_complete symbol=GOOG trades=15 entries=15 exits=15 buffer_blocks=0 persistence_blocks=0 delay_bars=0 costs_enabled=True
2025-10-13 14:29:30,341 [INFO] backtest.engine: run_complete symbol=META trades=14 entries=14 exits=14 buffer_blocks=0 persistence_blocks=0 delay_bars=0 costs_enabled=True
2025-10-13 14:29:30,345 [INFO] backtest.engine: run_complete symbol=GOOG trades=17 entries=17 exits=17 buffer_blocks=0 persistence_blocks=0 delay_bars=0 costs_enabled=True
2025-10-13 14:29:30,356 [INFO] backtest.engine: run_complete symbol=META trades=17 entries=17 exits=17 buffer_blocks=0 persistence_blocks=0 delay_bars=0 costs_enabled=True
2025-10-13 14:29:30,356 [INFO] backtest.engine: run_complete symbol=AMZN trades=26 entries=26 exits=26 buffer_blocks=0 persistence_blocks=0 delay_bars=0 costs_enabled=True
2025-10-13 14:29:30,358 [INFO] backtest.engine: run_complete symbol=META trades=21 entries=21 exits=21 buffer_blocks=0 persistence_blocks=0 delay_bars=0 costs_enabled=True
2025-10-13 14:29:30,358 [INFO] backtest.engine: run_complete symbol=META trades=19 entries=19 exits=19 buffer_blocks=0 persistence_blocks=0 delay_bars=0 costs_enabled=True
2025-10-13 14:29:30,359 [INFO] backtest.engine: run_complete symbol=META trades=23 entries=23 exits=23 buffer_blocks=0 persistence_blocks=0 delay_bars=0 costs_enabled=True
2025-10-13 14:29:30,362 [INFO] backtest.engine: run_complete symbol=META trades=16 entries=16 exits=16 buffer_blocks=0 persistence_blocks=0 delay_bars=0 costs_enabled=True
2025-10-13 14:29:30,371 [INFO] backtest.engine: run_complete symbol=META trades=24 entries=24 exits=24 buffer_blocks=0 persistence_blocks=0 delay_bars=0 costs_enabled=True
2025-10-13 14:29:30,381 [INFO] backtest.engine: run_complete symbol=AAPL trades=18 entries=18 exits=18 buffer_blocks=0 persistence_blocks=0 delay_bars=0 costs_enabled=True
2025-10-13 14:29:30,382 [INFO] backtest.engine: run_complete symbol=GOOG trades=31 entries=31 exits=31 buffer_blocks=0 persistence_blocks=0 delay_bars=0 costs_enabled=True
2025-10-13 14:29:30,397 [INFO] backtest.engine: run_complete symbol=AAPL trades=23 entries=23 exits=23 buffer_blocks=0 persistence_blocks=0 delay_bars=0 costs_enabled=True
2025-10-13 14:29:30,399 [INFO] backtest.engine: run_complete symbol=AAPL trades=34 entries=34 exits=34 buffer_blocks=0 persistence_blocks=0 delay_bars=0 costs_enabled=True
2025-10-13 14:29:30,400 [INFO] backtest.engine: run_complete symbol=AAPL trades=25 entries=25 exits=25 buffer_blocks=0 persistence_blocks=0 delay_bars=0 costs_enabled=True
2025-10-13 14:29:30,400 [INFO] backtest.engine: run_complete symbol=AAPL trades=27 entries=27 exits=27 buffer_blocks=0 persistence_blocks=0 delay_bars=0 costs_enabled=True
2025-10-13 14:29:30,403 [INFO] backtest.engine: run_complete symbol=AAPL trades=27 entries=27 exits=27 buffer_blocks=0 persistence_blocks=0 delay_bars=0 costs_enabled=True
2025-10-13 14:29:30,406 [INFO] backtest.engine: run_complete symbol=META trades=31 entries=31 exits=31 buffer_blocks=0 persistence_blocks=0 delay_bars=0 costs_enabled=True
2025-10-13 14:29:30,413 [INFO] backtest.engine: run_complete symbol=AAPL trades=28 entries=28 exits=28 buffer_blocks=0 persistence_blocks=0 delay_bars=0 costs_enabled=True
2025-10-13 14:29:30,422 [INFO] backtest.engine: run_complete symbol=MSFT trades=29 entries=29 exits=29 buffer_blocks=0 persistence_blocks=0 delay_bars=0 costs_enabled=True
2025-10-13 14:29:30,440 [INFO] backtest.engine: run_complete symbol=MSFT trades=39 entries=39 exits=39 buffer_blocks=0 persistence_blocks=0 delay_bars=0 costs_enabled=True
2025-10-13 14:29:30,441 [INFO] backtest.engine: run_complete symbol=MSFT trades=33 entries=33 exits=33 buffer_blocks=0 persistence_blocks=0 delay_bars=0 costs_enabled=True
2025-10-13 14:29:30,442 [INFO] backtest.engine: run_complete symbol=MSFT trades=43 entries=43 exits=43 buffer_blocks=0 persistence_blocks=0 delay_bars=0 costs_enabled=True
2025-10-13 14:29:30,445 [INFO] backtest.engine: run_complete symbol=MSFT trades=58 entries=58 exits=58 buffer_blocks=0 persistence_blocks=0 delay_bars=0 costs_enabled=True
2025-10-13 14:29:30,447 [INFO] backtest.engine: run_complete symbol=MSFT trades=41 entries=41 exits=41 buffer_blocks=0 persistence_blocks=0 delay_bars=0 costs_enabled=True
2025-10-13 14:29:30,447 [INFO] backtest.engine: run_complete symbol=AAPL trades=26 entries=26 exits=26 buffer_blocks=0 persistence_blocks=0 delay_bars=0 costs_enabled=True
2025-10-13 14:29:30,457 [INFO] backtest.engine: run_complete symbol=MSFT trades=41 entries=41 exits=41 buffer_blocks=0 persistence_blocks=0 delay_bars=0 costs_enabled=True
2025-10-13 14:29:30,460 [INFO] backtest.engine: run_complete symbol=AMZN trades=19 entries=19 exits=19 buffer_blocks=0 persistence_blocks=0 delay_bars=0 costs_enabled=True
2025-10-13 14:29:30,480 [INFO] backtest.engine: run_complete symbol=AMZN trades=22 entries=22 exits=22 buffer_blocks=0 persistence_blocks=0 delay_bars=0 costs_enabled=True
2025-10-13 14:29:30,480 [INFO] backtest.engine: run_complete symbol=AMZN trades=17 entries=17 exits=17 buffer_blocks=0 persistence_blocks=0 delay_bars=0 costs_enabled=True
2025-10-13 14:29:30,483 [INFO] backtest.engine: run_complete symbol=AMZN trades=34 entries=34 exits=34 buffer_blocks=0 persistence_blocks=0 delay_bars=0 costs_enabled=True
2025-10-13 14:29:30,486 [INFO] backtest.engine: run_complete symbol=AMZN trades=36 entries=36 exits=36 buffer_blocks=0 persistence_blocks=0 delay_bars=0 costs_enabled=True
2025-10-13 14:29:30,487 [INFO] backtest.engine: run_complete symbol=AMZN trades=36 entries=36 exits=36 buffer_blocks=0 persistence_blocks=0 delay_bars=0 costs_enabled=True
2025-10-13 14:29:30,490 [INFO] backtest.engine: run_complete symbol=MSFT trades=36 entries=36 exits=36 buffer_blocks=0 persistence_blocks=0 delay_bars=0 costs_enabled=True
2025-10-13 14:29:30,497 [INFO] backtest.engine: run_complete symbol=AMZN trades=30 entries=30 exits=30 buffer_blocks=0 persistence_blocks=0 delay_bars=0 costs_enabled=True
2025-10-13 14:29:30,502 [INFO] backtest.engine: run_complete symbol=GOOG trades=28 entries=28 exits=28 buffer_blocks=0 persistence_blocks=0 delay_bars=0 costs_enabled=True
2025-10-13 14:29:30,520 [INFO] backtest.engine: run_complete symbol=GOOG trades=26 entries=26 exits=26 buffer_blocks=0 persistence_blocks=0 delay_bars=0 costs_enabled=True
2025-10-13 14:29:30,521 [INFO] backtest.engine: run_complete symbol=GOOG trades=36 entries=37 exits=36 buffer_blocks=0 persistence_blocks=0 delay_bars=0 costs_enabled=True
2025-10-13 14:29:30,525 [INFO] backtest.engine: run_complete symbol=GOOG trades=37 entries=37 exits=37 buffer_blocks=0 persistence_blocks=0 delay_bars=0 costs_enabled=True
2025-10-13 14:29:30,527 [INFO] backtest.engine: run_complete symbol=AMZN trades=19 entries=19 exits=19 buffer_blocks=0 persistence_blocks=0 delay_bars=0 costs_enabled=True
2025-10-13 14:29:30,529 [INFO] backtest.engine: run_complete symbol=GOOG trades=37 entries=37 exits=37 buffer_blocks=0 persistence_blocks=0 delay_bars=0 costs_enabled=True
2025-10-13 14:29:30,530 [INFO] backtest.engine: run_complete symbol=GOOG trades=44 entries=44 exits=44 buffer_blocks=0 persistence_blocks=0 delay_bars=0 costs_enabled=True
2025-10-13 14:29:30,541 [INFO] backtest.engine: run_complete symbol=GOOG trades=34 entries=34 exits=34 buffer_blocks=0 persistence_blocks=0 delay_bars=0 costs_enabled=True
2025-10-13 14:29:30,563 [INFO] backtest.engine: run_complete symbol=META trades=26 entries=26 exits=26 buffer_blocks=0 persistence_blocks=0 delay_bars=0 costs_enabled=True
2025-10-13 14:29:30,582 [INFO] backtest.engine: run_complete symbol=META trades=29 entries=29 exits=29 buffer_blocks=0 persistence_blocks=0 delay_bars=0 costs_enabled=True
2025-10-13 14:29:30,587 [INFO] backtest.engine: run_complete symbol=META trades=38 entries=38 exits=38 buffer_blocks=0 persistence_blocks=0 delay_bars=0 costs_enabled=True
2025-10-13 14:29:30,589 [INFO] backtest.engine: run_complete symbol=AAPL trades=10 entries=10 exits=10 buffer_blocks=0 persistence_blocks=0 delay_bars=0 costs_enabled=True
2025-10-13 14:29:30,592 [INFO] backtest.engine: run_complete symbol=GOOG trades=30 entries=30 exits=30 buffer_blocks=0 persistence_blocks=0 delay_bars=0 costs_enabled=True
2025-10-13 14:29:30,593 [INFO] backtest.engine: run_complete symbol=META trades=33 entries=33 exits=33 buffer_blocks=0 persistence_blocks=0 delay_bars=0 costs_enabled=True
2025-10-13 14:29:30,600 [INFO] backtest.engine: run_complete symbol=META trades=42 entries=42 exits=42 buffer_blocks=0 persistence_blocks=0 delay_bars=0 costs_enabled=True
2025-10-13 14:29:30,601 [INFO] backtest.engine: run_complete symbol=META trades=30 entries=30 exits=30 buffer_blocks=0 persistence_blocks=0 delay_bars=0 costs_enabled=True
2025-10-13 14:29:30,605 [INFO] backtest.engine: run_complete symbol=META trades=32 entries=32 exits=32 buffer_blocks=0 persistence_blocks=0 delay_bars=0 costs_enabled=True
2025-10-13 14:29:30,607 [INFO] backtest.engine: run_complete symbol=AAPL trades=12 entries=12 exits=12 buffer_blocks=0 persistence_blocks=0 delay_bars=0 costs_enabled=True
2025-10-13 14:29:30,611 [INFO] backtest.engine: run_complete symbol=MSFT trades=7 entries=7 exits=7 buffer_blocks=0 persistence_blocks=0 delay_bars=0 costs_enabled=True
2025-10-13 14:29:30,615 [INFO] backtest.engine: run_complete symbol=AAPL trades=14 entries=14 exits=14 buffer_blocks=0 persistence_blocks=0 delay_bars=0 costs_enabled=True
2025-10-13 14:29:30,618 [INFO] backtest.engine: run_complete symbol=AAPL trades=15 entries=15 exits=15 buffer_blocks=0 persistence_blocks=0 delay_bars=0 costs_enabled=True
2025-10-13 14:29:30,626 [INFO] backtest.engine: run_complete symbol=AAPL trades=19 entries=19 exits=19 buffer_blocks=0 persistence_blocks=0 delay_bars=0 costs_enabled=True
2025-10-13 14:29:30,628 [INFO] backtest.engine: run_complete symbol=AAPL trades=16 entries=16 exits=16 buffer_blocks=0 persistence_blocks=0 delay_bars=0 costs_enabled=True
2025-10-13 14:29:30,628 [INFO] backtest.engine: run_complete symbol=MSFT trades=11 entries=11 exits=11 buffer_blocks=0 persistence_blocks=0 delay_bars=0 costs_enabled=True
2025-10-13 14:29:30,632 [INFO] backtest.engine: run_complete symbol=AAPL trades=19 entries=19 exits=19 buffer_blocks=0 persistence_blocks=0 delay_bars=0 costs_enabled=True
2025-10-13 14:29:30,633 [INFO] backtest.engine: run_complete symbol=META trades=32 entries=32 exits=32 buffer_blocks=0 persistence_blocks=0 delay_bars=0 costs_enabled=True
2025-10-13 14:29:30,635 [INFO] backtest.engine: run_complete symbol=AMZN trades=15 entries=15 exits=15 buffer_blocks=0 persistence_blocks=0 delay_bars=0 costs_enabled=True
2025-10-13 14:29:30,636 [INFO] backtest.engine: run_complete symbol=MSFT trades=10 entries=10 exits=10 buffer_blocks=0 persistence_blocks=0 delay_bars=0 costs_enabled=True
2025-10-13 14:29:30,639 [INFO] backtest.engine: run_complete symbol=MSFT trades=12 entries=12 exits=12 buffer_blocks=0 persistence_blocks=0 delay_bars=0 costs_enabled=True
2025-10-13 14:29:30,649 [INFO] backtest.engine: run_complete symbol=MSFT trades=15 entries=15 exits=15 buffer_blocks=0 persistence_blocks=0 delay_bars=0 costs_enabled=True
2025-10-13 14:29:30,649 [INFO] backtest.engine: run_complete symbol=MSFT trades=13 entries=13 exits=13 buffer_blocks=0 persistence_blocks=0 delay_bars=0 costs_enabled=True
2025-10-13 14:29:30,650 [INFO] backtest.engine: run_complete symbol=AMZN trades=13 entries=13 exits=13 buffer_blocks=0 persistence_blocks=0 delay_bars=0 costs_enabled=True
2025-10-13 14:29:30,655 [INFO] backtest.engine: run_complete symbol=MSFT trades=14 entries=14 exits=14 buffer_blocks=0 persistence_blocks=0 delay_bars=0 costs_enabled=True
2025-10-13 14:29:30,658 [INFO] backtest.engine: run_complete symbol=AMZN trades=15 entries=15 exits=15 buffer_blocks=0 persistence_blocks=0 delay_bars=0 costs_enabled=True
2025-10-13 14:29:30,659 [INFO] backtest.engine: run_complete symbol=GOOG trades=15 entries=15 exits=15 buffer_blocks=0 persistence_blocks=0 delay_bars=0 costs_enabled=True
2025-10-13 14:29:30,660 [INFO] backtest.engine: run_complete symbol=AAPL trades=13 entries=13 exits=13 buffer_blocks=0 persistence_blocks=0 delay_bars=0 costs_enabled=True
2025-10-13 14:29:30,661 [INFO] backtest.engine: run_complete symbol=AMZN trades=16 entries=16 exits=16 buffer_blocks=0 persistence_blocks=0 delay_bars=0 costs_enabled=True
2025-10-13 14:29:30,672 [INFO] backtest.engine: run_complete symbol=AMZN trades=18 entries=18 exits=18 buffer_blocks=0 persistence_blocks=0 delay_bars=0 costs_enabled=True
2025-10-13 14:29:30,672 [INFO] backtest.engine: run_complete symbol=AMZN trades=16 entries=16 exits=16 buffer_blocks=0 persistence_blocks=0 delay_bars=0 costs_enabled=True
2025-10-13 14:29:30,673 [INFO] backtest.engine: run_complete symbol=GOOG trades=13 entries=13 exits=13 buffer_blocks=0 persistence_blocks=0 delay_bars=0 costs_enabled=True
2025-10-13 14:29:30,678 [INFO] backtest.engine: run_complete symbol=AMZN trades=15 entries=15 exits=15 buffer_blocks=0 persistence_blocks=0 delay_bars=0 costs_enabled=True
2025-10-13 14:29:30,681 [INFO] backtest.engine: run_complete symbol=META trades=16 entries=16 exits=16 buffer_blocks=0 persistence_blocks=0 delay_bars=0 costs_enabled=True
2025-10-13 14:29:30,681 [INFO] backtest.engine: run_complete symbol=MSFT trades=9 entries=9 exits=9 buffer_blocks=0 persistence_blocks=0 delay_bars=0 costs_enabled=True
2025-10-13 14:29:30,682 [INFO] backtest.engine: run_complete symbol=GOOG trades=18 entries=18 exits=18 buffer_blocks=0 persistence_blocks=0 delay_bars=0 costs_enabled=True
2025-10-13 14:29:30,685 [INFO] backtest.engine: run_complete symbol=GOOG trades=19 entries=19 exits=19 buffer_blocks=0 persistence_blocks=0 delay_bars=0 costs_enabled=True
2025-10-13 14:29:30,694 [INFO] backtest.engine: run_complete symbol=GOOG trades=17 entries=17 exits=17 buffer_blocks=0 persistence_blocks=0 delay_bars=0 costs_enabled=True
2025-10-13 14:29:30,696 [INFO] backtest.engine: run_complete symbol=GOOG trades=25 entries=25 exits=25 buffer_blocks=0 persistence_blocks=0 delay_bars=0 costs_enabled=True
2025-10-13 14:29:30,697 [INFO] backtest.engine: run_complete symbol=META trades=17 entries=17 exits=17 buffer_blocks=0 persistence_blocks=0 delay_bars=0 costs_enabled=True
2025-10-13 14:29:30,701 [INFO] backtest.engine: run_complete symbol=GOOG trades=15 entries=15 exits=15 buffer_blocks=0 persistence_blocks=0 delay_bars=0 costs_enabled=True
2025-10-13 14:29:30,703 [INFO] backtest.engine: run_complete symbol=AMZN trades=15 entries=15 exits=15 buffer_blocks=0 persistence_blocks=0 delay_bars=0 costs_enabled=True
2025-10-13 14:29:30,706 [INFO] backtest.engine: run_complete symbol=META trades=20 entries=20 exits=20 buffer_blocks=0 persistence_blocks=0 delay_bars=0 costs_enabled=True
2025-10-13 14:29:30,709 [INFO] backtest.engine: run_complete symbol=META trades=18 entries=18 exits=18 buffer_blocks=0 persistence_blocks=0 delay_bars=0 costs_enabled=True
2025-10-13 14:29:30,718 [INFO] backtest.engine: run_complete symbol=META trades=19 entries=19 exits=19 buffer_blocks=0 persistence_blocks=0 delay_bars=0 costs_enabled=True
2025-10-13 14:29:30,720 [INFO] backtest.engine: run_complete symbol=META trades=24 entries=24 exits=24 buffer_blocks=0 persistence_blocks=0 delay_bars=0 costs_enabled=True
2025-10-13 14:29:30,723 [INFO] backtest.engine: run_complete symbol=AAPL trades=28 entries=28 exits=28 buffer_blocks=0 persistence_blocks=0 delay_bars=0 costs_enabled=True
2025-10-13 14:29:30,724 [INFO] backtest.engine: run_complete symbol=META trades=19 entries=19 exits=19 buffer_blocks=0 persistence_blocks=0 delay_bars=0 costs_enabled=True
2025-10-13 14:29:30,727 [INFO] backtest.engine: run_complete symbol=GOOG trades=20 entries=20 exits=20 buffer_blocks=0 persistence_blocks=0 delay_bars=0 costs_enabled=True
2025-10-13 14:29:30,738 [INFO] backtest.engine: run_complete symbol=AAPL trades=29 entries=29 exits=29 buffer_blocks=0 persistence_blocks=0 delay_bars=0 costs_enabled=True
2025-10-13 14:29:30,747 [INFO] backtest.engine: run_complete symbol=AAPL trades=30 entries=30 exits=30 buffer_blocks=0 persistence_blocks=0 delay_bars=0 costs_enabled=True
2025-10-13 14:29:30,748 [INFO] backtest.engine: run_complete symbol=AAPL trades=23 entries=23 exits=23 buffer_blocks=0 persistence_blocks=0 delay_bars=0 costs_enabled=True
2025-10-13 14:29:30,750 [INFO] backtest.engine: run_complete symbol=META trades=18 entries=18 exits=18 buffer_blocks=0 persistence_blocks=0 delay_bars=0 costs_enabled=True
2025-10-13 14:29:30,765 [INFO] backtest.engine: run_complete symbol=MSFT trades=42 entries=42 exits=42 buffer_blocks=0 persistence_blocks=0 delay_bars=0 costs_enabled=True
2025-10-13 14:29:30,781 [INFO] backtest.engine: run_complete symbol=MSFT trades=44 entries=44 exits=44 buffer_blocks=0 persistence_blocks=0 delay_bars=0 costs_enabled=True
2025-10-13 14:29:30,789 [INFO] backtest.engine: run_complete symbol=MSFT trades=34 entries=34 exits=34 buffer_blocks=0 persistence_blocks=0 delay_bars=0 costs_enabled=True
2025-10-13 14:29:30,792 [INFO] backtest.engine: run_complete symbol=MSFT trades=51 entries=51 exits=51 buffer_blocks=0 persistence_blocks=0 delay_bars=0 costs_enabled=True
2025-10-13 14:29:30,806 [INFO] backtest.engine: run_complete symbol=AMZN trades=35 entries=35 exits=35 buffer_blocks=0 persistence_blocks=0 delay_bars=0 costs_enabled=True
2025-10-13 14:29:30,822 [INFO] backtest.engine: run_complete symbol=AMZN trades=39 entries=39 exits=39 buffer_blocks=0 persistence_blocks=0 delay_bars=0 costs_enabled=True
2025-10-13 14:29:30,826 [INFO] backtest.engine: run_complete symbol=AMZN trades=20 entries=20 exits=20 buffer_blocks=0 persistence_blocks=0 delay_bars=0 costs_enabled=True
2025-10-13 14:29:30,832 [INFO] backtest.engine: run_complete symbol=AMZN trades=29 entries=30 exits=29 buffer_blocks=0 persistence_blocks=0 delay_bars=0 costs_enabled=True
2025-10-13 14:29:30,848 [INFO] backtest.engine: run_complete symbol=GOOG trades=38 entries=38 exits=38 buffer_blocks=0 persistence_blocks=0 delay_bars=0 costs_enabled=True
2025-10-13 14:29:30,863 [INFO] backtest.engine: run_complete symbol=GOOG trades=37 entries=37 exits=37 buffer_blocks=0 persistence_blocks=0 delay_bars=0 costs_enabled=True
2025-10-13 14:29:30,866 [INFO] backtest.engine: run_complete symbol=GOOG trades=33 entries=33 exits=33 buffer_blocks=0 persistence_blocks=0 delay_bars=0 costs_enabled=True
2025-10-13 14:29:30,874 [INFO] backtest.engine: run_complete symbol=GOOG trades=41 entries=41 exits=41 buffer_blocks=0 persistence_blocks=0 delay_bars=0 costs_enabled=True
2025-10-13 14:29:30,887 [INFO] backtest.engine: run_complete symbol=META trades=31 entries=31 exits=31 buffer_blocks=0 persistence_blocks=0 delay_bars=0 costs_enabled=True
2025-10-13 14:29:30,903 [INFO] backtest.engine: run_complete symbol=META trades=33 entries=33 exits=33 buffer_blocks=0 persistence_blocks=0 delay_bars=0 costs_enabled=True
2025-10-13 14:29:30,905 [INFO] backtest.engine: run_complete symbol=META trades=31 entries=31 exits=31 buffer_blocks=0 persistence_blocks=0 delay_bars=0 costs_enabled=True
2025-10-13 14:29:30,914 [INFO] backtest.engine: run_complete symbol=AAPL trades=17 entries=17 exits=17 buffer_blocks=0 persistence_blocks=0 delay_bars=0 costs_enabled=True
2025-10-13 14:29:30,916 [INFO] backtest.engine: run_complete symbol=META trades=44 entries=44 exits=44 buffer_blocks=0 persistence_blocks=0 delay_bars=0 costs_enabled=True
2025-10-13 14:29:30,928 [INFO] backtest.engine: run_complete symbol=AAPL trades=15 entries=15 exits=15 buffer_blocks=0 persistence_blocks=0 delay_bars=0 costs_enabled=True
2025-10-13 14:29:30,931 [INFO] backtest.engine: run_complete symbol=AAPL trades=16 entries=16 exits=16 buffer_blocks=0 persistence_blocks=0 delay_bars=0 costs_enabled=True
2025-10-13 14:29:30,937 [INFO] backtest.engine: run_complete symbol=MSFT trades=14 entries=14 exits=14 buffer_blocks=0 persistence_blocks=0 delay_bars=0 costs_enabled=True
2025-10-13 14:29:30,942 [INFO] backtest.engine: run_complete symbol=AAPL trades=18 entries=18 exits=18 buffer_blocks=0 persistence_blocks=0 delay_bars=0 costs_enabled=True
2025-10-13 14:29:30,951 [INFO] backtest.engine: run_complete symbol=MSFT trades=13 entries=13 exits=13 buffer_blocks=0 persistence_blocks=0 delay_bars=0 costs_enabled=True
2025-10-13 14:29:30,952 [INFO] backtest.engine: run_complete symbol=MSFT trades=10 entries=10 exits=10 buffer_blocks=0 persistence_blocks=0 delay_bars=0 costs_enabled=True
2025-10-13 14:29:30,960 [INFO] backtest.engine: run_complete symbol=AMZN trades=17 entries=17 exits=17 buffer_blocks=0 persistence_blocks=0 delay_bars=0 costs_enabled=True
2025-10-13 14:29:30,963 [INFO] backtest.engine: run_complete symbol=MSFT trades=11 entries=11 exits=11 buffer_blocks=0 persistence_blocks=0 delay_bars=0 costs_enabled=True
2025-10-13 14:29:30,973 [INFO] backtest.engine: run_complete symbol=AMZN trades=18 entries=18 exits=18 buffer_blocks=0 persistence_blocks=0 delay_bars=0 costs_enabled=True
2025-10-13 14:29:30,974 [INFO] backtest.engine: run_complete symbol=AMZN trades=14 entries=14 exits=14 buffer_blocks=0 persistence_blocks=0 delay_bars=0 costs_enabled=True
2025-10-13 14:29:30,982 [INFO] backtest.engine: run_complete symbol=GOOG trades=18 entries=18 exits=18 buffer_blocks=0 persistence_blocks=0 delay_bars=0 costs_enabled=True
2025-10-13 14:29:30,986 [INFO] backtest.engine: run_complete symbol=AMZN trades=22 entries=22 exits=22 buffer_blocks=0 persistence_blocks=0 delay_bars=0 costs_enabled=True
2025-10-13 14:29:30,995 [INFO] backtest.engine: run_complete symbol=GOOG trades=17 entries=17 exits=17 buffer_blocks=0 persistence_blocks=0 delay_bars=0 costs_enabled=True
2025-10-13 14:29:30,996 [INFO] backtest.engine: run_complete symbol=GOOG trades=16 entries=16 exits=16 buffer_blocks=0 persistence_blocks=0 delay_bars=0 costs_enabled=True
2025-10-13 14:29:31,005 [INFO] backtest.engine: run_complete symbol=META trades=19 entries=19 exits=19 buffer_blocks=0 persistence_blocks=0 delay_bars=0 costs_enabled=True
2025-10-13 14:29:31,010 [INFO] backtest.engine: run_complete symbol=GOOG trades=24 entries=24 exits=24 buffer_blocks=0 persistence_blocks=0 delay_bars=0 costs_enabled=True
2025-10-13 14:29:31,018 [INFO] backtest.engine: run_complete symbol=META trades=21 entries=21 exits=21 buffer_blocks=0 persistence_blocks=0 delay_bars=0 costs_enabled=True
2025-10-13 14:29:31,018 [INFO] backtest.engine: run_complete symbol=META trades=17 entries=17 exits=17 buffer_blocks=0 persistence_blocks=0 delay_bars=0 costs_enabled=True
2025-10-13 14:29:31,034 [INFO] backtest.engine: run_complete symbol=META trades=25 entries=25 exits=25 buffer_blocks=0 persistence_blocks=0 delay_bars=0 costs_enabled=True
